id,token,direction,entry_price,exit_price,pnl_usdt,pnl_pct,amount_usdt,leverage,exit_reason,strategy,status,paper,open_time,close_time
14063,BTC,LONG,74987.00000000,78283.00000000,0.46,21.9771,11.00,5,atr_sl_hit,Hermes-hl_copy_trader,closed,f,2026-08-21 04:32:24.13806,2026-08-21 09:02:16.578059
14064,BSV,LONG,16.09700000,16.53500000,0.28,8.1648,11.00,3,atr_sl_hit,Hermes-r2-trend-long3,closed,f,2026-08-21 04:50:29.754909,2026-08-21 06:24:14.031466
14065,HYPE,SHORT,72.51600000,73.28000000,-0.11,-1.0970,11.00,5,atr_sl_hit,Hermes-hl_copy_trader,closed,f,2026-08-21 05:01:37.203799,2026-08-21 06:09:13.231817
14066,ETH,LONG,2358.50000000,2395.50000000,0.16,7.8440,11.00,5,atr_sl_hit,Hermes-hl_copy_trader,closed,f,2026-08-21 05:23:18.334319,2026-08-21 09:03:15.724221
14067,SOL,LONG,90.83200000,89.85600000,-0.12,-1.0530,11.00,5,atr_sl_hit,Hermes-hl_copy_trader,closed,f,2026-08-21 06:17:17.029664,2026-08-21 06:46:12.361954
14068,HYPE,LONG,72.84100000,75.14700000,0.33,32.4886,11.00,5,atr_sl_hit,Hermes-hl_copy_trader,closed,f,2026-08-21 06:48:25.97716,2026-08-21 08:53:12.235679
14069,SOL,LONG,90.38400000,91.26500000,0.11,4.8737,11.00,5,atr_sl_hit,Hermes-hl_copy_trader,closed,f,2026-08-21 07:27:16.666797,2026-08-21 09:03:12.488091
14070,NOT,LONG,0.00043100,0.00042300,-0.19,-5.5684,11.00,3,atr_sl_hit,Hermes-ct-hot+,closed,f,2026-08-21 09:02:14.689757,2026-08-21 09:07:13.190558
14071,HYPE,LONG,74.05300000,74.39600000,0.05,2.3159,11.00,5,atr_sl_hit,Hermes-hl_copy_trader,closed,f,2026-08-21 09:24:33.948486,2026-08-21 10:31:33.324972
14072,ENS,LONG,5.03080000,5.15375161,0.50,12.2199,11.00,5,atr_sl_hit,Hermes-ct-hot+,closed,f,2026-08-21 09:30:17.324375,2026-08-21 10:27:12.43187
14073,BTC,LONG,77889.50000000,76954.00000000,-0.24,-6.0053,11.00,5,atr_sl_hit,Hermes-hl_copy_trader,closed,f,2026-08-21 09:33:33.726587,2026-08-21 11:33:17.738179
14074,SOL,LONG,91.52100000,90.71000000,-0.10,-4.4307,11.00,5,atr_sl_hit,Hermes-hl_copy_trader,closed,f,2026-08-21 09:34:16.670862,2026-08-21 11:33:14.814834
14075,ZRO,LONG,0.93607000,0.97681000,0.43,42.1550,16.50,5,atr_sl_hit,Hermes-ct-hot+,closed,f,2026-08-21 10:28:15.49404,2026-08-21 11:13:14.019165
14076,HYPE,LONG,74.48200000,74.59700000,0.02,0.7720,11.00,5,atr_sl_hit,Hermes-hl_copy_trader,closed,f,2026-08-21 10:32:16.37975,2026-08-21 11:21:13.035053
14077,NXPC,LONG,0.21851000,0.22057000,0.10,2.8282,11.00,3,atr_sl_hit,Hermes-ct-hot+,closed,f,2026-08-21 11:17:16.859018,2026-08-21 13:18:13.500639
14078,ETH,LONG,2386.70000000,2362.80000000,-0.10,-5.0069,11.00,5,atr_sl_hit,Hermes-hl_copy_trader,closed,f,2026-08-21 11:22:23.999048,2026-08-21 11:35:06.859992
14079,CASHCAT,LONG,0.14352000,0.14616000,0.18,17.2101,11.00,3,atr_tp_hit,Hermes-ct-hot+,closed,f,2026-08-21 11:43:15.038676,2026-08-21 11:44:13.462034
14080,HYPE,LONG,74.14400000,76.25800000,0.31,29.8136,11.00,5,atr_sl_hit,Hermes-hl_copy_trader,closed,f,2026-08-21 12:11:18.645417,2026-08-21 13:32:15.262799
14081,BTC,LONG,76908.00000000,77012.00000000,0.01,0.6761,11.00,5,atr_sl_hit,Hermes-hl_copy_trader,closed,f,2026-08-21 12:18:32.242812,2026-08-21 14:24:13.21759
14082,ETH,LONG,2376.60000000,2377.90000000,0.01,0.2735,11.00,5,atr_sl_hit,Hermes-hl_copy_trader,closed,f,2026-08-21 12:24:32.55988,2026-08-21 14:03:13.263656
14083,SOL,LONG,90.58500000,91.21000000,0.08,3.4498,11.00,5,atr_sl_hit,Hermes-hl_copy_trader,closed,f,2026-08-21 13:21:17.732833,2026-08-21 16:07:13.964421
14084,MET,LONG,0.22002000,0.22053000,0.02,0.6954,11.00,3,atr_sl_hit,Hermes-ct-hot+,closed,f,2026-08-21 13:33:17.370001,2026-08-21 13:59:12.651747
14085,HYPE,LONG,76.97500000,75.96700000,-0.14,-6.5476,11.00,5,atr_sl_hit,Hermes-hl_copy_trader,closed,f,2026-08-21 14:00:16.188543,2026-08-21 14:04:18.978462
14086,CASHCAT,LONG,0.13976000,0.13776000,-0.14,-13.3801,11.00,3,atr_sl_hit,Hermes-ct-hot+,closed,f,2026-08-21 14:04:16.705202,2026-08-21 14:13:12.519577
14087,ZRO,LONG,1.02110000,1.01080000,-0.10,-5.0436,16.50,5,atr_sl_hit,Hermes-ct-hot+,closed,f,2026-08-21 14:12:15.594318,2026-08-21 14:21:15.143755
14088,ETH,LONG,2382.20000000,2402.10000000,0.09,4.1768,11.00,5,atr_sl_hit,Hermes-hl_copy_trader,closed,f,2026-08-21 14:26:15.836582,2026-08-21 18:46:18.213209
14089,BSV,LONG,17.78200000,17.55600000,-0.13,-3.8128,11.00,3,atr_sl_hit,Hermes-ct-hot+,closed,f,2026-08-21 14:37:17.12185,2026-08-21 14:40:16.967119
14090,HYPE,LONG,77.04300000,76.16500000,-0.12,-10.6759,11.00,5,atr_sl_hit,Hermes-hl_copy_trader,closed,f,2026-08-21 14:46:18.853251,2026-08-21 16:08:17.475094
14091,ONDO,LONG,0.38797000,0.39342000,0.15,7.0237,11.00,5,atr_sl_hit,Hermes-ct-hot+,closed,f,2026-08-21 14:52:18.056656,2026-08-21 15:25:13.099
14092,LTC,LONG,51.95200000,51.37500000,-0.12,-11.2604,11.00,5,atr_sl_hit,Hermes-ct-hot+,closed,f,2026-08-21 15:26:15.327406,2026-08-21 16:08:14.576917
14093,BSV,LONG,18.06200000,17.86800000,-0.11,-3.2222,11.00,3,atr_sl_hit,Hermes-ct-hot+,closed,f,2026-08-21 16:12:16.862942,2026-08-21 16:27:17.376706
14094,ONDO,LONG,0.40604000,0.40199000,-0.10,-4.9872,11.00,5,atr_sl_hit,Hermes-ct-hot+,closed,f,2026-08-21 16:12:26.903955,2026-08-21 16:14:15.124396
14095,BTC,LONG,76972.00000000,77798.00000000,0.12,10.7377,11.00,5,atr_sl_hit,Hermes-hl_copy_trader,closed,f,2026-08-21 16:13:18.748007,2026-08-22 00:46:12.567319
14096,MERL,LONG,0.02249800,0.02222900,-0.12,-3.5870,11.00,3,atr_sl_hit,Hermes-ct-hot+,closed,f,2026-08-21 16:15:18.399307,2026-08-21 16:28:15.215915
14097,PURR,LONG,0.09903100,0.09792000,-0.11,-3.3656,11.00,3,atr_sl_hit,Hermes-ct-hot+,closed,f,2026-08-21 16:45:17.112977,2026-08-21 17:14:16.914768
14098,HYPE,LONG,76.55700000,75.73300000,-0.12,-5.3816,11.00,5,atr_sl_hit,Hermes-hl_copy_trader,closed,f,2026-08-21 16:49:28.050818,2026-08-21 17:14:13.994465
14099,HYPE,LONG,75.20800000,74.39300000,-0.11,-10.8566,11.00,5,atr_sl_hit,Hermes-hl_copy_trader,closed,f,2026-08-21 18:16:28.833385,2026-08-21 18:46:15.326153
14100,SOL,LONG,92.01100000,91.11500000,-0.10,-4.8690,11.00,5,atr_sl_hit,Hermes-hl_copy_trader,closed,f,2026-08-21 18:40:17.611342,2026-08-21 19:05:16.422615
14101,ETH,LONG,2401.40000000,2512.20000000,0.49,47.5348,11.00,5,atr_sl_hit,Hermes-hl_copy_trader,closed,f,2026-08-21 18:47:17.93247,2026-08-21 23:51:12.988207
14102,HYPE,LONG,74.85000000,76.07600000,0.18,16.8938,11.00,5,atr_sl_hit,Hermes-hl_copy_trader,closed,f,2026-08-21 19:47:47.458596,2026-08-21 21:47:12.174381
14103,SOL,LONG,91.81400000,93.82900000,0.24,21.8104,11.00,5,atr_sl_hit,Hermes-hl_copy_trader,closed,f,2026-08-21 21:09:14.915034,2026-08-21 23:40:12.520253
14104,HYPE,LONG,77.05400000,75.52900000,-0.21,-9.8957,11.00,5,atr_sl_hit,Hermes-hl_copy_trader,closed,f,2026-08-21 21:59:26.955939,2026-08-21 22:34:11.483039
14105,HYPE,SHORT,76.37800000,77.35300000,-0.13,-12.5822,11.00,5,atr_sl_hit,Hermes-hl_copy_trader,closed,f,2026-08-21 23:25:32.224948,2026-08-22 02:09:14.072531
14106,ETH,LONG,2505.50000000,2438.90000000,-0.27,-13.2910,11.00,5,guardian_hard_sl,Hermes-hl_copy_trader,closed,f,2026-08-22 00:16:17.117686,2026-08-22 05:10:30.874452
14107,SOL,LONG,93.61100000,96.35900000,0.30,14.6778,11.00,5,atr_sl_hit,Hermes-hl_copy_trader,closed,f,2026-08-22 00:41:15.138237,2026-08-22 04:04:14.950055
14108,BCH,LONG,293.57000000,293.79000000,0.01,0.3747,11.00,5,atr_sl_hit,Hermes-ct-hot+,closed,f,2026-08-22 00:51:16.549936,2026-08-22 01:37:13.115801
14109,ETC,LONG,8.93970000,8.79410000,-0.16,-8.1435,11.00,5,atr_sl_hit,Hermes-ct-hot+,closed,f,2026-08-22 01:44:16.346697,2026-08-22 01:49:13.250865
14110,HYPE,LONG,79.08600000,81.00300000,0.25,12.1197,11.00,5,atr_sl_hit,Hermes-hl_copy_trader,closed,f,2026-08-22 02:31:33.432328,2026-08-22 04:06:13.675893
14111,AIXBT,LONG,0.02248800,0.02277300,0.13,3.8020,11.00,3,guardian_hard_sl,Hermes-ct-hot+,closed,f,2026-08-22 02:54:16.533048,2026-08-22 05:09:09.798695
14112,POL,LONG,0.10268000,0.11021000,0.75,36.6689,11.00,5,atr_sl_hit,Hermes-ct-hot+,closed,f,2026-08-22 03:37:16.175983,2026-08-22 05:06:13.884619
14113,DASH,LONG,46.70800000,46.57200000,-0.03,-1.4559,11.00,5,atr_sl_hit,Hermes-ct-hot+,closed,f,2026-08-22 03:37:26.287207,2026-08-22 03:45:12.470066
14114,MET,LONG,0.23709000,0.23415000,-0.13,-3.7201,11.00,3,atr_sl_hit,Hermes-ct-hot+,closed,f,2026-08-22 03:46:13.996847,2026-08-22 04:17:11.943288
14115,COMP,LONG,20.59600000,20.05200000,-0.27,-13.2065,11.00,5,guardian_hard_sl,Hermes-ct-hot+,closed,f,2026-08-22 04:05:17.190069,2026-08-22 05:10:40.311955
14116,STX,LONG,0.20854000,0.20971000,0.06,2.8052,11.00,5,atr_sl_hit,Hermes-ct-hot+,closed,f,2026-08-22 04:07:14.808883,2026-08-22 04:20:14.440099
14117,SOL,LONG,96.96700000,100.22000000,0.36,16.7735,11.00,5,guardian_hard_sl,Hermes-hl_copy_trader,closed,f,2026-08-22 04:18:15.052506,2026-08-22 04:46:03.76923
14118,HYPE,LONG,81.01600000,81.02800000,0.00,0.0741,11.00,5,atr_sl_hit,Hermes-hl_copy_trader,closed,f,2026-08-22 04:21:36.954969,2026-08-22 04:51:12.303461
14119,WLFI,LONG,0.06839900,0.06843600,0.01,0.2705,11.00,5,atr_sl_hit,Hermes-ct-hot+,closed,f,2026-08-22 04:46:14.223473,2026-08-22 04:53:13.315574
14120,PUMP,LONG,0.00441000,0.00434700,-0.14,-7.1407,11.00,5,atr_sl_hit,Hermes-ct-hot+,closed,f,2026-08-22 04:52:14.79675,2026-08-22 05:03:13.269497
14121,ADA,LONG,0.25537000,0.24935000,-0.24,-11.7868,11.00,5,atr_sl_hit,Hermes-ct-hot+,closed,f,2026-08-22 04:54:15.0196,2026-08-22 05:08:13.699151
14122,CRV,LONG,0.34663000,0.33356000,-0.38,-18.8508,11.00,5,atr_sl_hit,Hermes-ct-hot+,closed,f,2026-08-22 05:04:15.039582,2026-08-22 05:09:25.120548
14123,DYDX,LONG,0.13294000,0.12966000,-0.25,-12.3365,11.00,5,guardian_hard_sl,Hermes-ct-hot+,closed,f,2026-08-22 05:07:15.541701,2026-08-22 05:09:19.981125
14124,WLFI,LONG,0.06844300,0.06274600,-0.84,-41.6207,11.00,5,atr_sl_hit,Hermes-ct-hot+,closed,f,2026-08-22 05:09:17.915809,2026-08-22 05:10:30.528544
14125,BIGTIME,LONG,0.00657500,0.00618200,-0.61,-17.9310,11.00,3,atr_sl_hit,Hermes-ct-hot+,closed,f,2026-08-22 05:09:22.507483,2026-08-22 05:10:20.584764
14126,MET,LONG,0.22983000,0.21324000,-0.73,-21.6564,11.00,3,atr_sl_hit,Hermes-ct-hot+,closed,f,2026-08-22 05:10:18.261881,2026-08-22 05:11:18.150497
14127,BTC,LONG,77369.50000000,77391.50000000,0.00,0.1420,11.00,5,HL_CLOSED,Hermes-hl_copy_trader,closed,f,2026-08-22 06:02:23.50244,2026-08-22 06:06:33.293098
14128,HYPE,LONG,79.35000000,79.48800000,0.04,0.8696,11.00,5,atr_sl_hit,Hermes-hl_copy_trader,closed,f,2026-08-22 06:02:48.422833,2026-08-22 07:13:28.826758
14129,LDO,LONG,0.36699000,0.36764000,0.02,0.8856,16.50,5,atr_sl_hit,Hermes-hl_copy_trader,closed,f,2026-08-22 06:06:12.335237,2026-08-22 06:34:14.356256
14130,ETC,LONG,8.16250000,8.19930000,0.05,2.2542,11.00,5,atr_sl_hit,Hermes-hl_copy_trader,closed,f,2026-08-22 06:06:22.488266,2026-08-22 06:35:30.996278
14131,SOL,LONG,93.54000000,94.13400000,0.07,3.1751,11.00,5,atr_sl_hit,Hermes-hl_copy_trader,closed,f,2026-08-22 06:06:32.394078,2026-08-22 08:05:19.478144
14132,BTC,LONG,77331.00000000,76402.00000000,-0.39,-6.0066,11.00,5,cut-loser-MAE-GUARD,Hermes-hl_copy_trader,closed,f,2026-08-22 06:07:22.630925,2026-08-23 05:08:37.016821
14133,ETH,LONG,2428.90000000,2413.40000000,-0.04,-3.1907,16.50,5,cut-loser-MAE-GUARD,Hermes-hl_copy_trader,closed,f,2026-08-22 06:13:34.693877,2026-08-22 10:04:59.911183
14134,INJ,LONG,4.88760000,4.92340000,0.07,3.6623,11.00,5,atr_sl_hit,Hermes-hl_copy_trader,closed,f,2026-08-22 06:35:12.495514,2026-08-22 08:05:16.571181
14135,WLFI,LONG,0.06084800,0.06080000,-0.01,-0.3944,11.10,5,atr_sl_hit,Hermes-hl_copy_trader,closed,f,2026-08-22 07:13:10.474848,2026-08-22 07:40:45.324008
14136,HYPE,LONG,79.68300000,78.84700000,-0.12,-5.2458,11.10,5,cut-loser-MAE-GUARD,Hermes-hl_copy_trader,closed,f,2026-08-22 07:16:05.666912,2026-08-22 08:00:13.694155
14137,DASH,LONG,41.07700000,41.18800000,0.03,1.3511,11.10,5,atr_sl_hit,Hermes-hl_copy_trader,closed,f,2026-08-22 07:41:38.50734,2026-08-22 08:21:16.644662
14138,POL,LONG,0.11337000,0.11255000,-0.08,-3.6165,11.10,5,cut-loser-MAE-GUARD,Hermes-ct-hot+,closed,f,2026-08-22 08:01:20.522293,2026-08-22 08:25:22.513144
14139,PUMP,LONG,0.00463500,0.00447600,-0.38,-0.6861,11.10,5,hard_sl,Hermes-ct-hot+,closed,f,2026-08-22 08:23:18.979699,2026-08-22 08:25:13.527674
14140,BLUR,LONG,0.01694900,0.01676100,-0.12,-3.3276,11.10,3,atr_sl_hit,Hermes-ct-hot+,closed,f,2026-08-22 08:24:19.259353,2026-08-22 08:32:17.535074
14141,POL,LONG,0.11868000,0.11717000,-0.14,-6.3616,11.10,5,cut-loser-MAE-GUARD,Hermes-ct-hot+,closed,f,2026-08-22 08:57:22.500853,2026-08-22 09:04:36.729985
14142,HYPE,LONG,77.34700000,78.58700000,0.19,8.0158,11.10,5,atr_sl_hit,Hermes-hl_copy_trader,closed,f,2026-08-22 15:17:34.874354,2026-08-22 18:52:14.821943
14144,PUMP,LONG,0.00482700,0.00488800,0.42,6.3186,16.60,5,atr_sl_hit,Hermes-hl_copy_trader,closed,f,2026-08-22 19:51:02.103507,2026-08-22 20:19:44.765799
14145,ADA,LONG,0.23187000,0.23071000,-0.04,-2.5014,11.10,5,cut-loser-MAE-GUARD,Hermes-hl_copy_trader,closed,f,2026-08-22 19:52:33.87886,2026-08-22 20:35:07.912563
14147,DOGE,LONG,0.09379600,0.09403400,0.04,1.2687,11.10,5,PHANTOM_CLOSE,Hermes-hl_copy_trader,closed,f,2026-08-22 19:57:06.248798,2026-08-22 20:22:16.735561
14149,PUMP,LONG,0.00497700,0.00489400,-0.19,-1.6677,11.10,5,hard_sl,Hermes-hl_copy_trader,closed,f,2026-08-22 21:01:19.99961,2026-08-22 21:02:43.387389
14150,HYPE,LONG,78.85300000,78.56700000,-0.06,-1.8135,16.60,5,cut-loser-MAE-GUARD,Hermes-hl_copy_trader,closed,f,2026-08-22 21:01:59.823977,2026-08-22 23:35:10.893299
14151,ENA,LONG,0.15661000,0.15562000,-0.07,-3.1607,11.10,5,cut-loser-MAE-GUARD,Hermes-hl_copy_trader,closed,f,2026-08-22 21:02:21.247917,2026-08-22 21:11:07.762463
14152,DASH,LONG,41.86400000,41.21300000,-0.18,-7.7752,11.10,5,atr_sl_hit,Hermes-hl_copy_trader,closed,f,2026-08-22 21:03:55.149406,2026-08-22 21:11:54.571248
14153,CASHCAT,LONG,0.12207000,0.12338000,0.10,3.2195,11.10,3,cut-loser-MAE-GUARD,Hermes-hl_copy_trader,rs-s37,rs-s43,rs-s44,rs-s48,closed,f,2026-08-22 21:04:16.051153,2026-08-22 21:06:04.72896
14154,WLFI,LONG,0.05937100,0.05878400,-0.14,-4.9435,13.85,5,cut-loser-MAE-GUARD,Hermes-hl_copy_trader,closed,f,2026-08-22 21:10:09.337744,2026-08-22 21:48:20.093155
14155,ETH,LONG,2423.00000000,2394.60000000,-0.02,-5.8605,16.60,5,cut-loser-MAE-GUARD,Hermes-hl_copy_trader,closed,f,2026-08-22 21:10:19.26799,2026-08-23 04:46:31.509477
14156,CASHCAT,LONG,0.12214000,0.12071000,-0.07,-3.5124,11.10,3,atr_sl_hit,Hermes-hl_copy_trader,closed,f,2026-08-22 21:11:51.990017,2026-08-22 21:17:18.334025
14157,SOL,LONG,93.19620000,95.90900000,0.41,14.5542,13.85,5,atr_sl_hit,Hermes-hl_copy_trader,closed,f,2026-08-22 21:42:21.326804,2026-08-23 01:04:11.109619
14158,PUMP,LONG,0.00485100,0.00481705,-0.04,-3.4993,11.10,5,cut-loser-MAE-GUARD,Hermes-hl_copy_trader,closed,f,2026-08-22 21:42:33.207404,2026-08-22 21:52:20.321216
14159,APT,LONG,0.62590000,0.62960000,0.07,2.9557,11.10,5,atr_sl_hit,Hermes-hl_copy_trader,closed,f,2026-08-22 21:50:05.774107,2026-08-22 23:35:33.873573
14160,SEI,LONG,0.04670100,0.04715400,0.08,4.8500,11.10,5,atr_sl_hit,Hermes-hl_copy_trader,closed,f,2026-08-22 21:53:33.053326,2026-08-23 01:33:10.011489
14161,DOGE,LONG,0.09144100,0.09316700,0.21,9.4378,11.10,5,atr_sl_hit,Hermes-hl_copy_trader,closed,f,2026-08-22 23:35:31.177172,2026-08-23 01:42:11.212928
14162,PUMP,LONG,0.00498500,0.00492900,-0.12,-5.6169,11.10,5,cut-loser-MAE-GUARD,Hermes-hl_copy_trader,closed,f,2026-08-23 00:45:12.910343,2026-08-23 01:39:31.423794
14163,BSV,SHORT,16.64400000,16.56400000,0.05,1.4420,11.10,3,profit-monster-trail,Hermes-hzscore-,closed,f,2026-08-23 03:04:36.729858,2026-08-23 03:47:24.168165
14164,NXPC,SHORT,0.20949000,0.20828000,0.06,1.7328,11.10,3,profit-monster-trail,Hermes-hzscore-,closed,f,2026-08-23 03:06:35.732997,2026-08-23 03:47:14.214608
14165,CC,SHORT,0.11709000,0.11746000,-0.04,-0.9480,11.10,3,atr_sl_hit,Hermes-hzscore-,closed,f,2026-08-23 04:01:19.345664,2026-08-23 11:56:14.064698
14166,BSV,SHORT,16.49100000,16.70900000,-0.15,-3.9658,11.10,3,atr_sl_hit,Hermes-hzscore-,closed,f,2026-08-23 04:11:39.960666,2026-08-23 08:10:13.72068
14167,NXPC,SHORT,0.20701000,0.20664000,0.02,0.5362,11.10,3,profit-monster-trail,Hermes-hzscore-,closed,f,2026-08-23 04:12:09.348736,2026-08-23 04:26:25.82253
14168,NXPC,SHORT,0.20463000,0.20723000,-0.14,-3.8118,11.10,3,atr_sl_hit,Hermes-hzscore-,closed,f,2026-08-23 04:53:35.126736,2026-08-23 07:11:14.831153
14169,BANANA,SHORT,3.82940000,3.83690000,0.00,-0.5876,11.10,3,profit-monster-trail,Hermes-ct-hot-,closed,f,2026-08-23 04:56:24.125453,2026-08-23 05:21:10.987017
14170,CFX,SHORT,0.04590400,0.04654000,-0.15,-6.9275,11.10,5,atr_sl_hit,Hermes-ct-hot-,closed,f,2026-08-23 05:09:20.846374,2026-08-23 05:25:15.66091
14171,FOGO,SHORT,0.00898300,0.00910000,-0.14,-3.9074,11.10,3,atr_sl_hit,Hermes-ct-hot-,tl_break_short,tl_break_short,closed,f,2026-08-23 05:21:33.642672,2026-08-23 08:41:13.392432
14172,KAS,SHORT,0.02856000,0.02891000,-0.09,-3.6765,11.10,3,atr_sl_hit,Hermes-ct-hot-,tl_break_short,tl_break_short,closed,f,2026-08-23 05:26:17.961245,2026-08-23 10:34:14.316055
14173,ZRO,LONG,1.21540000,1.22680000,0.10,4.6898,11.10,5,atr_sl_hit,Hermes-ct-hot+,closed,f,2026-08-23 07:21:15.431427,2026-08-23 08:09:12.845062
14174,ZRO,LONG,1.22830000,1.23940000,0.10,4.5184,11.10,5,atr_sl_hit,Hermes-ct-hot+,closed,f,2026-08-23 08:13:15.861823,2026-08-23 08:56:13.239748
14175,ICP,LONG,2.39450000,2.42660000,0.15,6.7029,11.10,5,atr_sl_hit,Hermes-ct-hot+,closed,f,2026-08-23 08:15:16.415621,2026-08-23 12:18:13.619733
14176,CASHCAT,LONG,0.11911000,0.11628000,-0.27,-0.7989,11.10,3,hard_sl,Hermes-ct-hot+,closed,f,2026-08-23 08:53:17.267756,2026-08-23 09:31:50.680336
14177,HBAR,LONG,0.07816400,0.08016200,0.29,12.7808,11.10,5,atr_sl_hit,Hermes-ct-hot+,closed,f,2026-08-23 08:57:16.104638,2026-08-23 13:35:13.598113
14178,ENA,LONG,0.16909000,0.17587000,0.45,20.0485,11.10,5,atr_sl_hit,Hermes-ct-hot+,closed,f,2026-08-23 09:32:16.23484,2026-08-23 10:07:15.900842
14179,BTC,LONG,76726.00000000,77212.00000000,0.07,3.1671,11.10,5,atr_sl_hit,Hermes-ct-hot+,closed,f,2026-08-23 10:08:16.739207,2026-08-24 01:52:19.987996
14180,ENS,LONG,5.81780000,5.73340000,-0.16,-7.2536,11.10,5,atr_sl_hit,Hermes-ct-hot+,closed,f,2026-08-23 10:37:16.401846,2026-08-23 10:53:13.90455
14181,ZORA,LONG,0.00667600,0.00659300,-0.14,-3.7298,11.10,3,atr_sl_hit,Hermes-ct-hot+,closed,f,2026-08-23 10:54:16.08909,2026-08-23 10:57:14.248308
14182,GMT,LONG,0.00737200,0.00747100,0.15,4.0288,11.10,3,atr_sl_hit,Hermes-ct-hot+,closed,f,2026-08-23 10:58:16.186338,2026-08-23 13:08:13.687931
14183,LTC,LONG,52.36100000,52.28050000,-0.02,-0.7687,11.10,5,cascade_flip,Hermes-ct-hot+,closed,f,2026-08-23 11:57:15.937013,2026-08-23 15:42:14.571141
14184,IMX,LONG,0.12659000,0.12921000,0.23,10.3484,11.10,5,atr_sl_hit,Hermes-ct-hot+,closed,f,2026-08-23 12:19:18.593384,2026-08-23 14:35:14.26548
14185,ADA,LONG,0.22535000,0.22792000,0.13,5.7022,11.10,5,atr_sl_hit,Hermes-ct-hot+,closed,f,2026-08-23 13:09:16.176768,2026-08-23 14:30:14.167056
14186,BANANA,LONG,4.02790000,3.93370000,-0.26,-7.0161,11.10,3,atr_sl_hit,Hermes-ct-hot+,closed,f,2026-08-23 13:36:16.641161,2026-08-23 14:43:27.839394
14187,COMP,LONG,21.12300000,20.65600000,-0.25,-11.0543,11.10,5,atr_sl_hit,Hermes-ct-hot+,closed,f,2026-08-23 14:32:16.364921,2026-08-23 14:43:18.144457
14188,SUSHI,LONG,0.20991000,0.20377000,-0.32,-8.7752,11.10,3,atr_sl_hit,Hermes-ct-hot+,closed,f,2026-08-23 14:36:16.427013,2026-08-23 14:43:14.98034
14189,LDO,LONG,0.38295000,0.39226000,0.34,12.1556,13.85,5,atr_sl_hit,Hermes-hl_copy_trader,closed,f,2026-08-23 14:47:40.026132,2026-08-23 15:59:14.090432
14190,ENA,LONG,0.17436000,0.17086000,-0.22,-10.0367,11.10,5,atr_sl_hit,Hermes-macd-div+,closed,f,2026-08-23 15:26:40.524481,2026-08-23 15:55:14.66206
14191,PUMP,LONG,0.00509900,0.00509200,-0.02,-0.6864,11.10,5,cascade_flip,Hermes-hl_copy_trader,closed,f,2026-08-23 16:20:23.363916,2026-08-23 16:21:14.850652
14192,NXPC,SHORT,0.21532000,0.21552000,-0.01,-0.2787,11.10,3,cascade_flip,Hermes-hzscore-,closed,f,2026-08-23 16:31:02.720764,2026-08-23 16:45:17.157045
14193,ENA,LONG,0.16877000,0.16659000,-0.14,-6.4585,11.10,5,cut-loser-CL-T1,Hermes-macd-div+,closed,f,2026-08-23 16:41:40.559407,2026-08-23 17:01:49.61232
14195,WLFI,LONG,0.06005100,0.05928000,-0.14,-6.4195,11.10,5,atr_sl_hit,Hermes-ct-hot+,closed,f,2026-08-23 17:15:21.720236,2026-08-23 19:09:22.346811
14196,W,LONG,0.00998000,0.00998000,0.00,0.0000,11.10,5,hard_sl,Hermes-ct-hot+,closed,f,2026-08-23 17:16:21.532762,2026-08-23 18:34:05.410029
14197,IMX,LONG,0.13227000,0.13317000,0.08,3.4021,11.10,5,atr_sl_hit,Hermes-ct-hot+,closed,f,2026-08-23 17:19:21.396521,2026-08-23 18:19:19.210407
14198,TURBO,LONG,0.00102000,0.00100800,-0.13,-3.5294,11.10,3,atr_sl_hit,Hermes-ct-hot+,closed,f,2026-08-23 17:20:20.974502,2026-08-23 19:09:19.507619
14199,PUMP,LONG,0.00515100,0.00518500,0.07,3.3003,11.10,5,profit-monster-trail,Hermes-macd-div+,closed,f,2026-08-23 18:20:20.701657,2026-08-23 18:40:26.609231
14200,ME,LONG,0.06787000,0.06786000,0.00,-0.0442,11.10,3,cut-loser-MAE-GUARD,Hermes-ct-hot+,closed,f,2026-08-23 18:34:20.613429,2026-08-23 18:34:30.178425
14201,ME,LONG,0.06793000,0.06990000,0.32,8.7001,11.10,3,atr_sl_hit,Hermes-ct-hot+,closed,f,2026-08-23 18:35:20.794187,2026-08-23 21:24:19.926957
14202,GMT,LONG,0.00753800,0.00743369,-0.15,-4.1513,11.10,3,atr_sl_hit,Hermes-ct-hot+,closed,f,2026-08-23 18:41:20.74925,2026-08-24 00:22:18.654553
14203,PUMP,LONG,0.00516700,0.00511400,-0.11,-5.1287,11.10,5,cut-loser-CL-T1,Hermes-macd-div+,closed,f,2026-08-23 19:10:22.744881,2026-08-23 20:00:56.355341
14204,GRASS,LONG,0.34550000,0.35092000,0.17,4.7062,11.10,3,atr_sl_hit,Hermes-ct-hot+,closed,f,2026-08-23 19:18:20.367904,2026-08-23 20:22:20.579257
14205,LDO,LONG,0.41165000,0.40524000,-0.17,-7.7857,11.10,5,atr_sl_hit,Hermes-ct-hot+,closed,f,2026-08-23 20:01:22.033155,2026-08-23 21:01:17.45541
14206,ZRO,LONG,1.21770000,1.20160000,-0.15,-6.6108,11.10,5,atr_sl_hit,Hermes-macd-div+,closed,f,2026-08-23 20:26:21.953758,2026-08-23 20:46:19.284982
14207,BSV,SHORT,17.13800000,16.89200000,0.16,4.3062,11.10,3,atr_sl_hit,Hermes-hzscore-,closed,f,2026-08-23 22:28:44.972815,2026-08-24 02:14:22.74323
14208,CC,SHORT,0.11941000,0.12095000,-0.14,-3.8690,11.10,3,atr_sl_hit,Hermes-hzscore-,closed,f,2026-08-23 22:28:54.910344,2026-08-23 22:47:19.399431
14209,NXPC,SHORT,0.21689000,0.21032000,0.28,9.0876,11.10,3,atr_sl_hit,Hermes-hzscore-,closed,f,2026-08-23 22:31:44.041492,2026-08-24 02:33:17.656048
14210,SOL,LONG,95.14800000,95.18300000,0.00,0.1839,11.10,5,profit-monster-trail,Hermes-liq-hunt+,rs-s35,closed,f,2026-08-24 00:55:23.201102,2026-08-24 01:05:52.613033
14211,MNT,LONG,0.50302000,0.50635000,0.07,3.3100,11.10,5,profit-monster-trail,Hermes-bb_bounce+,closed,f,2026-08-24 02:11:24.748444,2026-08-24 02:49:30.787394
14212,CAKE,LONG,1.72760000,1.74260000,0.10,2.6048,11.10,3,profit-monster-trail,Hermes-bb_bounce+,closed,f,2026-08-24 02:11:41.977051,2026-08-24 02:38:35.885331
14213,BLUR,LONG,0.01627100,0.01626100,-0.01,-0.1844,11.10,3,cascade_flip,Hermes-bb_bounce+,closed,f,2026-08-24 02:12:09.35633,2026-08-24 02:18:22.277597
14216,CHIP,LONG,0.03195800,0.03229300,0.12,3.1448,11.10,3,profit-monster-trail,Hermes-bb_bounce+,closed,f,2026-08-24 02:17:03.573105,2026-08-24 02:38:25.936054
14218,BTC,SHORT,77363.00000000,78414.00000000,-0.16,-6.7927,11.10,5,atr_sl_hit,Hermes-ct-hot-,tl_break_short,closed,f,2026-08-24 02:52:35.631981,2026-08-24 11:36:28.474653
14219,ONDO,SHORT,0.37267000,0.37086000,0.05,2.4284,11.10,5,profit-monster-trail,Hermes-tl_break_short,closed,f,2026-08-24 02:57:19.51516,2026-08-24 03:22:45.993302
14220,AVAX,SHORT,7.49270000,7.47380000,0.03,1.2612,11.10,5,profit-monster-trail,Hermes-tl_break_short,closed,f,2026-08-24 02:57:29.643693,2026-08-24 03:23:45.209018
14221,KAS,SHORT,0.02865900,0.02851300,0.06,1.5283,11.10,3,profit-monster-trail,Hermes-tl_break_short,closed,f,2026-08-24 02:58:21.659996,2026-08-24 03:20:45.634514
14223,FIL,SHORT,0.75678000,0.75462000,0.03,1.4271,11.10,5,profit-monster-trail,Hermes-tl_break_short,closed,f,2026-08-24 03:16:28.131246,2026-08-24 06:09:45.42232
14224,BABY,SHORT,0.01230100,0.01243100,-0.12,-3.1705,11.10,3,cut-loser-CL-T1,Hermes-tl_break_short,closed,f,2026-08-24 03:21:26.407782,2026-08-24 04:26:07.028264
14225,HYPE,SHORT,80.11100000,79.85900000,0.04,1.5728,11.10,5,profit-monster-trail,Hermes-tl_break_short,closed,f,2026-08-24 03:23:31.302564,2026-08-24 03:33:48.891229
14226,ENS,SHORT,5.69350000,5.66620000,0.05,2.3975,11.10,5,profit-monster-trail,Hermes-tl_break_short,closed,f,2026-08-24 03:24:26.443242,2026-08-24 03:35:49.431694
14227,ETC,SHORT,7.70410000,7.68280000,0.03,1.3824,11.10,5,profit-monster-trail,Hermes-tl_break_short,closed,f,2026-08-24 03:36:29.644453,2026-08-24 06:48:01.67702
14228,ETH,LONG,2435.00000000,2442.80000000,0.04,1.6016,11.10,5,profit-monster-trail,Hermes-bb_bounce+,closed,f,2026-08-24 03:37:45.771639,2026-08-24 04:42:14.357243
14229,ETH,SHORT,2442.10000000,2474.50000000,-0.15,-6.6336,11.10,5,atr_sl_hit,Hermes-bb-bounce-short,ct-hot-,rs-r31,rs-r32,closed,f,2026-08-24 04:43:44.615064,2026-08-24 07:12:20.698607
14230,CHIP,LONG,0.03241100,0.03302200,0.21,5.6555,11.10,3,profit-monster-trail,Hermes-bb_bounce+,closed,f,2026-08-24 04:57:20.514113,2026-08-24 05:20:22.00179
14231,MET,SHORT,0.23468000,0.23388000,0.04,1.0227,11.10,3,profit-monster-trail,Hermes-tl_break_short,closed,f,2026-08-24 05:21:39.407659,2026-08-24 05:34:31.223262
14232,CAKE,SHORT,1.73070000,1.72370000,0.05,1.2134,11.10,3,profit-monster-trail,Hermes-r2-trend-short4,closed,f,2026-08-24 05:37:00.696391,2026-08-24 08:34:40.896585
14233,HYPE,SHORT,79.60900000,79.51000000,0.01,0.6218,11.10,5,profit-monster-trail,Hermes-confluence-,closed,f,2026-08-24 06:11:14.717155,2026-08-24 06:48:05.227155
14234,POL,SHORT,0.10737000,0.10857000,-0.12,-5.5882,11.10,5,cut-loser-CL-T1,Hermes-confluence-,macd-div-,closed,f,2026-08-24 06:51:34.181471,2026-08-24 06:58:04.929115
14235,XPL,SHORT,0.10065000,0.09981000,0.09,4.1729,11.10,5,profit-monster-trail,Hermes-confluence-,macd-div-,closed,f,2026-08-24 07:11:53.549086,2026-08-24 07:48:26.0929
14236,USUAL,SHORT,0.01182000,0.01182000,0.00,0.0000,11.10,3,atr_sl_hit,Hermes-confluence-,ct-hot-,rs-r72,closed,f,2026-08-24 07:12:17.629377,2026-08-24 08:07:25.853941
14237,AVNT,SHORT,0.09982200,0.09859300,0.14,6.1560,11.10,5,profit-monster-trail,Hermes-macd-div-,closed,f,2026-08-24 07:13:17.592208,2026-08-24 07:49:25.22815
14238,WLFI,SHORT,0.05888000,0.05852400,0.07,3.0231,11.10,5,profit-monster-trail,Hermes-macd-div-,closed,f,2026-08-24 07:49:52.475729,2026-08-24 08:19:37.464029
14239,MON,SHORT,0.03010800,0.02988500,0.08,3.7033,11.10,5,profit-monster-trail,Hermes-macd-div-,closed,f,2026-08-24 08:00:37.328614,2026-08-24 08:08:31.472796
14240,WLD,SHORT,0.39567000,0.40075000,-0.14,-6.4195,11.10,5,atr_sl_hit,Hermes-confluence-,ct-hot-,rs-r49,rs-r59,closed,f,2026-08-24 08:08:48.580118,2026-08-24 09:09:23.20079
14241,MON,SHORT,0.02992100,0.02984700,0.03,1.2366,11.10,5,profit-monster-trail,Hermes-macd-div-,closed,f,2026-08-24 08:10:08.715272,2026-08-24 08:19:41.843383
14242,HYPE,SHORT,77.56600000,78.51100000,-0.14,-6.0916,11.10,5,atr_sl_hit,Hermes-confluence-,hl_copy_trader,closed,f,2026-08-24 08:31:53.820301,2026-08-24 09:16:33.056974
14243,INJ,LONG,5.31300000,5.33180000,0.04,1.7692,11.10,5,profit-monster-trail,Hermes-bb_bounce+,closed,f,2026-08-24 08:37:56.475412,2026-08-24 08:47:49.154114
14244,BABY,LONG,0.01265500,0.01277800,0.11,2.9158,11.10,3,profit-monster-trail,Hermes-bb_bounce+,closed,f,2026-08-24 08:42:36.131913,2026-08-24 09:08:54.947584
14245,MON,LONG,0.02905400,0.02916300,0.04,1.8758,11.10,5,profit-monster-trail,Hermes-bb_bounce+,closed,f,2026-08-24 08:48:42.415234,2026-08-24 09:26:04.086761
14246,ETH,SHORT,2461.10000000,2494.70000000,-0.15,-6.8262,11.10,5,cut-loser-CL-T1,Hermes-bb-bounce-short,confluence-,closed,f,2026-08-24 09:29:47.543402,2026-08-24 11:36:52.427783
14247,CASHCAT,LONG,0.14628000,0.14755000,0.10,2.6046,11.10,3,atr_sl_hit,Hermes-ct-hot+,closed,f,2026-08-24 09:38:37.453346,2026-08-24 09:49:29.098965
14248,ENA,SHORT,0.16184000,0.16160000,0.02,0.7415,11.10,5,profit-monster-trail,Hermes-confluence-,tl_break_short,closed,f,2026-08-24 09:39:12.808855,2026-08-24 10:04:15.345503
14249,PURR,SHORT,0.13087000,0.13412000,-0.28,-7.4501,11.10,3,atr_sl_hit,Hermes-confluence-,ct-hot-,closed,f,2026-08-24 10:11:57.972229,2026-08-24 10:54:23.529319
14250,ENA,SHORT,0.15946000,0.15895000,0.04,1.5991,11.10,5,profit-monster-trail,Hermes-confluence-,rs-r33,rs-r35,tl_break_short,closed,f,2026-08-24 10:26:59.186639,2026-08-24 10:47:30.716483
14251,CFX,SHORT,0.04877300,0.04860000,0.04,1.7735,11.10,5,profit-monster-trail,Hermes-bb-bounce-short,confluence-,closed,f,2026-08-24 10:46:53.984877,2026-08-24 11:05:36.490922
14252,MNT,LONG,0.52471000,0.52699000,0.05,2.1726,11.10,5,profit-monster-trail,Hermes-bb_bounce+,closed,f,2026-08-24 11:12:30.879178,2026-08-24 11:23:46.552492
14253,DASH,SHORT,41.35600000,42.07200000,-0.19,-8.6565,11.10,5,atr_sl_hit,Hermes-tl_break_short,closed,f,2026-08-24 11:17:37.522785,2026-08-24 11:35:28.465665
14254,NEO,LONG,2.17140000,2.19280000,0.11,4.9277,11.10,5,profit-monster-trail,Hermes-bb_bounce+,closed,f,2026-08-24 11:18:45.534652,2026-08-24 11:46:50.261118
14255,FIL,SHORT,0.75935000,0.75819000,0.02,0.7638,11.10,5,profit-monster-trail,Hermes-macd-div-,closed,f,2026-08-24 12:12:08.454189,2026-08-24 12:20:05.166209
14256,FIL,SHORT,0.75744000,0.76759000,-0.15,-6.7002,11.10,5,atr_sl_hit,Hermes-macd-div-,closed,f,2026-08-24 12:20:54.372975,2026-08-24 12:52:27.99695
14257,CHIP,LONG,0.03280800,0.03290400,0.03,0.8778,11.10,3,profit-monster-trail,Hermes-bb_bounce+,closed,f,2026-08-24 12:33:52.591825,2026-08-24 13:03:18.787458
14258,SEI,SHORT,0.04736100,0.04683600,0.12,5.5425,11.10,5,profit-monster-trail,Hermes-macd-div-,rs-r51,closed,f,2026-08-24 13:36:51.57013,2026-08-24 13:45:41.56902
14259,BANANA,SHORT,3.96430000,3.92180000,0.12,3.2162,11.10,3,profit-monster-trail,Hermes-confluence-,macd-div-,rs-r37,closed,f,2026-08-24 13:37:09.542443,2026-08-24 13:54:37.007954
14260,ENA,SHORT,0.16147000,0.16071000,0.05,2.3534,11.10,5,profit-monster-trail,Hermes-macd-div-,closed,f,2026-08-24 13:37:43.578016,2026-08-24 13:47:37.513096
14261,LDO,SHORT,0.38773000,0.38235000,0.15,6.9378,11.10,5,profit-monster-trail,Hermes-macd-div-,closed,f,2026-08-24 13:38:25.639743,2026-08-24 13:45:39.342304
14262,JUP,SHORT,0.20792000,0.20700000,0.05,2.2124,11.10,5,profit-monster-trail,Hermes-macd-div-,closed,f,2026-08-24 13:38:55.668717,2026-08-24 13:49:35.508528
14263,BSV,SHORT,16.71400000,16.97300000,-0.17,-4.6488,11.10,3,atr_sl_hit,Hermes-confluence-,ct-hot-,macd-div-,closed,f,2026-08-24 13:46:56.523138,2026-08-24 14:23:30.282073
14264,PURR,SHORT,0.13224000,0.13582000,-0.30,-8.1216,11.10,3,atr_sl_hit,Hermes-macd-div-,closed,f,2026-08-24 13:47:24.587497,2026-08-24 13:58:44.30363
14265,SEI,SHORT,0.04704600,0.04693500,0.03,1.1797,11.10,5,profit-monster-trail,Hermes-confluence-,macd-div-,rs-r48,rs-r58,closed,f,2026-08-24 13:48:57.738186,2026-08-24 13:57:41.65906
14266,AVAX,SHORT,7.50920000,7.58550000,-0.11,-5.0804,11.10,5,cut-loser-CL-T1,Hermes-confluence-,rs-r77,rs-r80,rs-r90,rs-r92,closed,f,2026-08-24 13:50:54.901504,2026-08-24 14:34:54.10895
14267,LDO,SHORT,0.38186000,0.38711000,-0.15,-6.8742,11.10,5,atr_sl_hit,Hermes-confluence-,ct-hot-,macd-div-,closed,f,2026-08-24 13:55:44.327903,2026-08-24 14:10:27.199593
14268,BIGTIME,SHORT,0.00647200,0.00655600,-0.14,-3.8937,11.10,3,atr_sl_hit,Hermes-macd-div-,closed,f,2026-08-24 13:58:38.760029,2026-08-24 14:28:54.971466
14269,HYPE,SHORT,78.84200000,79.81500000,-0.18,-6.1706,13.85,5,atr_sl_hit,Hermes-hl_copy_trader,closed,f,2026-08-24 14:00:09.998062,2026-08-24 14:16:27.626518
14270,GRAM,LONG,1.48450000,1.48940000,0.04,1.6504,11.10,5,profit-monster-trail,Hermes-bb_bounce+,closed,f,2026-08-24 14:11:37.819475,2026-08-24 14:49:57.757514
14271,WLD,LONG,0.40295000,0.40238000,-0.02,-0.7073,11.10,5,profit-monster-trail,Hermes-confluence+,rs-s45,rs-s49,closed,f,2026-08-24 14:17:58.521403,2026-08-24 14:25:49.793562
14272,WLD,LONG,0.40321000,0.40758000,0.12,5.4190,11.10,5,profit-monster-trail,Hermes-confluence+,rs-s56,closed,f,2026-08-24 14:27:51.487798,2026-08-24 14:36:02.363388
14273,INJ,LONG,5.70640000,5.70860000,0.01,0.1928,13.85,5,atr_sl_hit,Hermes-hl_copy_trader,closed,f,2026-08-24 14:28:17.519422,2026-08-24 14:43:37.135853
14274,ETH,LONG,2518.40000000,2486.10000000,-0.18,-6.4128,13.85,5,atr_sl_hit,Hermes-hl_copy_trader,closed,f,2026-08-24 14:29:56.654857,2026-08-24 15:53:31.868539
14275,BTC,LONG,79704.00000000,79039.00000000,-0.12,-4.1717,13.85,5,cut-loser-MAE-GUARD,Hermes-confluence+,hl_copy_trader,closed,f,2026-08-24 14:35:51.429555,2026-08-24 16:55:48.724069
14276,DASH,LONG,42.50900000,42.33369811,-0.05,-2.0619,11.10,5,cascade_flip,Hermes-ct-hot+,closed,f,2026-08-24 14:43:33.521387,2026-08-24 14:49:25.265765
14278,HYPE,SHORT,79.51600000,79.26300000,0.05,1.5909,13.85,5,atr_sl_hit,Hermes-hl_copy_trader,closed,f,2026-08-24 15:06:37.639052,2026-08-24 16:18:24.73841
14279,AIXBT,LONG,0.02232900,0.02202000,-0.15,-4.1516,11.10,3,atr_sl_hit,Hermes-ct-hot+,closed,f,2026-08-24 15:11:46.1735,2026-08-24 15:18:29.762618
14280,YGG,LONG,0.02321100,0.02379800,0.27,7.5869,11.10,3,atr_sl_hit,Hermes-ct-hot+,rs-s31,rs-s32,rs-s33,closed,f,2026-08-24 15:12:52.193582,2026-08-24 16:55:27.909964
14281,SUSHI,LONG,0.20580000,0.20284000,-0.16,-4.3149,11.10,3,atr_sl_hit,Hermes-ct-hot+,closed,f,2026-08-24 15:32:35.556378,2026-08-24 15:44:27.539943
14282,GRASS,SHORT,0.36724000,0.36638000,0.02,0.7025,11.10,3,profit-monster-trail,Hermes-macd-div-,closed,f,2026-08-24 15:47:40.714478,2026-08-24 15:52:20.01524
14283,BIGTIME,SHORT,0.00652300,0.00661100,-0.14,-4.0472,11.10,3,atr_sl_hit,Hermes-confluence-,ct-hot-,rs-r46,closed,f,2026-08-24 15:52:35.173065,2026-08-24 16:44:25.801636
14284,AVAX,LONG,7.55110000,7.62120000,0.10,4.6417,11.10,5,profit-monster-trail,Hermes-bb_bounce+,confluence+,rs-s69,rs-s71,closed,f,2026-08-24 15:54:53.423581,2026-08-24 16:25:35.21438
14285,TURBO,LONG,0.00108400,0.00106392,-0.21,-5.5580,11.10,3,atr_sl_hit,Hermes-ct-hot+,closed,f,2026-08-24 16:40:38.544072,2026-08-24 16:55:22.846818
14286,AVAX,LONG,7.58150000,7.50280000,-0.12,-5.1903,11.10,5,cut-loser-CL-T1,Hermes-continuation+,closed,f,2026-08-24 16:51:37.384088,2026-08-24 17:30:59.227388
14287,IMX,LONG,0.13341000,0.13184000,-0.13,-5.8841,11.10,5,atr_sl_hit,Hermes-ct-hot+,closed,f,2026-08-24 17:08:39.273918,2026-08-24 17:22:30.00892
14288,HYPE,SHORT,78.63800000,77.71500000,0.14,5.8687,11.10,5,profit-monster-trail,Hermes-confluence-,tl_break_short,closed,f,2026-08-24 17:15:56.136325,2026-08-24 17:26:57.8249
14289,DOGE,SHORT,0.09024200,0.08855700,0.21,9.3360,11.10,5,profit-monster-trail,Hermes-tl_break_short,closed,f,2026-08-24 17:16:10.161034,2026-08-24 17:33:03.428379
14290,STX,SHORT,0.22658000,0.22648000,0.00,0.2207,11.10,5,profit-monster-trail,Hermes-tl_break_short,closed,f,2026-08-24 17:21:34.620065,2026-08-24 17:32:01.541601
14291,CC,LONG,0.12242000,0.12263000,0.02,0.5146,11.10,3,atr_sl_hit,Hermes-bb_bounce+,closed,f,2026-08-24 17:23:40.666263,2026-08-24 19:17:25.788136
14292,BIGTIME,SHORT,0.00647900,0.00646000,0.03,0.8798,11.10,3,profit-monster-trail,Hermes-tl_break_short,closed,f,2026-08-24 17:27:43.87258,2026-08-24 17:38:04.243287
14293,HBAR,SHORT,0.07860200,0.07919100,-0.08,-3.7467,11.10,5,cut-loser-CL-T1,Hermes-tl_break_short,closed,f,2026-08-24 17:31:42.490843,2026-08-24 18:19:17.215791
14294,DASH,SHORT,40.79700000,41.31800000,-0.15,-6.3853,11.10,5,atr_sl_hit,Hermes-tl_break_short,closed,f,2026-08-24 17:32:48.63511,2026-08-24 17:48:28.468099
14295,BSV,SHORT,16.58400000,16.80600000,-0.14,-4.0159,11.10,3,atr_sl_hit,Hermes-tl_break_short,closed,f,2026-08-24 17:33:47.711432,2026-08-24 18:02:33.308204
14296,HYPE,SHORT,77.47100000,77.12900000,0.05,2.2073,11.10,5,profit-monster-trail,Hermes-confluence-,continuation-,tl_break_short,closed,f,2026-08-24 17:38:53.828767,2026-08-24 17:47:04.290381
14297,ETH,SHORT,2462.80000000,2500.40000000,-0.21,-7.6336,13.85,5,atr_sl_hit,Hermes-hl_copy_trader,closed,f,2026-08-24 17:47:37.29788,2026-08-25 00:46:30.674167
14298,BTC,LONG,79052.00000000,80360.00000000,0.24,8.2730,13.85,5,atr_sl_hit,Hermes-hl_copy_trader,closed,f,2026-08-24 18:21:52.636561,2026-08-25 03:57:32.262434
14299,HYPE,SHORT,77.29000000,78.28100000,-0.18,-6.4109,13.85,5,atr_sl_hit,Hermes-hl_copy_trader,closed,f,2026-08-24 18:52:41.885756,2026-08-24 21:00:31.608316
14300,CAKE,SHORT,1.75550000,1.78270000,-0.12,-4.6482,11.10,3,atr_sl_hit,Hermes-ct-hot-,rs-r70,closed,f,2026-08-24 19:09:52.093579,2026-08-25 00:43:33.377008
14301,NEO,LONG,2.17140000,2.18770000,0.08,3.7533,11.10,5,profit-monster-trail,Hermes-bb_bounce+,closed,f,2026-08-24 20:07:50.142322,2026-08-24 21:04:17.203597
14302,ZORA,LONG,0.00693500,0.00695300,0.03,0.7787,11.10,3,profit-monster-trail,Hermes-bb_bounce+,closed,f,2026-08-24 21:02:34.37773,2026-08-24 21:35:25.807533
14303,SYRUP,LONG,0.20112000,0.20297000,0.10,2.7595,11.10,3,profit-monster-trail,Hermes-bb_bounce+,closed,f,2026-08-24 21:56:35.913773,2026-08-25 01:21:57.59224
14304,IMX,LONG,0.13259000,0.13098000,-0.13,-6.0713,11.10,5,atr_sl_hit,Hermes-bb_bounce+,closed,f,2026-08-24 22:07:37.19765,2026-08-24 23:05:26.613637
14305,WLD,LONG,0.39980000,0.40241000,0.07,3.2641,11.10,5,profit-monster-trail,Hermes-bb_bounce+,closed,f,2026-08-24 23:08:39.736893,2026-08-24 23:49:19.367487
14306,XPL,SHORT,0.09685000,0.09823800,-0.16,-7.1657,11.10,5,atr_sl_hit,Hermes-macd-div-,closed,f,2026-08-25 00:16:56.732569,2026-08-25 00:41:22.729996
14307,SOL,LONG,102.10000000,100.72000000,-0.23,-6.7581,16.60,5,atr_sl_hit,Hermes-hl_copy_trader,closed,f,2026-08-25 00:56:33.590222,2026-08-25 01:52:24.83599
14308,HYPE,LONG,79.58000000,80.41300000,0.15,5.2337,13.85,5,atr_sl_hit,Hermes-hl_copy_trader,closed,f,2026-08-25 00:57:05.578994,2026-08-25 03:57:25.93189
14309,MERL,LONG,0.01935500,0.01934200,-0.01,-0.2015,11.10,3,guardian_orphan,Hermes-bb_bounce+,closed,f,2026-08-25 01:27:53.728103,2026-08-25 01:28:01.231468
14310,ETH,LONG,2499.30000000,2503.90000000,0.03,0.9203,13.85,5,atr_sl_hit,Hermes-hl_copy_trader,closed,f,2026-08-25 01:30:56.57749,2026-08-25 02:50:32.481844
14311,BANANA,LONG,3.93700000,3.92400000,-0.04,-0.9906,11.10,3,atr_sl_hit,Hermes-bb_bounce+,closed,f,2026-08-25 02:12:40.935727,2026-08-25 07:49:50.489308
14312,AVNT,LONG,0.10113000,0.10190000,0.07,3.8070,11.10,5,atr_sl_hit,Hermes-bb_bounce+,closed,f,2026-08-25 02:14:37.217178,2026-08-25 02:50:27.609316
14313,SOL,LONG,101.60000000,101.62000000,0.00,0.0984,13.85,5,atr_sl_hit,Hermes-hl_copy_trader,closed,f,2026-08-25 03:12:37.230634,2026-08-25 06:06:28.423866
14314,ETH,LONG,2509.90000000,2474.10000000,-0.16,-7.1318,13.85,5,cut-loser-MAE-GUARD,Hermes-hl_copy_trader,closed,f,2026-08-25 03:15:13.676078,2026-08-25 07:51:17.70731
14315,ZEN,LONG,5.45750000,5.48750000,0.06,2.7485,11.10,5,atr_sl_hit,Hermes-bb_bounce+,closed,f,2026-08-25 03:58:34.935576,2026-08-25 06:33:31.858694
14316,BABY,LONG,0.01259600,0.01263600,0.03,0.9527,11.10,3,atr_sl_hit,Hermes-bb_bounce+,closed,f,2026-08-25 03:58:48.945678,2026-08-25 07:49:40.444443
14317,WLFI,LONG,0.05817200,0.05746400,-0.14,-6.0854,11.10,5,atr_sl_hit,Hermes-bb_bounce+,closed,f,2026-08-25 06:13:05.502835,2026-08-25 06:49:29.830082
14318,DYDX,LONG,0.11831000,0.11631000,-0.19,-8.4524,11.10,5,atr_sl_hit,Hermes-bb_bounce+,closed,f,2026-08-25 06:37:37.50357,2026-08-25 07:49:30.519296
14319,BLUR,LONG,0.01663900,0.01646200,-0.09,-3.1913,11.10,3,atr_sl_hit,Hermes-bb_bounce+,closed,f,2026-08-25 06:51:03.11567,2026-08-25 07:49:25.926905
14320,IMX,LONG,0.13190000,0.13385000,0.16,7.3920,11.10,5,atr_sl_hit,Hermes-atr-spike+,r2-trend-long3,closed,f,2026-08-25 07:50:36.502042,2026-08-25 08:41:26.562921
14321,ALT,LONG,0.00639100,0.00636400,-0.05,-1.2674,11.10,3,cascade_flip,Hermes-bb_bounce+,rs-s44,closed,f,2026-08-25 08:22:39.65371,2026-08-25 09:00:28.86144
14322,HBAR,LONG,0.08101500,0.08059100,-0.06,-2.6168,11.10,5,cascade_flip,Hermes-r2-trend-long3,closed,f,2026-08-25 08:31:12.485244,2026-08-25 08:55:32.659739
14323,INJ,LONG,5.97490000,5.88600000,-0.21,-7.4395,13.85,5,atr_sl_hit,Hermes-hl_copy_trader,closed,f,2026-08-25 08:36:11.485469,2026-08-25 09:48:24.356315
14324,ETH,LONG,2492.80000000,2454.20000000,-0.22,-7.7423,13.85,5,atr_sl_hit,Hermes-hl_copy_trader,closed,f,2026-08-25 08:37:01.095566,2026-08-25 13:28:22.88347
14325,BTC,LONG,79993.00000000,78999.00000000,-0.14,-6.2130,13.85,5,cut-loser-MAE-GUARD,Hermes-hl_copy_trader,closed,f,2026-08-25 08:42:43.970089,2026-08-25 09:54:04.724841
14328,HYPE,LONG,80.90000000,79.77400000,-0.20,-6.9592,13.85,5,atr_sl_hit,Hermes-hl_copy_trader,closed,f,2026-08-25 10:24:53.535573,2026-08-25 12:23:26.362802
14329,BTC,LONG,79291.00000000,78231.00000000,-0.12,-6.6842,19.35,5,atr_sl_hit,Hermes-hl_copy_trader,closed,f,2026-08-25 10:27:57.815387,2026-08-25 20:47:26.776687
14330,SEI,LONG,0.04743200,0.04662700,-0.19,-8.4858,11.10,5,atr_sl_hit,Hermes-bb_bounce+,rs-s31,closed,f,2026-08-25 11:37:50.930703,2026-08-25 13:23:28.568503
14331,GMT,LONG,0.00741600,0.00739400,-0.03,-0.8900,11.10,3,cascade_flip,Hermes-bb_bounce+,closed,f,2026-08-25 12:24:35.319321,2026-08-25 13:18:26.404558
14333,ETC,LONG,7.81570000,7.83130000,0.02,0.9980,11.10,5,profit-monster-trail,Hermes-bb_bounce+,closed,f,2026-08-25 13:59:37.078572,2026-08-25 14:14:40.128233
14334,WLFI,LONG,0.05775500,0.05798800,0.05,2.0171,11.10,5,profit-monster-trail,Hermes-bb_bounce+,closed,f,2026-08-25 14:00:29.111539,2026-08-25 14:20:42.695446
14335,ETH,SHORT,2469.60000000,2441.50000000,0.16,5.6892,13.85,5,atr_sl_hit,Hermes-hl_copy_trader,rs-r170,rs-r194,closed,f,2026-08-25 14:24:18.362644,2026-08-25 22:01:26.335234
14336,WLFI,LONG,0.05837600,0.05877000,0.08,3.3747,11.10,5,profit-monster-trail,Hermes-confluence+,continuation+,closed,f,2026-08-25 14:52:15.694669,2026-08-25 15:53:15.72559
14337,ICP,SHORT,2.41350000,2.39730000,0.07,3.3561,11.10,5,profit-monster-trail,Hermes-r2-trend-short3,closed,f,2026-08-25 15:56:42.918073,2026-08-25 17:21:50.732689
14338,ICP,SHORT,2.40450000,2.43330000,-0.14,-5.9888,11.10,5,cut-loser-CL-T1,Hermes-continuation-,closed,f,2026-08-25 17:52:31.406092,2026-08-25 19:24:37.564923
14339,WLFI,LONG,0.05774100,0.05690800,-0.16,-7.2132,11.10,5,atr_sl_hit,Hermes-bb_bounce+,closed,f,2026-08-25 19:57:05.730204,2026-08-25 21:08:28.981886
14340,BLUR,LONG,0.01645800,0.01625600,-0.10,-3.6821,11.10,3,atr_sl_hit,Hermes-bb_bounce+,closed,f,2026-08-25 20:57:54.274554,2026-08-25 21:21:26.880578
14341,CAKE,SHORT,1.72310000,1.71800000,0.03,0.8879,11.10,3,profit-monster-trail,Hermes-bb-bounce-short,closed,f,2026-08-25 23:19:47.073017,2026-08-26 00:05:19.297489
14342,CAKE,SHORT,1.71520000,1.73760000,-0.15,-3.9179,11.10,3,atr_sl_hit,Hermes-continuation-,closed,f,2026-08-26 00:07:48.641038,2026-08-26 07:06:23.406833
14343,WLFI,LONG,0.05795300,0.05852600,0.11,4.9437,11.10,5,atr_sl_hit,Hermes-r2-trend-long14,closed,f,2026-08-26 00:12:50.939603,2026-08-26 02:10:24.609123
14344,BANANA,SHORT,3.88080000,3.87230000,0.01,0.6571,11.10,3,profit-monster-trail,Hermes-bb-bounce-short,closed,f,2026-08-26 01:06:40.421056,2026-08-26 01:32:52.376566
14345,BANANA,SHORT,3.87580000,3.93390000,-0.08,-4.4971,11.10,3,atr_sl_hit,Hermes-continuation-,closed,f,2026-08-26 01:37:35.890145,2026-08-26 06:02:22.138619
14346,USUAL,SHORT,0.01168000,0.01164000,0.02,1.0274,11.10,3,profit-monster-trail,Hermes-macd-div-,rs-r174,closed,f,2026-08-26 02:11:43.292132,2026-08-26 03:22:34.429973
14347,ETH,SHORT,2464.60000000,2457.40000000,0.03,1.4607,11.10,5,profit-monster-trail,Hermes-bb-bounce-short,closed,f,2026-08-26 02:53:01.22795,2026-08-26 05:12:21.34413
14348,SAND,SHORT,0.04161300,0.04149800,0.03,1.3818,11.10,5,profit-monster-trail,Hermes-macd-div-,closed,f,2026-08-26 03:24:09.655576,2026-08-26 03:39:39.140196
14349,GMT,SHORT,0.00721200,0.00718100,0.04,1.2895,11.10,3,profit-monster-trail,Hermes-r2-trend-short4,closed,f,2026-08-26 03:41:12.367668,2026-08-26 04:16:54.577928
14350,DYDX,LONG,0.11661000,0.11970000,0.29,13.2493,11.10,5,atr_sl_hit,Hermes-bb_bounce+,closed,f,2026-08-26 04:18:04.19581,2026-08-26 09:16:35.695237
14351,SYRUP,LONG,0.19705000,0.19447000,-0.14,-3.9279,11.10,3,atr_sl_hit,Hermes-bb_bounce+,closed,f,2026-08-26 05:14:10.598622,2026-08-26 06:18:27.677768
14352,COMP,LONG,19.57500000,19.32000000,-0.10,-6.5134,11.10,5,atr_sl_hit,Hermes-r2-trend-long4,closed,f,2026-08-26 06:08:19.978749,2026-08-26 08:04:26.97488
14353,MERL,LONG,0.02049200,0.02015800,-0.17,-4.8897,11.10,3,atr_sl_hit,Hermes-pump-catcher+,closed,f,2026-08-26 06:20:18.592155,2026-08-26 06:33:31.578032
14354,BIGTIME,SHORT,0.00637900,0.00636300,0.03,0.7525,11.10,3,profit-monster-trail,Hermes-macd-div-,closed,f,2026-08-26 06:34:36.441568,2026-08-26 07:38:05.824314
14355,CRV,LONG,0.31784000,0.31373000,-0.14,-6.4655,11.10,5,atr_sl_hit,Hermes-bb_bounce+,closed,f,2026-08-26 07:07:34.47035,2026-08-26 13:25:38.676103
14356,AR,LONG,2.17890000,2.15010000,-0.15,-6.6088,11.10,5,atr_sl_hit,Hermes-bb_bounce+,closed,f,2026-08-26 07:38:31.068644,2026-08-26 13:18:24.895069
14357,IO,LONG,0.13900000,0.13886000,-0.01,-0.3022,11.10,3,atr_sl_hit,Hermes-bb_bounce+,closed,f,2026-08-26 08:05:48.018965,2026-08-26 09:16:31.472393
14358,ALT,SHORT,0.00621800,0.00630100,-0.15,-4.0045,11.10,3,atr_sl_hit,Hermes-confluence-,rs-r168,closed,f,2026-08-26 09:21:36.021344,2026-08-26 10:14:29.948567
14359,BCH,SHORT,264.39000000,267.48000000,-0.13,-5.8436,11.10,5,cut-loser-CL-T1,Hermes-slow-grind-,closed,f,2026-08-26 09:26:48.349694,2026-08-26 11:02:47.222353
14360,BANANA,LONG,3.92440000,4.00500000,0.23,6.1615,11.10,3,atr_sl_hit,Hermes-bb_bounce+,pump-catcher+,rs-s121,closed,f,2026-08-26 10:15:32.571446,2026-08-26 12:39:22.554706
14361,AIXBT,LONG,0.02138700,0.02139200,0.00,0.0701,11.10,3,profit-monster-trail,Hermes-pump-catcher+,closed,f,2026-08-26 11:17:42.328742,2026-08-26 11:25:19.576383
14362,DOGE,SHORT,0.08646700,0.08558600,0.11,5.0944,11.10,5,profit-monster-trail,Hermes-r2-trend-short4,closed,f,2026-08-26 11:36:44.265839,2026-08-26 13:23:44.843676
14363,NEAR,SHORT,1.85250000,1.84690000,0.03,1.5115,11.10,5,profit-monster-trail,Hermes-slow-grind-,closed,f,2026-08-26 11:37:12.339669,2026-08-26 12:18:24.868895
14364,BIGTIME,SHORT,0.00636500,0.00629600,0.08,3.2522,11.10,3,atr_sl_hit,Hermes-bb-bounce-short,confluence-,r2-trend-short6,closed,f,2026-08-26 12:19:41.781395,2026-08-26 15:26:28.515579
14365,LDO,SHORT,0.35234000,0.34940000,0.09,4.1721,11.10,5,profit-monster-trail,Hermes-slow-grind-,closed,f,2026-08-26 12:57:07.947799,2026-08-26 13:23:52.7223
14366,COMP,SHORT,19.36800000,19.11700000,0.15,6.4798,11.10,5,profit-monster-trail,Hermes-macd-div-,closed,f,2026-08-26 13:20:09.946632,2026-08-26 15:07:15.104151
14367,IMX,SHORT,0.12432000,0.12586000,-0.14,-6.1937,11.10,5,atr_sl_hit,Hermes-slow-grind-,closed,f,2026-08-26 13:24:51.048916,2026-08-26 14:04:21.537556
14368,ALT,LONG,0.00624900,0.00628400,0.06,1.6803,11.10,3,profit-monster-trail,Hermes-pump-catcher+,closed,f,2026-08-26 13:25:05.144674,2026-08-26 13:40:51.271267
14369,BLUR,SHORT,0.01577400,0.01581200,-0.02,-0.7227,11.10,3,profit-monster-trail,Hermes-slow-grind-,closed,f,2026-08-26 13:26:52.298801,2026-08-26 14:01:57.994992
14370,NEO,LONG,2.17760000,2.19280000,0.08,3.4901,11.10,5,atr_sl_hit,Hermes-r2-trend-long3,rs-s87,rs-s95,rs-s96,closed,f,2026-08-26 13:42:08.456896,2026-08-26 14:42:19.60316
14371,CFX,LONG,0.04762200,0.04703200,-0.14,-6.1946,11.10,5,atr_sl_hit,Hermes-bb_bounce+,closed,f,2026-08-26 14:04:18.281817,2026-08-26 15:03:26.84875
14372,BABY,LONG,0.01214600,0.01222400,0.07,1.9266,11.10,3,profit-monster-trail,Hermes-pump-catcher+,closed,f,2026-08-26 14:05:38.707055,2026-08-26 14:24:02.801741
14373,BABY,LONG,0.01227300,0.01213000,-0.13,-3.4955,11.10,3,cut-loser-CL-T1,Hermes-continuation+,closed,f,2026-08-26 14:26:42.142555,2026-08-26 14:53:57.010811
14374,ETC,SHORT,7.54320000,7.63610000,-0.14,-6.1579,11.10,5,atr_sl_hit,Hermes-slow-grind-,closed,f,2026-08-26 14:46:33.455233,2026-08-26 17:20:30.539486
14375,LINK,SHORT,11.21700000,11.19400000,0.02,1.0252,11.10,5,atr_sl_hit,Hermes-slow-grind-,closed,f,2026-08-26 14:54:38.243967,2026-08-26 15:24:28.303445
14376,ATOM,SHORT,1.50220000,1.52120000,-0.14,-6.3241,11.10,5,cut_loser,Hermes-slow-grind-,closed,f,2026-08-26 15:04:39.846712,2026-08-26 15:28:28.258788
14377,GRAM,SHORT,1.37150000,1.38820000,-0.15,-6.0882,11.10,5,atr_sl_hit,Hermes-slow-grind-,closed,f,2026-08-26 15:07:38.087501,2026-08-26 18:12:27.217095
14378,ALT,LONG,0.00631900,0.00632604,-0.03,0.3343,11.10,3,cascade_flip,Hermes-pump-catcher+,rs-s101,rs-s131,rs-s72,rs-s99,closed,f,2026-08-26 15:25:39.216196,2026-08-26 15:25:42.74246
14380,ALT,SHORT,0.00628500,0.00631400,-0.05,-1.3842,11.10,3,cascade_flip,Hermes-slow-grind-,closed,f,2026-08-26 16:01:34.735658,2026-08-26 16:06:26.647731
14382,MET,SHORT,0.20698000,0.20675000,0.01,0.3334,11.10,3,atr_sl_hit,Hermes-slow-grind-,closed,f,2026-08-26 16:16:38.1461,2026-08-26 17:14:32.185403
14383,WLFI,SHORT,0.05791400,0.05874300,-0.02,-7.1572,11.10,5,atr_sl_hit,Hermes-slow-grind-,closed,f,2026-08-26 16:21:40.375732,2026-08-26 23:45:29.04702
14384,CHIP,LONG,0.03309700,0.03301000,-0.03,-0.7886,11.10,3,atr_sl_hit,Hermes-pump-catcher+,rs-s48,rs-s49,rs-s51,closed,f,2026-08-26 17:21:49.586487,2026-08-26 17:55:27.91937
14385,MERL,LONG,0.02142600,0.02106700,-0.11,-5.0266,11.10,3,atr_sl_hit,Hermes-pump-catcher+,closed,f,2026-08-26 17:22:31.530856,2026-08-26 17:30:25.253442
14386,PUMP,LONG,0.00484600,0.00479400,-0.12,-5.3652,11.10,5,atr_sl_hit,Hermes-pump-catcher+,closed,f,2026-08-26 18:26:38.959063,2026-08-26 18:41:24.869184
14387,BTC,SHORT,78297.00000000,79036.00000000,-0.11,-4.7192,11.10,5,atr_sl_hit,Hermes-liq-hunt-,closed,f,2026-08-26 18:43:49.501826,2026-08-26 23:53:30.365049
14388,HBAR,SHORT,0.07755200,0.07718700,0.05,2.3533,11.10,5,profit-monster-trail,Hermes-r2-trend-short3,closed,f,2026-08-26 18:46:51.610091,2026-08-26 20:25:07.00238
14389,GRASS,LONG,0.37113000,0.36574000,-0.14,-4.3570,11.10,3,atr_sl_hit,Hermes-pump-catcher+,closed,f,2026-08-26 19:13:45.670742,2026-08-26 19:40:24.993548
14390,ENS,SHORT,5.78060000,5.78820000,-0.01,-0.6574,11.10,5,cascade_flip,Hermes-macd-div-,closed,f,2026-08-26 20:06:52.475862,2026-08-26 20:11:24.430607
14392,SAND,LONG,0.04110200,0.04175000,0.18,7.8828,11.10,5,atr_sl_hit,Hermes-r2-trend-long3,closed,f,2026-08-26 21:02:41.710134,2026-08-27 00:53:22.99258
14393,GRASS,LONG,0.36113000,0.36705000,0.18,4.9179,11.10,3,atr_sl_hit,Hermes-pump-catcher+,closed,f,2026-08-26 21:11:32.194657,2026-08-26 21:44:24.870026
14394,ENA,LONG,0.14376000,0.14399000,0.02,0.7999,11.10,5,atr_sl_hit,Hermes-pump-catcher+,closed,f,2026-08-26 22:17:52.077808,2026-08-26 22:37:26.160748
14395,BABY,LONG,0.01242300,0.01275200,0.29,7.9449,11.10,3,atr_sl_hit,Hermes-pump-catcher+,closed,f,2026-08-26 22:36:39.027763,2026-08-27 00:29:27.108409
14396,CASHCAT,LONG,0.24467000,0.24087000,-0.17,-4.6593,11.10,3,atr_sl_hit,Hermes-pump-catcher+,closed,f,2026-08-26 22:38:53.153633,2026-08-26 22:40:32.54975
14397,CAKE,SHORT,1.73420000,1.72500000,0.06,1.5915,11.10,3,profit-monster-trail,Hermes-r2-trend-short3,rs-r62,rs-r66,closed,f,2026-08-26 22:41:51.183596,2026-08-27 01:22:52.343144
14398,CASHCAT,LONG,0.24984000,0.24455000,-0.02,-6.3521,11.10,3,hard_sl,Hermes-pump-catcher+,closed,f,2026-08-26 23:46:35.999631,2026-08-26 23:47:53.021728
14399,NEO,LONG,2.33750000,2.31620000,-0.10,-4.5561,11.10,5,atr_sl_hit,Hermes-pump-catcher+,closed,f,2026-08-27 00:08:37.584329,2026-08-27 00:10:39.655748
14400,WLD,LONG,0.41402000,0.41022000,-0.03,-4.5892,11.10,5,atr_sl_hit,Hermes-pump-catcher+,closed,f,2026-08-27 00:10:37.725283,2026-08-27 00:26:27.924536
14401,ENA,LONG,0.14761000,0.14744000,-0.01,-0.5758,11.10,5,atr_sl_hit,Hermes-pump-catcher+,closed,f,2026-08-27 00:11:36.508888,2026-08-27 00:37:27.76612
14402,BTC,SHORT,78832.00000000,79568.00000000,-0.02,-4.6682,11.10,5,atr_sl_hit,Hermes-liq-hunt-,rs-r117,rs-r122,rs-r126,closed,f,2026-08-27 00:27:49.529173,2026-08-27 08:08:24.379798
14403,LTC,SHORT,49.93000000,49.82500000,0.02,1.0515,11.10,5,profit-monster-trail,Hermes-r2-trend-short3,closed,f,2026-08-27 01:01:46.549838,2026-08-27 04:43:03.911197
14404,HBAR,SHORT,0.07756300,0.07747100,0.01,0.5931,11.10,5,profit-monster-trail,Hermes-r2-trend-short10,closed,f,2026-08-27 01:03:52.690384,2026-08-27 03:02:30.545988
14405,CASHCAT,LONG,0.23946000,0.24106000,0.08,2.0045,11.10,3,atr_sl_hit,Hermes-pump-catcher+,closed,f,2026-08-27 01:24:39.595695,2026-08-27 01:32:23.885059
14406,MON,LONG,0.02863500,0.02839400,-0.09,-4.2081,11.10,5,atr_sl_hit,Hermes-pump-catcher+,closed,f,2026-08-27 01:36:43.93421,2026-08-27 01:59:26.494627
14407,CASHCAT,LONG,0.24136100,0.24452000,0.15,3.9265,11.10,3,atr_sl_hit,Hermes-pump-catcher+,closed,f,2026-08-27 01:36:57.974301,2026-08-27 01:42:24.417906
14408,NEO,LONG,2.28400000,2.25570000,-0.14,-6.1953,11.10,5,atr_sl_hit,Hermes-pump-catcher+,closed,f,2026-08-27 01:45:27.361636,2026-08-27 02:18:28.542721
14409,IO,SHORT,0.13689000,0.13609000,0.06,1.7532,11.10,3,profit-monster-trail,Hermes-macd-div-,closed,f,2026-08-27 02:16:56.232328,2026-08-27 03:06:33.433031
14410,ENA,LONG,0.14466000,0.14421000,-0.03,-1.5554,11.10,5,cascade_flip,Hermes-pump-catcher+,closed,f,2026-08-27 02:35:30.536591,2026-08-27 02:37:29.25804
14412,AVNT,LONG,0.10521000,0.10551000,0.03,1.4257,11.10,5,atr_sl_hit,Hermes-atr-spike+,closed,f,2026-08-27 03:22:35.033807,2026-08-27 03:41:27.143
14413,ARB,LONG,0.09103000,0.09027000,-0.09,-4.1744,11.10,5,atr_sl_hit,Hermes-r2-trend-long3,closed,f,2026-08-27 03:27:52.509594,2026-08-27 04:34:39.709962
14414,CHIP,LONG,0.03750000,0.03714200,-0.11,-2.8640,11.10,3,atr_sl_hit,Hermes-pump-catcher+,closed,f,2026-08-27 03:42:38.127463,2026-08-27 03:49:23.230211
14415,ME,SHORT,0.06787000,0.06774000,0.02,0.5746,11.10,3,profit-monster-trail,Hermes-r2-trend-short5,closed,f,2026-08-27 04:34:36.56964,2026-08-27 05:26:21.168292
14416,NEO,LONG,2.22490000,2.20580000,-0.10,-4.2923,11.10,5,atr_sl_hit,Hermes-atr-spike+,closed,f,2026-08-27 05:05:45.851524,2026-08-27 05:32:24.908529
14417,NOT,LONG,0.00042400,0.00042800,0.11,2.8302,11.10,3,atr_sl_hit,Hermes-atr-spike+,closed,f,2026-08-27 05:06:35.943089,2026-08-27 09:16:22.607294
14418,WLD,LONG,0.39825000,0.39813000,0.00,-0.1507,11.10,5,atr_sl_hit,Hermes-atr-spike+,closed,f,2026-08-27 05:06:45.945681,2026-08-27 05:20:29.863137
14419,APT,LONG,0.56330000,0.57590000,0.25,11.1841,11.10,5,atr_sl_hit,Hermes-r2-trend-long3,r2-trend-long5,rs-s79,closed,f,2026-08-27 06:03:55.005153,2026-08-27 08:16:21.88998
14420,ENS,LONG,5.89700000,5.84760000,-0.09,-4.1886,11.10,5,atr_sl_hit,Hermes-atr-spike+,closed,f,2026-08-27 06:04:11.010056,2026-08-27 06:14:26.758212
14421,CAKE,SHORT,1.72170000,1.73660000,-0.08,-2.5963,11.10,3,atr_sl_hit,Hermes-bb-bounce-short,closed,f,2026-08-27 06:12:01.390353,2026-08-27 08:03:26.404669
14422,LTC,SHORT,49.74000000,50.20900000,-0.10,-4.7145,11.10,5,atr_sl_hit,Hermes-bb-bounce-short,closed,f,2026-08-27 06:57:43.042331,2026-08-27 08:43:23.003844
14423,GMT,LONG,0.00722200,0.00726700,0.06,1.8693,11.10,3,atr_sl_hit,Hermes-r2-trend-long4,closed,f,2026-08-27 08:05:03.393119,2026-08-27 09:09:29.081084
14424,ENS,LONG,5.99340000,5.98820000,0.00,-0.4338,11.10,5,atr_sl_hit,Hermes-atr-spike+,closed,f,2026-08-27 08:09:29.927973,2026-08-27 08:22:20.895813
14425,MERL,LONG,0.02086000,0.02066400,-0.10,-2.8188,11.10,3,atr_sl_hit,Hermes-atr-spike+,closed,f,2026-08-27 09:28:30.800154,2026-08-27 10:03:19.816741
14426,GMT,SHORT,0.00725100,0.00718900,0.10,2.5652,11.10,3,profit-monster-trail,Hermes-r2-trend-short6,rs-r32,closed,f,2026-08-27 09:40:40.772212,2026-08-27 10:29:03.983013
14427,DYDX,SHORT,0.11766000,0.11744000,0.02,0.9349,11.10,5,profit-monster-trail,Hermes-r2-trend-short5,rs-r81,rs-r82,rs-r83,closed,f,2026-08-27 09:46:41.138741,2026-08-27 10:01:51.225237
14428,SYRUP,SHORT,0.19313000,0.18955000,0.12,5.5610,11.10,3,profit-monster-trail,Hermes-macd-div-,closed,f,2026-08-27 09:51:48.35704,2026-08-27 10:07:53.728289
14429,BABY,LONG,0.01251600,0.01261400,0.09,2.3490,11.10,3,atr_sl_hit,Hermes-atr-spike+,engulfing+,closed,f,2026-08-27 11:04:31.197604,2026-08-27 12:08:26.769965
14430,DOGE,LONG,0.08857900,0.08748300,-0.14,-6.1866,11.10,5,atr_sl_hit,Hermes-engulfing+,r2-trend-long4,closed,f,2026-08-27 11:10:21.439249,2026-08-27 12:38:22.812844
14431,LTC,LONG,49.97800000,50.10200000,0.03,1.2405,11.10,5,atr_sl_hit,Hermes-engulfing+,r2-trend-long4,closed,f,2026-08-27 11:10:44.580247,2026-08-27 15:23:19.801391
14432,MNT,LONG,0.51637000,0.52203000,0.12,5.4806,11.10,5,atr_sl_hit,Hermes-atr-spike+,engulfing+,closed,f,2026-08-27 13:28:34.157255,2026-08-27 14:57:25.44053
14433,ZEN,LONG,5.22390000,5.17410000,-0.11,-4.7666,11.10,5,atr_sl_hit,Hermes-r2-trend-long4,closed,f,2026-08-27 13:29:29.800684,2026-08-27 13:35:23.339724
14434,STX,SHORT,0.25880000,0.25764000,0.05,2.2411,11.10,5,profit-monster-trail,Hermes-macd-div-,closed,f,2026-08-27 14:07:28.014682,2026-08-27 14:18:26.443041
14435,CC,SHORT,0.11690000,0.11808000,-0.11,-3.0282,11.10,3,atr_sl_hit,Hermes-r2-trend-short6,closed,f,2026-08-27 14:21:27.760057,2026-08-27 14:39:20.629755
14436,ARB,LONG,0.09118000,0.09171000,0.06,2.9063,11.10,5,atr_sl_hit,Hermes-r2-trend-long4,closed,f,2026-08-27 14:25:57.837382,2026-08-27 14:49:23.229429
14437,BANANA,SHORT,3.99100000,3.97670000,0.04,1.0749,11.10,3,profit-monster-trail,Hermes-bb-bounce-short,closed,f,2026-08-27 14:42:24.061659,2026-08-27 15:01:44.512519
14438,WLD,SHORT,0.41012000,0.40955000,0.02,0.6949,11.10,5,profit-monster-trail,Hermes-macd-div-,closed,f,2026-08-27 15:06:49.286981,2026-08-27 15:26:53.371854
14439,CC,LONG,0.11842000,0.11718000,-0.12,-3.1414,11.10,3,atr_sl_hit,Hermes-rs-s35,rs-s39,closed,f,2026-08-27 16:03:51.011748,2026-08-27 16:53:13.165549
14440,BANANA,LONG,3.97460000,3.98610000,0.03,0.8680,11.10,3,atr_sl_hit,Hermes-rs-s59,rs-s63,closed,f,2026-08-27 16:08:25.718371,2026-08-27 16:57:13.414073
14441,INJ,SHORT,5.54240000,5.53660000,0.01,0.5232,11.10,5,atr_sl_hit,Hermes-rs-r103,rs-r106,closed,f,2026-08-27 16:46:37.305338,2026-08-27 17:13:20.926813
14442,DYDX,SHORT,0.11793000,0.11767000,0.02,1.1023,11.10,5,atr_sl_hit,Hermes-rs-r38,rs-r40,closed,f,2026-08-27 17:03:41.622652,2026-08-27 19:00:19.051454
14443,GMT,SHORT,0.00724400,0.00721000,0.05,1.4081,11.10,3,atr_sl_hit,Hermes-rs-r34,rs-r35,rs-r37,closed,f,2026-08-27 17:04:43.272323,2026-08-27 19:04:22.279544
14444,CC,LONG,0.11567000,0.11371000,-0.19,-5.0834,11.10,3,atr_sl_hit,Hermes-bb_bounce+,closed,f,2026-08-27 17:36:31.853669,2026-08-27 17:46:21.57122
14445,CASHCAT,LONG,0.25397000,0.24969000,-0.09,-5.0557,11.10,3,atr_sl_hit,Hermes-accel-300-v2+,closed,f,2026-08-27 17:37:24.390036,2026-08-27 17:43:28.540524
14446,MERL,LONG,0.02280700,0.02260700,-0.05,-2.6308,11.10,3,atr_sl_hit,Hermes-accel-300-v2+,closed,f,2026-08-27 17:44:07.45577,2026-08-27 18:17:16.410011
14447,WLD,LONG,0.41821000,0.41275000,0.00,-6.5278,11.10,5,atr_sl_hit,Hermes-accel-300-v2+,closed,f,2026-08-27 17:44:19.479379,2026-08-27 18:14:17.433379
14448,USUAL,SHORT,0.01154000,0.01150000,0.04,1.0399,11.10,3,atr_sl_hit,Hermes-macd-div-,closed,f,2026-08-27 17:47:46.805591,2026-08-27 18:49:15.628143
14449,ALT,SHORT,0.00651400,0.00657400,-0.01,-2.7633,11.10,3,atr_sl_hit,Hermes-r2-trend-short3,rs-r42,rs-r43,rs-r44,closed,f,2026-08-27 18:15:21.211076,2026-08-27 20:21:19.023096
14450,POL,SHORT,0.10702000,0.10798000,-0.07,-4.4851,11.10,5,atr_sl_hit,Hermes-accel-300-v2-,closed,f,2026-08-27 18:23:51.16015,2026-08-27 19:31:17.255873
14451,ME,SHORT,0.06577000,0.06558000,0.03,0.8667,11.10,3,atr_sl_hit,Hermes-accel-300-v2-,closed,f,2026-08-27 18:50:23.438084,2026-08-27 20:06:18.009827
14452,JUP,LONG,0.23557000,0.23290000,-0.12,-5.6671,11.10,5,atr_sl_hit,Hermes-accel-300-v2+,closed,f,2026-08-27 19:02:25.45752,2026-08-27 19:15:17.538548
14453,AVNT,LONG,0.10489000,0.10429000,-0.06,-2.8601,11.10,5,cascade_flip,Hermes-r2-trend-long3,r2-trend-long4,rs-s72,closed,f,2026-08-27 19:05:26.048823,2026-08-27 19:41:22.902492
14454,BLUR,SHORT,0.01627100,0.01626400,0.00,0.1291,11.10,3,atr_sl_hit,Hermes-accel-300-v2-,r2-trend-short3,closed,f,2026-08-27 19:16:40.341238,2026-08-27 20:34:17.42756
14455,SAND,SHORT,0.04135400,0.04138300,-0.01,-0.3506,11.10,5,atr_sl_hit,Hermes-accel-300-v2-,closed,f,2026-08-27 19:32:44.955624,2026-08-27 20:21:16.206946
14457,STX,SHORT,0.25539000,0.25384000,0.07,3.0346,11.10,5,atr_sl_hit,Hermes-accel-300-v2-,closed,f,2026-08-27 20:07:27.905948,2026-08-27 20:43:19.312275
14458,MERL,LONG,0.02335400,0.02351300,0.06,2.0425,11.10,3,atr_sl_hit,Hermes-accel-300-v2+,closed,f,2026-08-27 20:23:29.06788,2026-08-27 20:53:16.364483
14459,ME,SHORT,0.06539000,0.06474000,0.11,2.9821,11.10,3,atr_sl_hit,Hermes-accel-300-v2-,closed,f,2026-08-27 20:44:25.399771,2026-08-27 21:21:20.53224
14460,NXPC,LONG,0.20898000,0.21032000,0.04,1.9236,11.10,3,atr_sl_hit,Hermes-accel-300-v2+,closed,f,2026-08-27 20:51:27.548406,2026-08-27 22:29:24.453794
14461,DYDX,SHORT,0.11692000,0.11695000,0.00,-0.1283,11.10,5,atr_sl_hit,Hermes-accel-300-v2-,closed,f,2026-08-27 20:52:38.007291,2026-08-28 00:25:24.333531
14462,MON,SHORT,0.02796400,0.02823400,-0.11,-4.8276,11.10,5,atr_sl_hit,Hermes-accel-300-v2-,closed,f,2026-08-27 20:54:40.071477,2026-08-27 22:06:03.735039
14463,FIL,SHORT,0.71322000,0.70846000,0.07,3.3370,11.10,5,atr_sl_hit,Hermes-accel-300-v2-,closed,f,2026-08-27 21:23:05.45276,2026-08-27 22:04:25.588759
14464,INJ,SHORT,5.46570000,5.46470000,0.00,0.0915,11.10,5,atr_sl_hit,Hermes-accel-300-v2-,closed,f,2026-08-27 21:24:07.607089,2026-08-27 21:24:09.978663
14465,CC,SHORT,0.11243000,0.11187000,0.06,1.4943,11.10,3,atr_sl_hit,Hermes-accel-300-v2-,closed,f,2026-08-27 21:24:55.704711,2026-08-27 23:06:16.887585
14466,APT,SHORT,0.57420000,0.57450000,-0.01,-0.2612,11.10,5,atr_sl_hit,Hermes-accel-300-v2-,rs-r37,rs-r90,rs-r92,closed,f,2026-08-27 22:06:01.547908,2026-08-27 22:58:21.58048
14467,GMT,SHORT,0.00722600,0.00728700,-0.07,-2.5325,11.10,3,atr_sl_hit,Hermes-accel-300-v2-,rs-r119,rs-r120,rs-r43,rs-r45,closed,f,2026-08-27 22:08:02.761781,2026-08-28 01:18:29.894025
14468,BANANA,SHORT,3.96820000,3.96140000,0.01,0.5141,11.10,3,atr_sl_hit,Hermes-bb-bounce-short,closed,f,2026-08-27 22:31:32.227567,2026-08-28 01:57:19.37015
14469,COMP,SHORT,19.44200000,19.60000000,-0.09,-4.0634,11.10,5,atr_sl_hit,Hermes-accel-300-v2-,closed,f,2026-08-27 23:16:42.235334,2026-08-28 01:18:23.928686
14470,MON,SHORT,0.02810000,0.02832900,-0.09,-4.0747,11.10,5,atr_sl_hit,Hermes-accel-300-v2-,closed,f,2026-08-27 23:23:26.583507,2026-08-27 23:42:17.208325
14471,CC,SHORT,0.11198000,0.11316000,-0.12,-3.1613,11.10,3,atr_sl_hit,Hermes-accel-300-v2-,closed,f,2026-08-28 00:13:27.600333,2026-08-28 00:30:24.488085
14472,AVNT,SHORT,0.10313000,0.10391000,-0.08,-3.7816,11.10,5,cut_loser,Hermes-accel-300-v2-,closed,f,2026-08-28 01:10:10.441956,2026-08-28 01:21:22.650574
14473,TURBO,SHORT,0.00100600,0.00098600,0.22,5.9642,11.10,3,atr_sl_hit,Hermes-r2-trend-short3,rs-r100,rs-r101,rs-r99,closed,f,2026-08-28 01:52:33.928305,2026-08-28 02:35:22.231484
14474,ME,SHORT,0.06504000,0.06346000,0.27,2.4293,11.10,3,hard_sl,Hermes-accel-300-v2-,closed,f,2026-08-28 01:53:27.985033,2026-08-28 02:31:44.325586
14475,ZRO,SHORT,1.17270000,1.17010000,0.02,1.1086,11.10,5,atr_sl_hit,Hermes-accel-300-v2-,rs-r111,closed,f,2026-08-28 01:53:49.991818,2026-08-28 02:19:23.986267
14476,INJ,SHORT,5.45700000,5.32070000,0.29,12.4885,11.10,5,atr_sl_hit,Hermes-accel-300-v2-,closed,f,2026-08-28 01:54:01.996137,2026-08-28 02:58:23.885261
14477,DYDX,SHORT,0.11651000,0.11423000,0.22,9.7846,11.10,5,atr_sl_hit,Hermes-accel-300-v2-,closed,f,2026-08-28 01:58:33.455878,2026-08-28 03:13:20.063525
14478,SAND,SHORT,0.04037500,0.04018500,0.05,2.3529,11.10,5,atr_sl_hit,Hermes-accel-300-v2-,confluence-,closed,f,2026-08-28 02:36:49.618959,2026-08-28 04:12:22.585505
14479,ARB,SHORT,0.09048000,0.09003000,0.06,2.4867,11.10,5,atr_sl_hit,Hermes-accel-300-v2-,closed,f,2026-08-28 02:36:59.60585,2026-08-28 03:17:47.184262
14480,SYRUP,SHORT,0.18724000,0.18678000,0.03,0.7370,11.10,3,atr_sl_hit,Hermes-accel-300-v2-,closed,f,2026-08-28 02:37:09.619051,2026-08-28 03:06:24.057985
14481,CFX,SHORT,0.04706500,0.04702000,0.01,0.4781,11.10,5,atr_sl_hit,Hermes-accel-300-v2-,closed,f,2026-08-28 02:59:59.453811,2026-08-28 03:16:21.165525
14482,GMT,SHORT,0.00705000,0.00710400,-0.09,-2.2979,11.10,3,atr_sl_hit,Hermes-accel-300-v2-,closed,f,2026-08-28 03:07:49.954682,2026-08-28 03:27:20.89821
14483,BIGTIME,SHORT,0.00633100,0.00632500,0.01,0.2843,11.10,3,atr_sl_hit,Hermes-accel-300-v2-,closed,f,2026-08-28 03:14:34.711666,2026-08-28 04:13:58.571085
14484,LTC,SHORT,49.25900000,49.22500000,0.01,0.3451,11.10,5,atr_sl_hit,Hermes-accel-300-v2-,closed,f,2026-08-28 03:17:42.964193,2026-08-28 05:36:16.94565
14485,APT,SHORT,0.56310000,0.56300000,0.00,0.0888,11.10,5,atr_sl_hit,Hermes-accel-300-v2-,rs-r94,rs-r96,closed,f,2026-08-28 03:18:34.981845,2026-08-28 04:13:46.974936
14486,ONDO,LONG,0.37099000,0.37057000,-0.01,-0.5661,11.10,5,cascade_flip,Hermes-r2-trend-long3,rs-s54,rs-s55,rs-s57,closed,f,2026-08-28 03:28:52.546537,2026-08-28 03:34:25.654978
14488,HBAR,SHORT,0.07757000,0.07819300,-0.09,-4.0157,11.10,5,atr_sl_hit,Hermes-accel-300-v2-,closed,f,2026-08-28 04:13:44.516662,2026-08-28 06:16:20.692626
14489,AVNT,SHORT,0.10142000,0.10088000,0.06,2.6622,11.10,5,atr_sl_hit,Hermes-accel-300-v2-,closed,f,2026-08-28 04:14:48.583095,2026-08-28 06:17:44.905298
14490,ARB,SHORT,0.09026000,0.08996000,0.04,1.6619,11.10,5,atr_sl_hit,Hermes-accel-300-v2-,rs-r190,closed,f,2026-08-28 04:15:40.670431,2026-08-28 05:30:23.329291
14491,BLUR,SHORT,0.01595900,0.01591400,0.03,0.8459,11.10,3,atr_sl_hit,Hermes-accel-300-v2-,closed,f,2026-08-28 05:31:53.265525,2026-08-28 07:17:43.395574
14492,POL,SHORT,0.10596000,0.10694000,-0.10,-4.6244,11.10,5,atr_sl_hit,Hermes-accel-300-v2-,closed,f,2026-08-28 05:45:30.055126,2026-08-28 06:05:19.18926
14493,USUAL,SHORT,0.01139000,0.01128000,0.11,2.8973,11.10,3,atr_sl_hit,Hermes-accel-300-v2-,closed,f,2026-08-28 06:07:13.218472,2026-08-28 07:17:35.708258
14494,WLD,SHORT,0.40269000,0.40243000,0.01,0.3228,11.10,5,atr_sl_hit,Hermes-bb-bounce-short,closed,f,2026-08-28 06:17:42.687175,2026-08-28 07:16:23.102669
14495,FOGO,SHORT,0.00920900,0.00913900,0.08,2.2804,11.10,3,atr_sl_hit,Hermes-bb-bounce-short,closed,f,2026-08-28 06:22:48.070994,2026-08-28 09:11:26.114961
14496,POL,SHORT,0.10679000,0.10771000,-0.10,-4.3075,11.10,5,atr_sl_hit,Hermes-bb-bounce-short,closed,f,2026-08-28 07:06:55.661565,2026-08-28 08:13:20.941224
14497,ASTER,SHORT,0.70057000,0.69880000,0.03,1.2633,11.10,5,atr_sl_hit,Hermes-accel-300-v2-,closed,f,2026-08-28 07:17:33.386442,2026-08-28 08:36:21.724375
14498,AVNT,SHORT,0.10043000,0.10042000,0.00,0.0498,11.10,5,atr_sl_hit,Hermes-accel-300-v2-,closed,f,2026-08-28 07:18:29.503484,2026-08-28 08:23:22.983668
14499,IO,SHORT,0.13545000,0.13665000,-0.10,-2.6578,11.10,3,atr_sl_hit,Hermes-accel-300-v2-,closed,f,2026-08-28 07:18:57.515663,2026-08-28 07:46:21.34468
14500,XPL,SHORT,0.08535800,0.08618700,-0.11,-4.8560,11.10,5,atr_sl_hit,Hermes-accel-300-v2-,closed,f,2026-08-28 07:47:56.005507,2026-08-28 08:10:23.98241
14501,SUSHI,SHORT,0.19039000,0.18975000,0.04,1.0085,11.10,3,atr_sl_hit,Hermes-accel-300-v2-,closed,f,2026-08-28 08:11:50.184153,2026-08-28 10:10:26.849237
14502,CC,SHORT,0.11111000,0.11202000,-0.09,-2.4570,11.10,3,atr_sl_hit,Hermes-accel-300-v2-,closed,f,2026-08-28 09:07:34.921377,2026-08-28 09:57:21.47632
14503,ASTER,SHORT,0.69625000,0.70235000,-0.10,-4.3806,11.10,5,atr_sl_hit,Hermes-accel-300-v2-,closed,f,2026-08-28 09:07:50.922649,2026-08-28 10:40:28.313467
14504,TURBO,SHORT,0.00097600,0.00097500,0.01,0.3074,11.10,3,atr_sl_hit,Hermes-accel-300-v2-,closed,f,2026-08-28 09:08:02.92219,2026-08-28 10:11:32.99453
14505,W,SHORT,0.00940000,0.00940000,0.00,0.0000,11.10,5,atr_sl_hit,Hermes-accel-300-v2-,closed,f,2026-08-28 09:12:32.074057,2026-08-28 10:13:26.190243
14506,ADA,SHORT,0.20679000,0.20851000,-0.09,-4.1588,11.10,5,atr_sl_hit,Hermes-accel-300-v2-,closed,f,2026-08-28 10:02:54.225872,2026-08-28 10:53:18.472446
14507,AIXBT,SHORT,0.02059800,0.02077800,-0.10,-2.6216,11.10,3,atr_sl_hit,Hermes-accel-300-v2-,closed,f,2026-08-28 10:11:28.769507,2026-08-28 11:00:17.430442
14508,ME,SHORT,0.06284000,0.06212000,0.13,3.4373,11.10,3,atr_sl_hit,Hermes-accel-300-v2-,closed,f,2026-08-28 10:12:31.834827,2026-08-28 10:47:25.668624
14509,NEO,SHORT,2.14710000,2.16680000,-0.10,-4.5876,11.10,5,atr_sl_hit,Hermes-accel-300-v2-,closed,f,2026-08-28 10:15:48.349964,2026-08-28 10:40:22.628284
14510,BABY,SHORT,0.01268000,0.01280000,-0.11,-2.8391,11.10,3,atr_sl_hit,Hermes-macd-div-,closed,f,2026-08-28 11:32:23.055137,2026-08-28 12:45:15.087078
14511,ME,SHORT,0.06239000,0.06196000,0.08,2.0676,11.10,3,atr_sl_hit,Hermes-accel-300-v2-,closed,f,2026-08-28 11:41:32.457017,2026-08-28 13:35:22.001279
14512,ONDO,SHORT,0.36647000,0.36415000,0.07,3.1653,11.10,5,atr_sl_hit,Hermes-confluence-,engulfing-,r2-trend-short3,closed,f,2026-08-28 11:46:54.757691,2026-08-28 14:09:34.606472
14513,ASTER,SHORT,0.69675000,0.69463000,0.03,1.5213,11.10,5,atr_sl_hit,Hermes-accel-300-v2-,closed,f,2026-08-28 12:17:32.96621,2026-08-28 14:09:30.067282
14514,NEAR,SHORT,1.88010000,1.86030000,0.12,5.2657,11.10,5,atr_sl_hit,Hermes-bb-bounce-short,closed,f,2026-08-28 12:18:01.190873,2026-08-28 13:55:25.134532
14515,PUMP,SHORT,0.00472100,0.00470100,0.05,2.1182,11.10,5,atr_sl_hit,Hermes-accel-300-v2-,closed,f,2026-08-28 12:46:35.264433,2026-08-28 14:02:22.514806
14516,FOGO,SHORT,0.00904200,0.00899100,0.06,1.6921,11.10,3,atr_sl_hit,Hermes-accel-300-v2-,closed,f,2026-08-28 13:36:50.310648,2026-08-28 14:09:24.496265
14517,BCH,SHORT,255.81000000,253.66000000,0.09,4.2023,11.10,5,atr_tp_hit,Hermes-accel-300-v2-,closed,f,2026-08-28 14:05:50.641559,2026-08-28 14:06:44.914509
14518,ZEN,SHORT,5.05410000,5.11040000,-0.12,-5.5697,11.10,5,atr_sl_hit,Hermes-accel-300-v2-,closed,f,2026-08-28 14:06:40.661735,2026-08-28 14:32:18.372496
14519,IO,SHORT,0.13311000,0.13473000,-0.14,-3.6511,11.10,3,atr_sl_hit,Hermes-accel-300-v2-,closed,f,2026-08-28 14:07:47.254736,2026-08-28 14:33:48.444747
14520,PUMP,SHORT,0.00467900,0.00473600,-0.14,-6.0910,11.10,5,atr_sl_hit,Hermes-accel-300-v2-,closed,f,2026-08-28 14:10:36.120988,2026-08-28 14:21:17.257478
14521,INJ,SHORT,5.33850000,5.39120000,-0.11,-4.9358,11.10,5,atr_sl_hit,Hermes-accel-300-v2-,confluence-,rs-r102,closed,f,2026-08-28 14:11:10.120948,2026-08-28 14:33:32.964499
14522,ICP,SHORT,2.38420000,2.40890000,-0.12,-5.1799,11.10,5,atr_sl_hit,Hermes-accel-300-v2-,rs-r156,closed,f,2026-08-28 14:11:52.153142,2026-08-28 14:33:28.332077
14523,MON,SHORT,0.02743800,0.02770100,-0.11,-4.7926,11.10,5,atr_sl_hit,Hermes-accel-300-v2-,confluence-,rs-r52,closed,f,2026-08-28 14:22:42.990714,2026-08-28 14:33:22.801566
14524,BCH,SHORT,253.48000000,249.10000000,0.19,8.6397,11.10,5,atr_sl_hit,Hermes-accel-300-v2-,closed,f,2026-08-28 15:11:46.77324,2026-08-28 16:06:42.50779
14525,COMP,SHORT,18.94300000,18.00500000,0.55,24.7585,11.10,5,atr_sl_hit,Hermes-accel-300-v2-,closed,f,2026-08-28 15:12:18.781291,2026-08-28 16:04:16.153791
14526,ME,SHORT,0.06142000,0.06072000,0.13,3.4191,11.10,3,atr_sl_hit,Hermes-accel-300-v2-,closed,f,2026-08-28 15:15:36.956593,2026-08-28 16:06:30.51197
14527,PURR,SHORT,0.13146000,0.13314000,-0.14,-3.8339,11.10,3,atr_sl_hit,Hermes-accel-300-v2-,closed,f,2026-08-28 15:17:13.000578,2026-08-28 15:37:19.292241
14528,BABY,SHORT,0.01264500,0.01250800,0.12,3.2503,11.10,3,atr_sl_hit,Hermes-macd-div-,closed,f,2026-08-28 15:17:32.992982,2026-08-28 16:06:22.593478
14529,ZRO,SHORT,1.12670000,1.09050000,0.36,16.0646,11.10,5,atr_sl_hit,Hermes-accel-300-v2-,closed,f,2026-08-28 16:07:49.303459,2026-08-28 16:28:32.429321
14530,CC,SHORT,0.11016000,0.10937000,0.08,2.1514,11.10,3,atr_sl_hit,Hermes-accel-300-v2-,closed,f,2026-08-28 16:07:59.377169,2026-08-28 16:32:15.615489
14531,BIGTIME,SHORT,0.00630100,0.00617500,0.22,5.9990,11.10,3,atr_sl_hit,Hermes-accel-300-v2-,closed,f,2026-08-28 16:08:11.311907,2026-08-28 16:28:22.469755
14532,AVNT,SHORT,0.09944500,0.09848300,0.11,4.8368,11.10,5,atr_sl_hit,Hermes-accel-300-v2-,closed,f,2026-08-28 16:08:23.358349,2026-08-28 16:21:45.381336
14533,SAND,SHORT,0.03912400,0.03904000,0.02,1.0735,11.10,5,atr_sl_hit,Hermes-accel-300-v2-,closed,f,2026-08-28 16:08:46.528161,2026-08-28 16:20:16.389094
14534,BTC,SHORT,77602.00000000,77441.00000000,0.02,1.0373,11.10,5,atr_sl_hit,Hermes-accel-300-v2-,closed,f,2026-08-28 16:21:43.132975,2026-08-28 16:28:19.521976
14535,WLFI,SHORT,0.05748100,0.05746400,0.00,0.1479,11.10,5,atr_sl_hit,Hermes-accel-300-v2-,closed,f,2026-08-28 16:31:44.794702,2026-08-28 19:13:18.522505
14536,AVAX,SHORT,7.28940000,7.24460000,0.07,3.0730,11.10,5,atr_sl_hit,Hermes-accel-300-v2-,closed,f,2026-08-28 16:32:13.279208,2026-08-28 19:00:15.522328
14537,POL,LONG,0.10710000,0.10756000,0.05,2.1475,11.10,5,atr_sl_hit,Hermes-r2-trend-long3,rs-s142,rs-s155,rs-s47,closed,f,2026-08-28 16:47:34.812467,2026-08-28 18:24:19.343
14538,YGG,SHORT,0.02208300,0.02226800,-0.09,-2.5132,11.10,3,atr_sl_hit,Hermes-accel-300-v2-,closed,f,2026-08-28 17:06:25.381807,2026-08-28 17:21:19.485794
14539,WLD,SHORT,0.38843000,0.38057000,0.22,10.1177,11.10,5,atr_sl_hit,Hermes-accel-300-v2-,closed,f,2026-08-28 17:06:35.39038,2026-08-28 18:54:23.364561
14540,CRV,SHORT,0.30854000,0.30449000,0.15,6.5632,11.10,5,atr_sl_hit,Hermes-accel-300-v2-,closed,f,2026-08-28 17:22:34.798096,2026-08-28 18:55:41.708978
14541,ENS,SHORT,5.60730000,5.61020000,-0.01,-0.2586,11.10,5,atr_sl_hit,Hermes-accel-300-v2-,closed,f,2026-08-28 18:25:55.333437,2026-08-28 18:54:20.502671
14542,HYPE,SHORT,78.80500000,79.41600000,-0.09,-3.8767,11.10,5,atr_sl_hit,Hermes-accel-300-v2-,closed,f,2026-08-28 18:55:29.433983,2026-08-28 19:02:27.414503
14543,PUMP,SHORT,0.00461500,0.00465300,-0.09,-4.1170,11.10,5,atr_sl_hit,Hermes-accel-300-v2-,closed,f,2026-08-28 18:55:39.455397,2026-08-28 19:01:29.575957
14544,ZEN,SHORT,4.89780000,4.93720000,-0.09,-4.0222,11.10,5,atr_sl_hit,Hermes-accel-300-v2-,closed,f,2026-08-28 18:56:31.019539,2026-08-28 19:22:20.158186
14545,SAND,SHORT,0.03857200,0.03851300,0.02,0.7648,11.10,5,atr_sl_hit,Hermes-accel-300-v2-,closed,f,2026-08-28 19:01:25.200269,2026-08-28 20:22:20.191279
14546,CC,SHORT,0.10956000,0.11047000,-0.09,-2.4918,11.10,3,atr_sl_hit,Hermes-accel-300-v2-,closed,f,2026-08-28 19:02:25.092637,2026-08-28 20:19:18.855103
14547,AVNT,SHORT,0.09824300,0.09827700,0.00,-0.1730,11.10,5,atr_sl_hit,Hermes-accel-300-v2-,closed,f,2026-08-28 19:03:27.159843,2026-08-28 19:12:18.772815
14548,FIL,SHORT,0.67893000,0.67837000,0.01,0.4124,11.10,5,atr_sl_hit,Hermes-bb-bounce-short,closed,f,2026-08-28 20:54:09.326793,2026-08-28 22:08:18.57895
14549,LDO,SHORT,0.35819000,0.35641000,0.06,2.4847,11.10,5,atr_sl_hit,Hermes-bb-bounce-short,closed,f,2026-08-28 20:56:57.036067,2026-08-28 22:11:19.90949
14550,AIXBT,SHORT,0.02009400,0.02027500,-0.10,-2.7023,11.10,3,atr_sl_hit,Hermes-bb-bounce-short,closed,f,2026-08-28 20:57:09.044252,2026-08-28 22:53:16.345349
14551,HBAR,SHORT,0.07677400,0.07622200,0.08,3.5950,11.10,5,atr_sl_hit,Hermes-bb-bounce-short,closed,f,2026-08-28 20:57:51.027053,2026-08-28 22:55:18.637126
14552,MET,SHORT,0.21079000,0.21037000,0.02,0.5978,11.10,3,atr_sl_hit,Hermes-bb-bounce-short,closed,f,2026-08-28 21:01:34.474022,2026-08-28 21:32:15.510428
14553,IMX,SHORT,0.12671000,0.12655000,0.01,0.6314,11.10,5,atr_sl_hit,Hermes-bb-bounce-short,closed,f,2026-08-28 21:33:32.211962,2026-08-28 22:08:15.633325
14554,MET,SHORT,0.20698000,0.20877000,-0.10,-2.5945,11.10,3,atr_sl_hit,Hermes-accel-300-v2-,closed,f,2026-08-28 22:35:37.618794,2026-08-28 23:25:19.768607
14555,ICP,SHORT,2.37310000,2.39400000,-0.10,-4.4035,11.10,5,atr_sl_hit,Hermes-bb-bounce-short,closed,f,2026-08-28 22:41:23.141843,2026-08-28 23:44:15.459842
14556,AVAX,SHORT,7.29740000,7.29590000,0.00,0.1028,11.10,5,atr_sl_hit,Hermes-bb-bounce-short,closed,f,2026-08-28 22:57:37.836853,2026-08-29 04:50:18.97911
14557,CFX,SHORT,0.04551500,0.04589200,-0.09,-4.1415,11.10,5,atr_sl_hit,Hermes-bb-bounce-short,closed,f,2026-08-28 23:07:42.788158,2026-08-29 01:54:20.921345
14558,BANANA,SHORT,3.86210000,3.86530000,-0.01,-0.2486,11.10,3,atr_sl_hit,Hermes-bb-bounce-short,closed,f,2026-08-28 23:11:40.115393,2026-08-29 04:32:19.798531
14559,AVNT,SHORT,0.09955900,0.09955000,0.00,0.0452,11.10,5,atr_sl_hit,Hermes-bb-bounce-short,closed,f,2026-08-28 23:26:27.121279,2026-08-29 02:41:20.642515
14560,FIL,SHORT,0.68605000,0.68523000,0.01,0.5976,11.10,5,atr_sl_hit,Hermes-bb-bounce-short,closed,f,2026-08-29 00:27:36.127393,2026-08-29 03:28:17.602778
14561,ZRO,SHORT,1.06600000,1.07500000,-0.09,-4.2214,11.10,5,atr_sl_hit,Hermes-accel-300-v2-short-,closed,f,2026-08-29 02:26:39.164113,2026-08-29 02:51:20.754333
14562,CFX,SHORT,0.04598100,0.04573700,0.06,2.6533,11.10,5,atr_sl_hit,Hermes-bb-bounce-short,closed,f,2026-08-29 02:42:41.182299,2026-08-29 04:41:19.761924
14563,MET,SHORT,0.20479000,0.20652000,-0.10,-2.5343,11.10,3,atr_sl_hit,Hermes-accel-300-v2-short-,closed,f,2026-08-29 04:11:39.460567,2026-08-29 04:33:18.186868
14564,KAS,SHORT,0.02794400,0.02781300,0.05,1.4064,11.10,3,atr_sl_hit,Hermes-bb-bounce-short,closed,f,2026-08-29 05:02:28.651489,2026-08-29 07:06:19.299105
14565,DOT,SHORT,0.84226000,0.84044000,0.02,1.0804,11.10,5,atr_sl_hit,Hermes-bb-bounce-short,closed,f,2026-08-29 05:21:41.529861,2026-08-29 07:05:20.919636
14566,LTC,SHORT,49.13300000,48.95700000,0.04,1.7911,11.10,5,atr_sl_hit,Hermes-bb-bounce-short,ichimoku-,closed,f,2026-08-29 05:31:47.7469,2026-08-29 14:10:18.710485
14567,SEI,SHORT,0.04587300,0.04573500,0.03,1.5042,11.10,5,atr_sl_hit,Hermes-bb-bounce-short,closed,f,2026-08-29 05:32:14.863408,2026-08-29 11:18:21.844868
14568,DOGE,SHORT,0.08513300,0.08462800,0.07,2.9659,11.10,5,atr_sl_hit,Hermes-bb-bounce-short,closed,f,2026-08-29 05:32:36.581671,2026-08-29 10:21:17.519624
14569,SYRUP,SHORT,0.17616000,0.17542000,0.05,1.2602,11.10,3,atr_sl_hit,Hermes-bb-bounce-short,confluence-,ichimoku-,closed,f,2026-08-29 07:46:48.999101,2026-08-29 09:16:18.510733
14570,CRV,SHORT,0.30712000,0.30151000,0.20,9.1332,11.10,5,atr_sl_hit,Hermes-bb-bounce-short,closed,f,2026-08-29 07:51:56.825259,2026-08-29 12:21:25.630781
14571,XPL,SHORT,0.08312300,0.08382700,-0.09,-4.2347,11.10,5,atr_sl_hit,Hermes-bb-bounce-short,closed,f,2026-08-29 09:21:41.803738,2026-08-29 10:00:20.177905
14572,STX,SHORT,0.24652000,0.24340000,0.14,6.3281,11.10,5,atr_sl_hit,Hermes-accel-300-v2-short-,closed,f,2026-08-29 10:01:25.619404,2026-08-29 11:49:23.696848
14573,INJ,SHORT,5.03920000,5.03160000,0.02,0.7541,11.10,5,atr_sl_hit,Hermes-bb-bounce-short,confluence-,ichimoku-,closed,f,2026-08-29 10:22:38.552254,2026-08-29 11:51:20.518464
14574,ZRO,SHORT,1.06850000,1.06560000,0.03,1.3570,11.10,5,atr_sl_hit,Hermes-bb-bounce-short,closed,f,2026-08-29 11:21:58.847707,2026-08-29 13:39:13.239537
14575,GRASS,SHORT,0.35091000,0.35456000,-0.12,-3.1205,11.10,3,atr_sl_hit,Hermes-bb-bounce-short,closed,f,2026-08-29 11:50:31.621436,2026-08-29 12:07:19.409868
14576,YGG,SHORT,0.02204900,0.02201000,0.02,0.5306,11.10,3,atr_sl_hit,Hermes-ichimoku-,r2-trend-short4,closed,f,2026-08-29 11:52:48.074644,2026-08-29 12:17:22.246887
14577,AVNT,SHORT,0.09810800,0.09893500,-0.09,-4.2147,11.10,5,atr_sl_hit,Hermes-accel-300-v2-short-,closed,f,2026-08-29 12:11:29.53183,2026-08-29 12:54:19.4117
14578,NEAR,SHORT,1.79790000,1.81370000,-0.10,-4.3940,11.10,5,atr_sl_hit,Hermes-confluence-,ichimoku-,closed,f,2026-08-29 12:36:51.474867,2026-08-29 13:57:13.398088
14579,NXPC,SHORT,0.20874000,0.20867000,0.00,0.1006,11.10,3,atr_sl_hit,Hermes-bb-bounce-short,closed,f,2026-08-29 12:41:42.792513,2026-08-29 13:19:13.10665
14580,ETC,SHORT,7.48490000,7.53930000,-0.08,-3.6340,11.10,5,atr_sl_hit,Hermes-bb-bounce-short,closed,f,2026-08-29 12:55:21.159424,2026-08-29 14:45:14.166175
14581,ASTER,SHORT,0.69968000,0.69789000,0.03,1.2792,11.10,5,atr_sl_hit,Hermes-bb-bounce-short,closed,f,2026-08-29 13:20:24.279904,2026-08-29 18:16:16.702512
14582,DYDX,SHORT,0.10951000,0.10928000,0.02,1.0501,11.10,5,atr_sl_hit,Hermes-bb-bounce-short,closed,f,2026-08-29 13:40:53.962047,2026-08-29 18:38:17.348781
14583,BCH,SHORT,244.99000000,247.07000000,-0.10,-4.2451,11.10,5,atr_sl_hit,Hermes-bb-bounce-short,closed,f,2026-08-29 13:59:01.022189,2026-08-29 18:38:14.535956
14584,YGG,SHORT,0.02207400,0.02230100,-0.11,-3.0851,11.10,3,atr_sl_hit,Hermes-bb-bounce-short,closed,f,2026-08-29 14:11:42.565017,2026-08-29 14:47:15.786602
14585,INJ,SHORT,5.08990000,5.07930000,0.02,1.0413,11.10,5,atr_sl_hit,Hermes-bb-bounce-short,ichimoku-,closed,f,2026-08-29 14:47:13.129413,2026-08-29 16:03:15.786611
14586,ZRO,SHORT,1.09300000,1.10500098,-0.12,-5.4899,11.10,5,atr_sl_hit,Hermes-macd-div-,closed,f,2026-08-29 15:21:38.802176,2026-08-29 15:41:17.928498
14587,USUAL,LONG,0.01131000,0.01135000,0.04,1.0610,11.10,3,atr_sl_hit,Hermes-engulfing+,rs-s103,rs-s99,closed,f,2026-08-29 15:42:39.210611,2026-08-29 17:17:18.193793
14588,CHIP,SHORT,0.04115400,0.04124600,-0.02,-0.6707,11.10,3,cascade_flip,Hermes-macd-div-,closed,f,2026-08-29 17:16:43.962569,2026-08-29 17:56:14.732271
14589,SUSHI,SHORT,0.19049000,0.19032000,0.01,0.2677,11.10,3,atr_sl_hit,Hermes-confluence-,ichimoku-,closed,f,2026-08-29 17:36:36.726424,2026-08-29 18:33:17.762204
14591,ADA,SHORT,0.20093000,0.20092000,0.00,0.0249,11.10,5,atr_sl_hit,Hermes-bb-bounce-short,ichimoku-,closed,f,2026-08-29 18:37:36.842836,2026-08-30 05:09:13.469898
14592,CHIP,SHORT,0.04161300,0.04157000,0.01,0.3100,11.10,3,atr_sl_hit,Hermes-macd-div-,closed,f,2026-08-29 18:46:34.855703,2026-08-29 19:18:32.492398
14593,CRV,SHORT,0.30314000,0.30050000,0.10,4.3544,11.10,5,atr_sl_hit,Hermes-bb-bounce-short,closed,f,2026-08-29 18:57:35.298115,2026-08-30 01:34:17.134205
14594,DOGE,SHORT,0.08533400,0.08510500,0.03,1.3418,11.10,5,atr_sl_hit,Hermes-ichimoku-,rs-r84,closed,f,2026-08-29 19:03:38.360049,2026-08-30 05:04:15.648884
14595,ZORA,SHORT,0.00612000,0.00608300,0.07,1.8137,11.10,3,atr_sl_hit,Hermes-bb-bounce-short,closed,f,2026-08-29 19:32:20.986707,2026-08-29 20:42:17.146811
14596,KAS,SHORT,0.02788500,0.02772000,0.07,1.7751,11.10,3,atr_sl_hit,Hermes-bb-bounce-short,closed,f,2026-08-29 19:37:24.291178,2026-08-29 23:47:16.168656
14597,DOT,SHORT,0.84285000,0.83830000,0.06,2.6992,11.10,5,atr_sl_hit,Hermes-bb-bounce-short,closed,f,2026-08-29 20:43:32.908975,2026-08-30 02:52:19.115924
14598,DYDX,SHORT,0.10883000,0.10842000,0.04,1.8837,11.10,5,atr_sl_hit,Hermes-bb-bounce-short,closed,f,2026-08-29 23:57:39.462593,2026-08-30 02:37:15.142198
14599,KAS,SHORT,0.02758800,0.02781800,-0.09,-2.5011,11.10,3,atr_sl_hit,Hermes-bb-bounce-short,closed,f,2026-08-30 03:52:32.051312,2026-08-30 06:27:19.18313
14600,STX,SHORT,0.24223000,0.24466000,-0.11,-5.0159,11.10,5,atr_sl_hit,Hermes-confluence-,ichimoku-,closed,f,2026-08-30 04:01:24.656792,2026-08-30 05:05:18.47648
14601,ONDO,SHORT,0.35147000,0.35403031,-0.08,-3.6423,11.10,5,atr_sl_hit,Hermes-bb-bounce-short,closed,f,2026-08-30 04:37:34.144503,2026-08-30 06:00:18.891044
14602,GMT,SHORT,0.00694300,0.00694600,0.00,-0.1296,11.10,3,atr_sl_hit,Hermes-bb-bounce-short,closed,f,2026-08-30 05:31:38.407496,2026-08-30 09:07:16.933711
14603,MET,SHORT,0.20048000,0.20008000,0.02,0.5986,11.10,3,atr_sl_hit,Hermes-bb-bounce-short,closed,f,2026-08-30 05:38:00.638729,2026-08-30 06:59:18.333986
14604,SAND,SHORT,0.03851000,0.03884700,-0.10,-4.3755,11.10,5,atr_sl_hit,Hermes-bb-bounce-short,closed,f,2026-08-30 06:01:44.515122,2026-08-30 09:59:20.267909
14605,YGG,SHORT,0.02229500,0.02222000,0.04,1.0092,11.10,3,atr_sl_hit,Hermes-macd-div-,rs-r81,closed,f,2026-08-30 06:21:45.727575,2026-08-30 08:51:17.109877
14606,FOGO,LONG,0.00761000,0.00754400,-0.10,-2.6018,11.10,3,atr_sl_hit,Hermes-confluence+,closed,f,2026-08-30 06:28:35.113957,2026-08-30 09:28:22.925913
14607,STX,SHORT,0.24508000,0.24353000,0.07,3.1622,11.10,5,atr_sl_hit,Hermes-ichimoku-,r2-trend-short3,closed,f,2026-08-30 07:30:31.281757,2026-08-30 08:03:20.491586
14608,APT,LONG,0.54090000,0.54480000,0.08,3.6051,11.10,5,atr_sl_hit,Hermes-bb-bounce-long+,rs-s54,closed,f,2026-08-30 08:06:40.970198,2026-08-30 14:22:13.459724
14609,TURBO,LONG,0.00101000,0.00101100,0.01,0.2970,11.10,3,atr_sl_hit,Hermes-ichimoku+,rs-s144,closed,f,2026-08-30 09:00:27.727412,2026-08-30 11:25:17.598899
14610,BABY,LONG,0.01236900,0.01241400,0.04,1.0914,11.10,3,atr_sl_hit,Hermes-engulfing+,rs-s114,rs-s164,closed,f,2026-08-30 09:35:27.413685,2026-08-30 10:45:19.563303
14611,KAS,LONG,0.02776000,0.02794000,0.07,1.9452,11.10,3,atr_sl_hit,Hermes-bb-bounce-long+,engulfing+,closed,f,2026-08-30 09:44:24.998422,2026-08-30 12:35:15.287353
14612,FOGO,LONG,0.00756800,0.00757700,0.01,0.3568,11.10,3,atr_sl_hit,Hermes-r2-trend-long4,rs-s122,closed,f,2026-08-30 10:33:30.256908,2026-08-30 13:40:20.634305
14613,ATOM,SHORT,1.48060000,1.49790000,-0.13,-5.8422,11.10,5,atr_sl_hit,Hermes-bb-bounce-short,closed,f,2026-08-30 11:01:35.272777,2026-08-30 12:57:17.883825
14614,SEI,SHORT,0.04549700,0.04585500,-0.09,-3.9343,11.10,5,atr_sl_hit,Hermes-bb-bounce-short,closed,f,2026-08-30 11:26:31.206288,2026-08-30 12:13:20.108663
14615,BABY,LONG,0.01252100,0.01264700,0.11,3.0189,11.10,3,atr_sl_hit,Hermes-engulfing+,rs-s90,closed,f,2026-08-30 12:14:26.320526,2026-08-30 13:42:15.757326
14616,ETC,SHORT,7.45760000,7.44380000,0.02,0.9252,11.10,5,atr_sl_hit,Hermes-bb-bounce-short,closed,f,2026-08-30 14:02:27.023992,2026-08-30 15:37:17.932042
14617,JUP,SHORT,0.21817000,0.22139000,-0.16,-7.3796,11.10,5,atr_sl_hit,Hermes-macd-div-,closed,f,2026-08-30 14:12:47.311775,2026-08-30 15:36:13.473976
14618,TURBO,LONG,0.00100800,0.00099500,-0.14,-3.8690,11.10,3,atr_sl_hit,Hermes-ichimoku+,rs-s30,closed,f,2026-08-30 14:41:25.175894,2026-08-30 15:15:16.41358
14619,ATOM,LONG,1.48580000,1.48720000,0.01,0.4711,11.10,5,atr_sl_hit,Hermes-bb-bounce-long+,rs-s99,closed,f,2026-08-30 15:27:31.819945,2026-08-30 19:41:15.046382
14620,IO,LONG,0.13109000,0.13283000,0.15,3.9820,11.10,3,atr_sl_hit,Hermes-bb-bounce-long+,engulfing+,closed,f,2026-08-30 16:01:33.961492,2026-08-30 17:25:17.668816
14621,APT,SHORT,0.54140000,0.54610000,-0.10,-4.3406,11.10,5,atr_sl_hit,Hermes-ichimoku-,rs-r82,closed,f,2026-08-30 16:09:13.438544,2026-08-30 16:16:14.365953
14622,ETC,LONG,7.49490000,7.41500000,-0.12,-5.3303,11.10,5,atr_sl_hit,Hermes-engulfing+,rs-s131,rs-s140,closed,f,2026-08-30 17:03:25.974846,2026-08-30 17:25:13.669491
14623,APT,SHORT,0.54420000,0.54910000,-0.10,-4.5020,11.10,5,atr_sl_hit,Hermes-ichimoku-,rs-r95,closed,f,2026-08-30 17:40:33.552226,2026-08-30 18:34:19.718903
14624,ZRO,SHORT,1.09320000,1.10440000,-0.11,-5.1226,11.10,5,atr_sl_hit,Hermes-macd-div-,closed,f,2026-08-30 18:21:40.153293,2026-08-30 18:32:19.694605
14625,ETC,SHORT,7.42360000,7.32620000,0.15,6.5602,11.10,5,atr_sl_hit,Hermes-ichimoku-,r2-trend-short3,closed,f,2026-08-30 19:40:27.227908,2026-08-30 21:06:19.581086
14626,APT,SHORT,0.54390000,0.54140000,0.05,2.2982,11.10,5,atr_sl_hit,Hermes-r2-trend-short3,rs-r37,closed,f,2026-08-30 19:42:37.605939,2026-08-30 20:52:13.681257
14627,GRASS,LONG,0.36469000,0.35993954,-0.14,-3.9078,11.10,3,atr_sl_hit,Hermes-bb-bounce-long+,ichimoku+,closed,f,2026-08-30 20:04:24.199482,2026-08-30 21:02:43.413421
14628,ZRO,LONG,1.07290000,1.07870000,0.06,2.7030,11.10,5,atr_sl_hit,Hermes-rs-s80,rs-s90,closed,f,2026-08-30 21:02:35.240965,2026-08-30 21:51:16.165899
14629,SEI,SHORT,0.04528000,0.04385000,0.35,15.7906,11.10,5,atr_sl_hit,Hermes-ichimoku-,rs-r117,closed,f,2026-08-30 22:06:46.176287,2026-08-30 23:52:20.853913
14630,ARB,SHORT,0.08428000,0.08410000,0.02,1.0679,11.10,5,atr_sl_hit,Hermes-confluence-,ichimoku-,closed,f,2026-08-30 23:36:27.0356,2026-08-30 23:52:16.859706
14631,DYDX,SHORT,0.10625000,0.10718000,-0.10,-4.3765,11.10,5,atr_sl_hit,Hermes-confluence-,ichimoku-,closed,f,2026-08-30 23:56:51.204251,2026-08-31 00:24:17.671207
14632,CRV,SHORT,0.30040000,0.29966000,0.03,1.2317,11.10,5,atr_sl_hit,Hermes-confluence-,ichimoku-,r2-trend-short4,closed,f,2026-08-31 01:51:35.640606,2026-08-31 02:10:16.308248
14633,CRV,SHORT,0.30000000,0.30221000,-0.08,-3.6833,11.10,5,atr_sl_hit,Hermes-ichimoku-,rs-r67,rs-r77,closed,f,2026-08-31 03:26:35.473785,2026-08-31 05:18:14.777501
14634,GMT,SHORT,0.00703400,0.00701000,0.04,1.0236,11.10,3,atr_sl_hit,Hermes-ichimoku-,rs-r80,closed,f,2026-08-31 03:41:33.272706,2026-08-31 04:42:14.694435
14635,XPL,SHORT,0.08710600,0.08735100,-0.03,-1.4063,11.10,5,cascade_flip,Hermes-macd-div-,closed,f,2026-08-31 04:16:39.990296,2026-08-31 04:38:13.6115
14637,LTC,SHORT,48.28200000,48.68200000,-0.09,-4.1423,11.10,5,atr_sl_hit,Hermes-confluence-,ichimoku-,closed,f,2026-08-31 04:56:27.346096,2026-08-31 06:17:14.363821
14638,W,SHORT,0.00928000,0.00934000,-0.07,-3.2328,11.10,5,cascade_flip,Hermes-macd-div-,closed,f,2026-08-31 06:06:26.280192,2026-08-31 06:21:15.611527
14640,INJ,SHORT,5.01960000,5.01300000,0.02,0.6574,11.10,5,atr_sl_hit,Hermes-macd-div-,closed,f,2026-08-31 06:56:36.414145,2026-08-31 08:43:16.655822
14641,CRV,SHORT,0.30562000,0.30816000,-0.09,-4.1555,11.10,5,atr_sl_hit,Hermes-ichimoku-,rs-r150,closed,f,2026-08-31 07:01:36.528279,2026-08-31 08:43:13.776432
14642,DYDX,LONG,0.10871000,0.10779000,-0.09,-4.2314,11.10,5,atr_sl_hit,Hermes-rs-s46,rs-s67,volume-breakout-long+,closed,f,2026-08-31 07:05:43.269468,2026-08-31 08:57:13.163298
14643,ARB,SHORT,0.08633000,0.08624000,0.01,0.5213,11.10,5,atr_sl_hit,Hermes-ichimoku-,macd-div-,closed,f,2026-08-31 07:56:40.667207,2026-08-31 08:36:13.333974
14644,ATOM,SHORT,1.48490000,1.47370000,0.08,3.7713,11.10,5,atr_sl_hit,Hermes-ichimoku-,r2-trend-short4,closed,f,2026-08-31 08:26:39.71971,2026-08-31 10:40:16.378167
14645,BANANA,LONG,3.81360000,3.78290000,-0.09,-2.4150,11.10,3,atr_sl_hit,Hermes-bb-bounce-long+,rs-s79,rs-s80,rs-s81,rs-s88,closed,f,2026-08-31 08:37:31.468734,2026-08-31 10:18:13.68943
14646,SUSHI,SHORT,0.19366000,0.19336000,0.02,0.4647,11.10,3,atr_sl_hit,Hermes-macd-div-,rs-r34,closed,f,2026-08-31 09:46:50.586921,2026-08-31 10:13:17.249479
14647,JUP,SHORT,0.20855000,0.21082000,-0.12,-5.4423,11.10,5,atr_sl_hit,Hermes-ichimoku-,macd-div-,closed,f,2026-08-31 10:21:35.700158,2026-08-31 10:53:14.77674
14648,BIGTIME,SHORT,0.00677600,0.00684200,-0.11,-2.9221,11.10,3,atr_sl_hit,Hermes-return_exhaustion-short,rs-r54,closed,f,2026-08-31 10:27:23.101331,2026-08-31 11:13:14.046696
14649,ME,LONG,0.06085000,0.06090000,0.01,0.2465,11.10,3,atr_sl_hit,Hermes-bb-bounce-long+,rs-s41,closed,f,2026-08-31 10:49:24.877205,2026-08-31 14:12:29.846472
14650,LINK,SHORT,11.29400000,11.21500000,0.08,3.4974,11.10,5,atr_sl_hit,Hermes-ichimoku-,rs-r71,closed,f,2026-08-31 11:17:41.361549,2026-08-31 14:31:18.061518
14651,ASTER,LONG,0.69403000,0.69535000,0.02,0.9510,11.10,5,atr_sl_hit,Hermes-bb-bounce-long+,rs-s32,closed,f,2026-08-31 11:49:24.98738,2026-08-31 13:36:17.368951
14652,SYRUP,LONG,0.17544000,0.17835000,0.19,4.9761,11.10,3,atr_sl_hit,Hermes-bb-bounce-long+,rs-s75,closed,f,2026-08-31 12:57:35.238949,2026-08-31 15:11:15.471175
14653,CRV,LONG,0.30621000,0.30621000,0.00,0.1796,11.10,5,atr_sl_hit,Hermes-bb-bounce-long+,engulfing+,closed,f,2026-08-31 13:05:36.249217,2026-08-31 13:40:15.085928
14654,DOGE,SHORT,0.08245500,0.08315300,-0.09,-4.2326,11.10,5,atr_sl_hit,Hermes-confluence-,ichimoku-,closed,f,2026-08-31 13:37:21.060123,2026-08-31 14:43:41.126803
14655,SUSHI,LONG,0.19302000,0.19121000,-0.10,-2.8132,11.10,3,atr_sl_hit,Hermes-rs-s45,rs-s54,volume-breakout-long+,closed,f,2026-08-31 14:43:38.458862,2026-08-31 15:14:19.159617
14656,ASTER,LONG,0.69550000,0.69513000,-0.01,-0.2660,11.10,5,cut-loser-MAE-GUARD,Hermes-engulfing+,rs-s90,rs-s92,rs-s93,closed,f,2026-08-31 15:20:03.822467,2026-08-31 15:20:20.724652
14657,TURBO,SHORT,0.00094700,0.00094600,0.01,0.3168,11.10,3,profit-monster-trail,Hermes-ichimoku-,rs-r40,closed,f,2026-08-31 15:21:45.278822,2026-08-31 16:02:36.211294
14658,CRV,LONG,0.31787000,0.31488000,-0.10,-4.7032,11.10,5,atr_sl_hit,Hermes-accel-300-v2-long,closed,f,2026-08-31 15:23:12.023057,2026-08-31 15:32:01.431333
14659,LINK,SHORT,11.35500000,11.35500000,0.00,0.0000,11.10,5,test_cleanup,ichimoku-,rs-r48,closed,f,2026-08-31 15:29:09.754904,2026-08-31 15:30:04.805765
14661,LINK,SHORT,11.35300000,11.35300000,0.00,0.0000,11.10,5,test_cleanup,ichimoku-,closed,f,2026-08-31 15:35:26.322785,2026-08-31 15:35:34.907304
14662,SAND,LONG,0.03805800,0.03771100,-0.10,-4.5588,11.10,5,atr_sl_hit,Hermes-accel-300-v2-long,closed,f,2026-08-31 16:04:42.146909,2026-08-31 16:10:17.78304
14663,ARB,LONG,0.08758000,0.08755000,0.00,-0.1713,11.10,5,profit-monster-trail,Hermes-accel-300-v2-long,closed,f,2026-08-31 16:05:41.025451,2026-08-31 16:51:52.380645
14664,YGG,LONG,0.02200200,0.02201200,0.01,0.1364,11.10,3,profit-monster-trail,Hermes-bb-bounce-long+,rs-s53,rs-s70,closed,f,2026-08-31 16:06:46.605317,2026-08-31 17:18:03.00438
14665,LINK,SHORT,11.31600000,11.41500000,-0.10,-4.3743,11.10,5,atr_sl_hit,Hermes-ichimoku-,rs-r48,rs-r49,closed,f,2026-08-31 16:33:39.934313,2026-08-31 18:16:17.341495
14666,TURBO,SHORT,0.00094300,0.00095300,-0.12,-3.1813,11.10,3,atr_sl_hit,Hermes-ichimoku-,rs-r54,closed,f,2026-08-31 16:33:49.927476,2026-08-31 16:45:17.670196
14667,ZEN,LONG,5.72530000,5.78510000,0.12,5.2224,11.10,5,atr_sl_hit,Hermes-accel-300-v2-long,closed,f,2026-08-31 16:42:25.266643,2026-08-31 17:17:15.826228
14668,DOGE,SHORT,0.08315000,0.08381500,-0.09,-3.9988,11.10,5,atr_sl_hit,Hermes-ichimoku-,rs-r70,closed,f,2026-08-31 17:38:32.000391,2026-08-31 18:45:17.840741
14669,PURR,LONG,0.12160000,0.12322000,0.15,3.9967,11.10,3,atr_sl_hit,Hermes-accel-300-v2-long,closed,f,2026-08-31 18:07:29.54659,2026-08-31 22:17:20.078952
14670,ZEN,LONG,5.84170000,5.78420000,-0.11,-4.9215,11.10,5,atr_sl_hit,Hermes-accel-300-v2-long,closed,f,2026-08-31 18:11:25.462645,2026-08-31 18:34:17.484734
14671,YGG,LONG,0.02197100,0.02180000,-0.09,-2.3349,11.10,3,atr_sl_hit,Hermes-bb-bounce-long+,rs-s85,closed,f,2026-08-31 19:01:54.02374,2026-08-31 23:03:29.250417
14672,JUP,LONG,0.21740000,0.21541000,-0.10,-4.5768,11.10,5,atr_sl_hit,Hermes-accel-300-v2-long,rs-s34,closed,f,2026-08-31 19:16:40.478668,2026-08-31 19:51:13.909182
14673,BANANA,LONG,3.86360000,3.87440000,0.03,0.8386,11.10,3,atr_sl_hit,Hermes-accel-300-v2-long,volume-breakout-long+,closed,f,2026-08-31 19:18:24.385262,2026-08-31 20:05:19.697607
14674,CRV,LONG,0.32310000,0.33319000,0.35,15.6144,11.10,5,atr_sl_hit,Hermes-accel-300-v2-long,volume-breakout-long+,closed,f,2026-08-31 19:36:42.449739,2026-08-31 20:35:14.347929
14675,ME,LONG,0.06107000,0.06137000,0.05,1.4737,11.10,3,profit-monster-trail,Hermes-bb-bounce-long+,rs-s164,closed,f,2026-08-31 19:52:22.642613,2026-09-01 00:33:30.031532
14676,NXPC,LONG,0.20505000,0.20599000,0.05,1.3753,11.10,3,profit-monster-trail,Hermes-bb-bounce-long+,rs-s33,rs-s38,closed,f,2026-08-31 20:06:36.027914,2026-09-01 00:30:28.873475
14677,SYRUP,LONG,0.18764000,0.18608000,-0.09,-2.4941,11.10,3,atr_sl_hit,Hermes-accel-300-v2-long,closed,f,2026-08-31 22:13:24.666847,2026-08-31 23:03:23.535893
14678,NOT,LONG,0.00047800,0.00047400,-0.08,-2.5105,11.10,3,atr_sl_hit,Hermes-accel-300-v2-long,closed,f,2026-08-31 22:26:28.602176,2026-08-31 22:29:18.295816
14679,CRV,LONG,0.33863000,0.34054000,0.06,2.8202,11.10,5,atr_sl_hit,Hermes-accel-300-v2-long,closed,f,2026-08-31 22:30:29.020035,2026-09-01 00:13:18.669648
14680,NOT,LONG,0.00048400,0.00048100,-0.07,-1.8595,11.10,3,atr_sl_hit,Hermes-accel-300-v2-long,closed,f,2026-08-31 23:04:29.283834,2026-08-31 23:18:24.732503
14681,W,SHORT,0.00921000,0.00920000,0.01,0.5429,11.10,5,profit-monster-trail,Hermes-bb-bounce-short,closed,f,2026-08-31 23:22:31.106825,2026-08-31 23:52:15.852088
14682,JUP,LONG,0.22408000,0.22529000,0.06,2.6999,11.10,5,profit-monster-trail,Hermes-bb-bounce-long+,closed,f,2026-09-01 00:10:37.128186,2026-09-01 00:34:30.33548
14683,DOGE,SHORT,0.08312800,0.08277400,0.05,2.1292,11.10,5,profit-monster-trail,Hermes-bb-bounce-short,rs-r68,rs-r69,closed,f,2026-09-01 00:47:45.875206,2026-09-01 01:37:51.389024
14684,MNT,SHORT,0.54954000,0.54827000,0.03,1.1555,11.10,5,profit-monster-trail,Hermes-bb-bounce-short,closed,f,2026-09-01 00:51:27.575047,2026-09-01 01:36:50.997899
14685,TURBO,SHORT,0.00094700,0.00094600,0.01,0.3168,11.10,3,profit-monster-trail,Hermes-r2-trend-short3,rs-r172,rs-r174,closed,f,2026-09-01 01:19:26.407837,2026-09-01 01:28:49.200479
14686,JUP,LONG,0.22289000,0.22128000,-0.08,-3.6116,11.10,5,atr_sl_hit,Hermes-bb-bounce-long+,closed,f,2026-09-01 01:51:43.682424,2026-09-01 02:04:15.986269
14687,YGG,SHORT,0.02225400,0.02218900,0.03,0.8762,11.10,3,profit-monster-trail,Hermes-r2-trend-short3,rs-r58,closed,f,2026-09-01 02:13:39.515538,2026-09-01 02:52:19.968989
14688,TURBO,LONG,0.00094100,0.00094700,0.07,1.9129,11.10,3,profit-monster-trail,Hermes-bb-bounce-long+,closed,f,2026-09-01 02:23:25.203087,2026-09-01 03:44:37.793379
14689,ARB,LONG,0.11317000,0.11155000,-0.16,-1.4315,11.10,5,hard_sl,Hermes-bb-bounce-long+,closed,f,2026-09-01 02:26:38.47354,2026-09-01 02:34:08.015394
14690,NXPC,LONG,0.20513000,0.20545000,0.02,0.4680,11.10,3,profit-monster-trail,Hermes-bb-bounce-long+,closed,f,2026-09-01 02:37:47.433581,2026-09-01 04:59:06.020039
14691,SYRUP,LONG,0.18580000,0.18805000,0.14,3.6329,11.10,3,profit-monster-trail,Hermes-bb-bounce-long+,closed,f,2026-09-01 02:51:46.889093,2026-09-01 04:15:46.793909
14692,SUSHI,LONG,0.19361000,0.19460000,0.06,1.5340,11.10,3,profit-monster-trail,Hermes-bb-bounce-long+,closed,f,2026-09-01 02:52:09.262295,2026-09-01 03:18:27.658484
14693,ASTER,LONG,0.70011000,0.70774000,0.12,5.4491,11.10,5,profit-monster-trail,Hermes-bb-bounce-long+,closed,f,2026-09-01 02:57:33.277383,2026-09-01 08:04:54.225596
14694,ARB,LONG,0.11443000,0.11333000,-0.11,-4.8064,11.10,5,atr_sl_hit,Hermes-accel-300-v2-long,closed,f,2026-09-01 03:21:31.397032,2026-09-01 03:31:16.702921
14695,NOT,LONG,0.00049500,0.00048700,-0.18,-4.8485,11.10,3,atr_sl_hit,Hermes-accel-300-v2-long,closed,f,2026-09-01 03:32:28.972427,2026-09-01 03:36:17.285465
14696,PONS,LONG,0.43390000,0.43536000,0.04,1.0094,11.10,3,atr_sl_hit,Hermes-accel-300-v2-long,closed,f,2026-09-01 04:15:26.590577,2026-09-01 04:34:17.550663
14697,CRV,LONG,0.35922000,0.35610000,-0.10,-4.3427,11.10,5,atr_sl_hit,Hermes-accel-300-v2-long,closed,f,2026-09-01 04:16:27.104411,2026-09-01 04:26:16.215462
14698,BCH,SHORT,248.35000000,251.03000000,-0.12,-5.3956,11.10,5,atr_sl_hit,Hermes-bb-bounce-short,closed,f,2026-09-01 04:17:42.845624,2026-09-01 05:46:42.38497
14699,NOT,LONG,0.00050000,0.00050200,0.04,1.2000,11.10,3,atr_tp_hit,Hermes-accel-300-v2-long,closed,f,2026-09-01 04:27:22.339378,2026-09-01 04:28:21.519742
14700,CRV,LONG,0.35909000,0.35864000,-0.01,-0.6266,11.10,5,ORPHAN_PAPER,Hermes-accel-300-v2-long,closed,f,2026-09-01 04:36:29.323135,2026-09-01 04:36:37.960845
14701,CRV,LONG,0.35970000,0.35650000,-0.10,-4.4482,11.10,5,atr_sl_hit,Hermes-accel-300-v2-long,closed,f,2026-09-01 04:37:24.579536,2026-09-01 04:45:22.288073
14702,NOT,LONG,0.00050900,0.00051300,0.09,2.3576,11.10,3,atr_sl_hit,Hermes-accel-300-v2-long,continuation+,closed,f,2026-09-01 04:54:25.327798,2026-09-01 05:04:18.914093
14703,DOT,LONG,0.85382000,0.85881000,0.07,2.9222,11.10,5,profit-monster-trail,Hermes-bb-bounce-long+,closed,f,2026-09-01 05:06:33.532047,2026-09-01 06:19:33.33738
14704,SEI,LONG,0.04506200,0.04513100,0.02,0.7656,11.10,5,profit-monster-trail,Hermes-bb-bounce-long+,closed,f,2026-09-01 05:30:49.913873,2026-09-01 07:37:50.958797
14705,MNT,SHORT,0.54841000,0.54554000,0.06,2.6167,11.10,5,profit-monster-trail,Hermes-bb-bounce-short,closed,f,2026-09-01 06:17:25.842218,2026-09-01 07:47:54.663244
14706,FOGO,LONG,0.00727400,0.00730000,0.04,1.0723,11.10,3,profit-monster-trail,Hermes-bb-bounce-long+,closed,f,2026-09-01 06:27:26.397018,2026-09-01 06:44:43.707748
14707,SYRUP,LONG,0.18710000,0.18536000,-0.10,-2.7900,11.10,3,atr_sl_hit,Hermes-bb-bounce-long+,closed,f,2026-09-01 06:41:49.055886,2026-09-01 08:14:23.911463
14708,GMT,LONG,0.00728500,0.00722500,-0.09,-2.4708,11.10,3,atr_sl_hit,Hermes-bb-bounce-long+,closed,f,2026-09-01 06:57:46.384016,2026-09-01 08:04:19.522667
14709,USUAL,LONG,0.01126000,0.01116000,-0.10,-2.6643,11.10,3,atr_sl_hit,Hermes-bb-bounce-long+,closed,f,2026-09-01 07:54:24.073039,2026-09-01 08:09:44.713132
14710,ADA,LONG,0.20040000,0.19864000,-0.10,-4.3912,11.10,5,atr_sl_hit,Hermes-bb-bounce-long+,rs-s34,rs-s36,rs-s40,closed,f,2026-09-01 07:56:59.133879,2026-09-01 08:09:36.818623
14711,NEAR,LONG,1.94050000,1.92790000,-0.07,-3.2466,11.10,5,atr_sl_hit,Hermes-bb-bounce-long+,closed,f,2026-09-01 08:05:45.510851,2026-09-01 08:19:28.013479
14712,MET,LONG,0.19606000,0.19435000,-0.10,-2.6165,11.10,3,atr_sl_hit,Hermes-bb-bounce-long+,closed,f,2026-09-01 08:09:30.631239,2026-09-01 08:19:20.137486
14713,LTC,LONG,48.37600000,48.88600000,0.12,5.2712,11.10,5,profit-monster-trail,Hermes-bb-bounce-long+,range-reversion-long+,closed,f,2026-09-01 08:50:48.807996,2026-09-01 10:53:26.330022
14714,AVAX,LONG,7.20010000,7.22190000,0.03,1.5139,11.10,5,profit-monster-trail,Hermes-bb-bounce-long+,closed,f,2026-09-01 08:51:32.850756,2026-09-01 10:05:14.491744
14715,KAS,SHORT,0.02762700,0.02740100,0.09,2.4541,11.10,3,profit-monster-trail,Hermes-engulfing-,rs-r41,closed,f,2026-09-01 10:22:30.479795,2026-09-01 13:08:50.231866
14716,MET,SHORT,0.19463000,0.19412000,0.03,0.7861,11.10,3,profit-monster-trail,Hermes-bb-bounce-short,closed,f,2026-09-01 10:36:45.912877,2026-09-01 11:03:28.80529
14717,SEI,LONG,0.04586600,0.04596400,0.02,1.0683,11.10,5,profit-monster-trail,Hermes-engulfing+,rs-s89,closed,f,2026-09-01 14:09:48.622846,2026-09-01 14:39:23.474842
14718,ASTER,LONG,0.70127000,0.69571000,-0.09,-3.9642,11.10,5,atr_sl_hit,Hermes-engulfing+,rs-s139,closed,f,2026-09-01 14:32:30.438635,2026-09-01 15:06:20.673767
14719,STX,LONG,0.26389000,0.26204000,-0.08,-3.5052,11.10,5,atr_sl_hit,Hermes-accel-300-v2-long,closed,f,2026-09-01 14:50:23.529983,2026-09-01 15:01:18.47888
14720,DYDX,LONG,0.11269000,0.11143000,-0.12,-5.5906,11.10,5,atr_sl_hit,Hermes-accel-300-v2-long,closed,f,2026-09-01 14:53:34.474237,2026-09-01 16:05:22.389789
14721,ME,LONG,0.06149000,0.06097000,-0.09,-2.5370,11.10,3,atr_sl_hit,Hermes-bb-bounce-long+,closed,f,2026-09-01 15:32:29.110913,2026-09-01 16:36:29.138351
14722,HBAR,LONG,0.07452600,0.07388700,-0.10,-4.2871,11.10,5,atr_sl_hit,Hermes-bb-bounce-long+,closed,f,2026-09-01 15:35:05.457538,2026-09-01 18:22:35.868863
14723,LDO,LONG,0.36711000,0.36377000,-0.10,-4.5490,11.10,5,atr_sl_hit,Hermes-bb-bounce-long+,closed,f,2026-09-01 15:36:43.33012,2026-09-01 16:04:24.55424
14724,MET,LONG,0.19562000,0.19396000,-0.09,-2.5458,11.10,3,atr_sl_hit,Hermes-r2-trend-long3,rs-s58,closed,f,2026-09-01 15:41:38.159056,2026-09-01 16:36:24.137337
14725,FOGO,LONG,0.00721100,0.00722500,0.02,0.5824,11.10,3,profit-monster-trail,Hermes-bb-bounce-long+,closed,f,2026-09-01 17:30:42.143371,2026-09-01 17:39:21.650383
14726,ATOM,LONG,1.46800000,1.45750000,-0.08,-3.5763,11.10,5,atr_sl_hit,Hermes-range-reversion-long+,rs-s112,closed,f,2026-09-01 18:22:33.661412,2026-09-01 18:39:46.314409
14727,MET,SHORT,0.18855000,0.19033000,-0.11,-2.8321,11.10,3,atr_sl_hit,Hermes-volume-breakout-short-,closed,f,2026-09-01 18:39:40.068027,2026-09-01 18:50:20.19968
14728,FIL,LONG,0.77467000,0.78943000,0.21,9.5266,11.10,5,atr_sl_hit,Hermes-accel-300-v2-long,closed,f,2026-09-01 19:18:25.319329,2026-09-01 19:33:22.987218
14729,FIL,LONG,0.79303000,0.78513000,-0.11,-4.9809,11.10,5,atr_sl_hit,Hermes-accel-300-v2-long,closed,f,2026-09-01 20:26:28.329479,2026-09-01 20:36:17.421034
14730,DYDX,LONG,0.11147000,0.11162000,0.01,0.6728,11.10,5,profit-monster-trail,Hermes-bb-bounce-long+,closed,f,2026-09-01 21:07:37.952154,2026-09-01 22:00:12.729865
14731,DOT,LONG,0.86180000,0.86519000,0.04,1.9668,11.10,5,profit-monster-trail,Hermes-bb-bounce-long+,closed,f,2026-09-01 21:07:52.000471,2026-09-01 22:00:02.702692
14732,SEI,LONG,0.04628800,0.04642800,0.03,1.5123,11.10,5,atr_sl_hit,Hermes-r2-trend-long3,closed,f,2026-09-01 21:08:32.571883,2026-09-01 21:39:15.326262
14733,LDO,LONG,0.36493000,0.36200000,-0.09,-4.0145,11.10,5,atr_sl_hit,Hermes-r2-trend-long3,closed,f,2026-09-01 22:01:41.912542,2026-09-01 22:43:27.920735
14734,AR,LONG,2.25240000,2.26610000,0.07,3.0412,11.10,5,profit-monster-trail,Hermes-bb-bounce-long+,closed,f,2026-09-01 22:41:43.056745,2026-09-01 22:58:24.998274
14735,CHIP,LONG,0.04429100,0.04420900,-0.02,-0.5554,11.10,3,atr_sl_hit,Hermes-r2-trend-long3,closed,f,2026-09-01 23:11:34.611751,2026-09-01 23:27:19.722551
14736,CASHCAT,LONG,0.21969000,0.22146000,0.09,2.4170,11.10,3,atr_sl_hit,Hermes-accel-300-v3-long+,closed,f,2026-09-01 23:40:43.610941,2026-09-02 00:09:17.50785
14737,FIL,LONG,0.77819000,0.77777000,-0.01,-0.2699,19.90,5,atr_sl_hit,Hermes-accel-300-v3-long+,closed,f,2026-09-01 23:52:35.911241,2026-09-02 00:20:28.400884
14738,SUSHI,LONG,0.20048000,0.19808000,-0.13,-3.5914,11.10,3,atr_sl_hit,Hermes-accel-300-v3-long+,closed,f,2026-09-01 23:54:37.919553,2026-09-02 00:03:21.406995
14739,ZRO,LONG,1.02730000,1.01790000,-0.10,-4.5751,11.10,5,atr_sl_hit,Hermes-accel-300-v3-long+,closed,f,2026-09-01 23:59:38.799575,2026-09-02 00:40:17.435064
14740,ACE,LONG,0.21270000,0.21640000,0.19,5.2186,11.10,3,atr_sl_hit,Hermes-accel-300-v3-long+,closed,f,2026-09-01 23:59:58.912326,2026-09-02 00:15:19.565232
14741,HBAR,SHORT,0.07408700,0.07374100,0.05,2.3351,11.10,5,profit-monster-trail,Hermes-bb-bounce-short,rs-r40,closed,f,2026-09-02 00:07:47.495032,2026-09-02 00:32:55.92197
14742,MON,LONG,0.02648600,0.02627000,-0.09,-4.0776,11.10,5,atr_sl_hit,Hermes-bb-bounce-long+,rs-s110,closed,f,2026-09-02 00:19:44.462845,2026-09-02 00:47:23.021527
14743,STX,SHORT,0.25165000,0.25164000,0.00,0.0199,16.60,5,atr_sl_hit,Hermes-accel-300-v2-short-,closed,f,2026-09-02 00:20:26.205386,2026-09-02 01:18:21.286568
14744,XPL,SHORT,0.08187800,0.08094900,0.13,5.6731,11.10,5,atr_sl_hit,Hermes-accel-300-v2-short-,closed,f,2026-09-02 00:31:29.129671,2026-09-02 01:01:19.311497
14745,POL,SHORT,0.08991000,0.08945500,0.06,2.5303,11.10,5,profit-monster-trail,Hermes-r2-trend-short3,closed,f,2026-09-02 01:09:48.848564,2026-09-02 02:06:28.674341
14746,YGG,SHORT,0.02256300,0.02223400,0.16,4.3744,11.10,3,profit-monster-trail,Hermes-r2-trend-short4,closed,f,2026-09-02 01:11:51.784465,2026-09-02 01:56:25.76752
14747,ACE,LONG,0.21930000,0.21570000,-0.18,-4.9248,11.10,3,atr_sl_hit,Hermes-accel-300-v3-long+,closed,f,2026-09-02 01:22:30.805311,2026-09-02 01:23:21.02158
14748,NEAR,SHORT,1.84070000,1.85930000,-0.11,-5.0524,11.10,5,atr_sl_hit,Hermes-accel-300-v2-short-,closed,f,2026-09-02 01:36:43.317644,2026-09-02 02:25:17.668091
14749,ENS,SHORT,5.53880000,5.58450000,-0.09,-4.1254,11.10,5,atr_sl_hit,Hermes-accel-300-v2-short-,closed,f,2026-09-02 01:40:48.365779,2026-09-02 02:21:20.606835
14750,PUMP,SHORT,0.00422700,0.00416100,0.17,7.8070,11.10,5,atr_sl_hit,Hermes-accel-300-v2-short-,closed,f,2026-09-02 01:44:29.96307,2026-09-02 01:53:17.671249
14751,JUP,SHORT,0.20817000,0.21111000,-0.16,-7.0615,11.10,5,atr_sl_hit,Hermes-accel-300-v2-short-,closed,f,2026-09-02 01:54:42.221723,2026-09-02 02:07:20.440222
14752,PURR,SHORT,0.11219000,0.11223000,0.00,-0.1070,11.10,3,atr_sl_hit,Hermes-accel-300-v2-short-,closed,f,2026-09-02 02:08:44.57264,2026-09-02 02:11:19.892239
14753,ARB,LONG,0.10995000,0.11201000,0.21,9.3679,11.10,5,atr_sl_hit,Hermes-accel-300-v3-long+,closed,f,2026-09-02 02:10:25.046788,2026-09-02 02:38:19.757178
14754,CFX,LONG,0.04642300,0.04666100,0.06,2.5634,11.10,5,atr_sl_hit,Hermes-r2-trend-long3,closed,f,2026-09-02 02:18:39.848063,2026-09-02 04:17:22.949592
14755,NEO,LONG,2.03010000,2.03350000,0.02,0.8374,11.10,5,atr_sl_hit,Hermes-r2-trend-long8,closed,f,2026-09-02 02:34:28.919586,2026-09-02 03:36:19.491505
14756,BIGTIME,LONG,0.00684600,0.00675500,-0.26,-3.9877,19.90,3,atr_sl_hit,Hermes-accel-300-v3-long+,closed,f,2026-09-02 03:09:29.174235,2026-09-02 03:35:15.29345
14757,ARB,LONG,0.11147000,0.11238000,0.09,4.0818,11.10,5,atr_sl_hit,Hermes-accel-300-v3-long+,closed,f,2026-09-02 03:09:41.176865,2026-09-02 03:24:15.717898
14758,ENA,LONG,0.16033000,0.16126000,0.07,2.9003,11.10,5,atr_sl_hit,Hermes-accel-300-v3-long+,closed,f,2026-09-02 03:21:26.927658,2026-09-02 03:31:23.184789
14759,ENA,LONG,0.16201000,0.16031000,-0.12,-5.2466,11.10,5,atr_sl_hit,Hermes-accel-300-v3-long+,closed,f,2026-09-02 03:47:32.37255,2026-09-02 03:51:18.329001
14760,ZORA,LONG,0.00816900,0.00806700,-0.14,-3.7459,11.10,3,atr_sl_hit,Hermes-accel-300-v3-long+,closed,f,2026-09-02 03:58:27.302593,2026-09-02 04:01:19.998009
14761,FIL,LONG,0.80245000,0.78791000,-0.30,-9.0598,16.60,5,atr_sl_hit,Hermes-accel-300-v3-long+,closed,f,2026-09-02 03:59:26.264806,2026-09-02 04:17:20.071778
14762,ALT,LONG,0.00611300,0.00613400,0.04,1.0306,11.10,3,profit-monster-trail,Hermes-bb-bounce-long+,closed,f,2026-09-02 04:46:31.063467,2026-09-02 05:55:52.564164
14763,SUSHI,LONG,0.21007000,0.21165000,0.08,2.2564,11.10,3,atr_sl_hit,Hermes-accel-300-v3-long+,closed,f,2026-09-02 05:02:23.0635,2026-09-02 05:15:17.634911
14764,DOGE,SHORT,0.08152100,0.08106700,0.06,2.7846,11.10,5,profit-monster-trail,Hermes-bb-bounce-short,closed,f,2026-09-02 05:07:23.367201,2026-09-02 09:01:01.113591
14765,ICP,LONG,2.57460000,2.54890000,-0.11,-4.9911,11.10,5,atr_sl_hit,Hermes-accel-300-v3-long+,closed,f,2026-09-02 05:37:29.391099,2026-09-02 06:16:15.650626
14766,PUMP,SHORT,0.00432500,0.00431500,0.03,1.1561,11.10,5,profit-monster-trail,Hermes-bb-bounce-short,closed,f,2026-09-02 05:57:27.586049,2026-09-02 06:00:55.33134
14767,AVAX,SHORT,7.23910000,7.22700000,0.02,0.8357,11.10,5,profit-monster-trail,Hermes-bb-bounce-short,closed,f,2026-09-02 05:57:52.446145,2026-09-02 06:27:06.189323
14768,BABY,LONG,0.01145700,0.01133900,-0.21,-3.0898,19.90,3,cut_loser,Hermes-range-reversion-long+,closed,f,2026-09-02 06:37:20.173245,2026-09-02 09:09:17.431967
14769,ZEN,LONG,5.46540000,5.40650000,-0.12,-5.3884,11.10,5,cut_loser,Hermes-r2-trend-long3,closed,f,2026-09-02 06:51:28.726449,2026-09-02 08:40:17.728309
14770,DYDX,SHORT,0.11235000,0.11218000,0.03,0.7566,16.60,5,profit-monster-trail,Hermes-r2-trend-short4,closed,f,2026-09-02 07:06:49.690312,2026-09-02 07:31:28.415819
14771,LDO,LONG,0.36988000,0.36701000,-0.09,-3.8796,11.10,5,atr_sl_hit,Hermes-r2-trend-long3,closed,f,2026-09-02 07:13:23.353091,2026-09-02 08:02:16.522723
14772,ARB,LONG,0.11513000,0.11426000,-0.08,-3.7783,11.10,5,atr_sl_hit,Hermes-accel-300-v3-long+,closed,f,2026-09-02 07:34:24.148566,2026-09-02 07:53:19.146554
14773,GRASS,LONG,0.33550000,0.33554000,0.00,0.0358,11.10,3,atr_sl_hit,Hermes-range-reversion-long+,closed,f,2026-09-02 08:51:48.322503,2026-09-02 12:06:32.297273
14774,SOL,LONG,98.92400000,97.49600000,-0.17,-7.2177,11.10,5,atr_sl_hit,Hermes-range-reversion-long+,closed,f,2026-09-02 08:57:41.137348,2026-09-02 10:50:20.738437
14775,NEO,LONG,2.02710000,2.00050000,-0.15,-6.5611,11.10,5,atr_sl_hit,Hermes-range-reversion-long+,closed,f,2026-09-02 08:58:14.140538,2026-09-02 10:48:18.33746
14776,ALT,LONG,0.00609500,0.00601800,-0.14,-3.7900,11.10,3,atr_sl_hit,Hermes-range-reversion-long+,closed,f,2026-09-02 09:02:31.166754,2026-09-02 10:50:17.631981
14777,DOGE,LONG,0.08117900,0.08155400,0.05,2.3097,11.10,5,atr_sl_hit,Hermes-range-reversion-long+,closed,f,2026-09-02 09:11:03.493892,2026-09-02 13:50:17.474679
14778,GMT,SHORT,0.00728800,0.00727900,0.01,0.3705,11.10,3,profit-monster-trail,Hermes-bb-bounce-short,closed,f,2026-09-02 11:47:24.985131,2026-09-02 13:01:28.92375
14779,ETH,SHORT,2377.30000000,2407.10000000,-0.14,-6.2676,11.10,5,atr_sl_hit,Hermes-bb-bounce-short,closed,f,2026-09-02 11:47:37.018259,2026-09-02 13:44:15.517897
14780,WLFI,LONG,0.05669700,0.05606500,-0.12,-5.5735,11.10,5,atr_sl_hit,Hermes-r2-trend-long3,closed,f,2026-09-02 12:19:26.490203,2026-09-02 19:56:12.867431
14781,NXPC,LONG,0.20008000,0.19751000,-0.14,-3.8535,11.10,3,atr_sl_hit,Hermes-r2-trend-long4,closed,f,2026-09-02 12:26:55.757443,2026-09-02 18:47:19.441897
14782,ONDO,LONG,0.34240000,0.33942000,-0.10,-4.3516,11.10,5,cut-loser-CL-T1,Hermes-rs-s30,volume-breakout-long+,closed,f,2026-09-02 14:52:41.849433,2026-09-02 17:11:03.80258
14783,W,SHORT,0.00937000,0.00952000,-0.18,-8.0043,11.10,5,atr_sl_hit,Hermes-accel-300-v3-short-,rs-r75,closed,f,2026-09-02 15:02:26.854015,2026-09-02 15:43:19.35285
14784,ARB,LONG,0.11693000,0.11514000,-0.17,-7.6542,11.10,5,atr_sl_hit,Hermes-accel-300-v3-long+,closed,f,2026-09-02 15:19:27.658379,2026-09-02 15:25:22.098092
14785,AVNT,LONG,0.10128000,0.10176000,0.05,2.3697,11.10,5,atr_sl_hit,Hermes-r2-trend-long3,closed,f,2026-09-02 15:51:28.743136,2026-09-02 17:19:17.236421
14786,CAKE,SHORT,1.81240000,1.79940000,0.08,2.1518,11.10,3,profit-monster-trail,Hermes-bb-bounce-short,closed,f,2026-09-02 16:07:47.174309,2026-09-02 17:25:08.210491
14787,YGG,SHORT,0.02315600,0.02291800,0.11,3.0834,11.10,3,atr_sl_hit,Hermes-slow-grind-,closed,f,2026-09-02 17:11:31.02471,2026-09-03 14:31:14.623005
14788,AVAX,SHORT,7.12710000,7.22610000,-0.15,-6.9453,11.10,5,atr_sl_hit,Hermes-slow-grind-,closed,f,2026-09-02 17:32:21.783915,2026-09-03 01:30:20.904888
14789,ME,LONG,0.06218000,0.06232000,0.04,0.6755,19.90,3,profit-monster-trail,Hermes-bb-bounce-v2-long+,closed,f,2026-09-02 17:37:24.609563,2026-09-02 18:36:33.150223
14790,MET,LONG,0.19405000,0.19446000,0.02,0.6339,11.10,3,profit-monster-trail,Hermes-rs-s62,volume-breakout-long+,closed,f,2026-09-02 19:06:50.973915,2026-09-02 20:09:07.477396
14791,POL,LONG,0.09130900,0.09178200,0.06,2.5901,11.10,5,profit-monster-trail,Hermes-bb-bounce-v2-long+,closed,f,2026-09-02 19:43:01.458618,2026-09-02 22:03:49.576739
14792,ASTER,LONG,0.73869000,0.74126000,0.06,1.7396,16.60,5,profit-monster-trail,Hermes-bb-bounce-v2-long+,closed,f,2026-09-02 20:08:23.622969,2026-09-02 20:28:15.458378
14793,AIXBT,LONG,0.01970300,0.01970300,0.00,0.0102,11.10,3,ORPHAN_PAPER,Hermes-bb-bounce-v2-long+,rs-s57,rs-s58,closed,f,2026-09-02 20:32:26.519242,2026-09-02 20:32:35.358298
14794,KAS,LONG,0.02776100,0.02785200,0.07,0.9834,19.90,3,profit-monster-trail,Hermes-bb-bounce-v2-long+,closed,f,2026-09-02 20:32:40.507105,2026-09-02 23:45:21.433002
14795,AIXBT,LONG,0.01971600,0.01976400,0.03,0.7304,11.10,3,profit-monster-trail,Hermes-bb-bounce-v2-long+,rs-s57,rs-s58,closed,f,2026-09-02 20:33:06.930236,2026-09-02 20:59:23.598206
14796,SEI,LONG,0.04920800,0.04863200,-0.13,-5.8527,11.10,5,atr_sl_hit,Hermes-bb-bounce-v2-long+,closed,f,2026-09-02 21:00:21.956727,2026-09-02 21:58:14.717219
14797,ASTER,LONG,0.73571000,0.72739000,-0.19,-5.6544,16.60,5,cut-loser-CL-T1,Hermes-bb-bounce-v2-long+,closed,f,2026-09-02 21:59:29.430154,2026-09-02 22:26:55.909807
14798,BLUR,LONG,0.01554100,0.01557200,0.02,0.5984,11.10,3,profit-monster-trail,Hermes-bb-bounce-v2-long+,closed,f,2026-09-02 22:22:54.151574,2026-09-02 22:54:03.709948
14799,GRASS,LONG,0.33174000,0.33279000,0.04,0.9495,11.10,3,profit-monster-trail,Hermes-bb-bounce-v2-long+,closed,f,2026-09-02 22:28:46.023947,2026-09-02 22:46:03.351796
14800,DOT,LONG,0.86079000,0.86448000,0.05,2.1434,11.10,5,profit-monster-trail,Hermes-bb-bounce-v2-long+,closed,f,2026-09-02 22:46:28.682853,2026-09-02 23:34:17.382874
14801,APT,LONG,0.58320000,0.57500000,-0.16,-7.0302,11.10,5,atr_sl_hit,Hermes-r2-trend-long3,closed,f,2026-09-02 22:54:55.614172,2026-09-03 01:02:12.053043
14802,ETC,LONG,7.27070000,7.29970000,0.04,1.9943,11.10,5,profit-monster-trail,Hermes-bb-bounce-v2-long+,closed,f,2026-09-02 23:57:22.956427,2026-09-03 01:20:52.177626
14803,MNT,LONG,0.56203000,0.56165000,-0.01,-0.3381,11.10,5,profit-monster-trail,Hermes-ema300-dip,closed,f,2026-09-03 00:35:27.677583,2026-09-03 03:22:30.531071
14804,DOT,LONG,0.85726000,0.87546000,0.24,10.6152,11.10,5,profit-monster-trail,Hermes-bb-bounce-v2-long+,closed,f,2026-09-03 01:04:21.071471,2026-09-03 01:33:58.066101
14805,POL,LONG,0.09217900,0.09263200,0.05,2.4572,11.10,5,profit-monster-trail,Hermes-bb-bounce-v2-long+,closed,f,2026-09-03 01:21:26.64924,2026-09-03 01:46:03.88844
14806,BCH,LONG,245.63000000,247.21000000,0.07,3.2162,11.10,5,profit-monster-trail,Hermes-bb-bounce-v2-long+,rs-s67,rs-s73,rs-s74,closed,f,2026-09-03 01:32:54.862896,2026-09-03 02:46:19.853688
14807,FOGO,LONG,0.00706600,0.00709100,0.07,1.0614,19.90,3,profit-monster-trail,Hermes-ema300-dip,closed,f,2026-09-03 01:35:30.90158,2026-09-03 02:37:27.244525
14808,CASHCAT,LONG,0.28692000,0.28406000,-0.11,-2.9904,11.10,3,atr_sl_hit,Hermes-accel-300-v3-long+,closed,f,2026-09-03 01:46:21.078599,2026-09-03 02:01:19.019379
14809,ME,LONG,0.06170000,0.06192000,0.06,1.0697,19.90,3,profit-monster-trail,Hermes-ema300-dip,closed,f,2026-09-03 02:02:24.694858,2026-09-03 02:37:18.739951
14810,ME,SHORT,0.06216000,0.06284000,-0.22,-3.2819,19.90,3,cut-loser-CL-T1,Hermes-bb-bounce-short,closed,f,2026-09-03 02:42:27.064898,2026-09-03 14:27:30.809351
14811,BANANA,SHORT,3.75300000,3.74060000,0.04,0.9912,11.10,3,profit-monster-trail,Hermes-bb-bounce-short,closed,f,2026-09-03 03:06:23.00607,2026-09-03 03:39:33.910662
14812,GRASS,LONG,0.33516000,0.33469000,-0.02,-0.4207,11.10,3,profit-monster-trail,Hermes-ema300-dip,closed,f,2026-09-03 03:09:24.863105,2026-09-03 04:27:44.828089
14813,ICP,LONG,2.48280000,2.48930000,0.03,1.3090,11.10,5,profit-monster-trail,Hermes-ema300-dip,closed,f,2026-09-03 03:23:25.016578,2026-09-03 05:07:55.586555
14814,FOGO,LONG,0.00710200,0.00711100,0.02,0.3802,19.90,3,profit-monster-trail,Hermes-ema300-dip,closed,f,2026-09-03 03:41:10.603507,2026-09-03 04:02:41.352992
14815,FOGO,LONG,0.00714100,0.00706100,-0.14,-3.3609,19.90,3,cut-loser-CL-T1,Hermes-ema300-dip,closed,f,2026-09-03 04:10:22.669862,2026-09-03 05:24:01.525277
14816,STX,LONG,0.28041000,0.27651000,-0.23,-6.9541,16.60,5,atr_sl_hit,Hermes-accel-300-v3-long+,closed,f,2026-09-03 04:28:27.047866,2026-09-03 05:18:13.695505
14817,ZEN,LONG,5.43700000,5.36180000,-0.15,-6.9156,11.10,5,atr_sl_hit,Hermes-bb-bounce-v2-long+,closed,f,2026-09-03 05:08:25.113836,2026-09-03 05:23:17.395593
14818,NXPC,LONG,0.19987000,0.20049000,0.03,0.9306,19.90,3,profit-monster-trail,Hermes-ema300-dip,closed,f,2026-09-03 05:19:55.643093,2026-09-03 06:04:11.85219
14819,TURBO,LONG,0.00094900,0.00095500,0.12,1.8967,19.90,3,profit-monster-trail,Hermes-ema300-dip,closed,f,2026-09-03 05:24:34.029849,2026-09-03 05:41:05.238691
14820,SUSHI,LONG,0.19489000,0.19538000,0.03,0.7543,11.10,3,profit-monster-trail,Hermes-rs-s126,volume-breakout-long+,closed,f,2026-09-03 06:15:55.433136,2026-09-03 06:23:11.833902
14821,DOT,LONG,0.87868000,0.87992000,0.03,0.7056,19.90,5,profit-monster-trail,Hermes-ema300-dip,closed,f,2026-09-03 06:16:16.7157,2026-09-03 08:10:47.019599
14822,AIXBT,LONG,0.02003300,0.02009700,0.02,0.9584,11.10,3,profit-monster-trail,Hermes-ema300-dip,closed,f,2026-09-03 06:16:50.500013,2026-09-03 08:10:37.050441
14823,GMT,LONG,0.00738800,0.00740500,0.03,0.6903,11.10,3,profit-monster-trail,Hermes-ema300-dip,closed,f,2026-09-03 06:23:58.101273,2026-09-03 08:09:37.217454
14824,AIXBT,LONG,0.02011500,0.02017300,0.03,0.8650,11.10,3,profit-monster-trail,Hermes-bb-bounce-v2-long+,closed,f,2026-09-03 08:12:56.873295,2026-09-03 14:34:31.265016
14825,GMT,LONG,0.00738400,0.00739500,0.02,0.4469,11.10,3,profit-monster-trail,Hermes-ema300-dip,closed,f,2026-09-03 08:22:57.347738,2026-09-03 09:03:51.184166
14826,COMP,LONG,20.83500000,20.89300000,0.03,1.3919,11.10,5,profit-monster-trail,Hermes-accel-300-v3-long+,closed,f,2026-09-03 08:24:24.765966,2026-09-03 08:38:46.538022
14827,TURBO,LONG,0.00095600,0.00094700,-0.07,-2.8243,19.90,3,cut-loser-CL-T1,Hermes-ema300-dip,closed,f,2026-09-03 08:39:33.907693,2026-09-03 10:18:17.714804
14828,SYRUP,LONG,0.20404000,0.20189000,-0.12,-3.1611,16.60,3,cut-loser-CL-T1,Hermes-ema300-dip,closed,f,2026-09-03 09:05:51.284561,2026-09-03 12:17:46.285875
14829,DOT,LONG,0.87743000,0.88027000,0.04,1.6184,19.90,5,profit-monster-trail,Hermes-bb-bounce-v2-long+,closed,f,2026-09-03 10:19:20.674795,2026-09-03 12:59:58.504726
14830,GRASS,LONG,0.33634000,0.33730000,0.03,0.8563,11.10,3,profit-monster-trail,Hermes-bb-bounce-v2-long+,closed,f,2026-09-03 12:19:05.631637,2026-09-03 13:00:08.44499
14831,COMP,LONG,20.03800000,20.07600000,0.02,0.9482,11.10,5,profit-monster-trail,Hermes-bb-bounce-v2-long+,closed,f,2026-09-03 13:00:37.767197,2026-09-03 14:27:18.723383
14832,ONDO,LONG,0.35638000,0.36002000,0.12,5.1069,11.10,5,profit-monster-trail,Hermes-ema300-dip,closed,f,2026-09-03 13:12:02.012544,2026-09-03 14:34:21.391302
14833,ETC,LONG,7.44730000,7.56520000,0.18,7.9156,11.10,5,profit-monster-trail,Hermes-bb-bounce-v2-long+,closed,f,2026-09-03 14:28:09.214911,2026-09-03 15:05:33.948376
14834,KAS,LONG,0.02935500,0.02943200,0.05,0.7869,19.90,3,profit-monster-trail,Hermes-bb-bounce-v2-long+,closed,f,2026-09-03 14:28:19.161565,2026-09-03 15:26:44.64339
14835,ALT,SHORT,0.00613600,0.00623200,-0.17,-4.6936,11.10,3,atr_sl_hit,Hermes-bb-bounce-short,closed,f,2026-09-03 14:46:22.707094,2026-09-03 15:02:13.927968
14836,PONS,LONG,0.57892000,0.58405000,0.10,2.6584,11.10,3,profit-monster-trail,Hermes-accel-300-v3-long+,closed,f,2026-09-03 14:52:26.744145,2026-09-03 15:01:30.813477
14837,ATOM,LONG,1.51120000,1.51500000,0.03,1.2573,11.10,5,profit-monster-trail,Hermes-ema300-dip,closed,f,2026-09-03 15:15:54.132749,2026-09-03 15:40:46.55558
14838,MNT,LONG,0.56517000,0.56440000,-0.02,-0.6812,11.10,5,cut-loser-MAE-GUARD,Hermes-ema300-dip,closed,f,2026-09-03 15:16:04.112043,2026-09-03 15:16:43.44796
14839,ADA,LONG,0.21647000,0.21791000,0.07,3.3261,11.10,5,profit-monster-trail,Hermes-accel-300-v3-long+,closed,f,2026-09-03 15:16:34.427085,2026-09-03 15:44:48.929591
14840,CASHCAT,LONG,0.28350000,0.27989000,-0.14,-3.8201,11.10,3,atr_sl_hit,Hermes-accel-300-v3-long+,closed,f,2026-09-03 15:36:19.162858,2026-09-03 15:38:15.006437
14841,CHIP,LONG,0.05523500,0.05508800,-0.03,-0.7984,11.10,3,profit-monster-trail,Hermes-accel-300-v3-long+,closed,f,2026-09-03 15:37:28.87221,2026-09-03 15:43:48.725859
14842,ZRO,LONG,1.11080000,1.12130000,0.11,4.7263,11.10,5,profit-monster-trail,Hermes-accel-300-v3-long+,closed,f,2026-09-03 15:46:23.058623,2026-09-03 16:25:07.698539
14843,ENA,LONG,0.16586000,0.16990000,0.27,12.1789,11.10,5,profit-monster-trail,Hermes-accel-300-v3-long+,closed,f,2026-09-03 15:50:22.768896,2026-09-03 16:05:02.217335
14844,PONS,LONG,0.58969000,0.58458000,-0.10,-2.5997,11.10,3,profit-monster-trail,Hermes-accel-300-v3-long+,closed,f,2026-09-03 15:51:28.768565,2026-09-03 16:05:08.183155
14845,ENS,LONG,5.77770000,5.71570000,-0.12,-5.3655,11.10,5,cut-loser-CL-T1,Hermes-accel-300-v3-long+,closed,f,2026-09-03 15:54:27.322779,2026-09-03 16:20:04.988921
14846,ACE,LONG,0.18430000,0.18740000,0.19,5.0461,11.10,3,profit-monster-trail,Hermes-bb-bounce-v2-long+,closed,f,2026-09-03 16:06:26.554201,2026-09-03 16:15:04.371313
14847,DOGE,LONG,0.08892000,0.08956200,0.08,3.6100,11.10,5,profit-monster-trail,Hermes-accel-300-v3-long+,closed,f,2026-09-03 16:11:28.105879,2026-09-03 16:36:10.443729
14848,DOT,LONG,0.88592000,0.88789000,0.04,1.1118,19.90,5,profit-monster-trail,Hermes-ema300-dip,closed,f,2026-09-03 16:20:27.038483,2026-09-03 17:19:24.705638
14849,GMT,LONG,0.00743900,0.00747300,0.05,1.3712,11.10,3,profit-monster-trail,Hermes-ema300-dip,closed,f,2026-09-03 16:20:37.984392,2026-09-03 16:54:16.095978
14850,ME,LONG,0.06330000,0.06351652,0.07,1.0262,19.90,3,profit-monster-trail,Hermes-ema300-dip,closed,f,2026-09-03 16:23:23.083824,2026-09-03 18:20:50.051707
14851,MON,LONG,0.02697000,0.02703000,0.02,1.1123,11.10,5,profit-monster-trail,Hermes-accel-300-v3-long+,closed,f,2026-09-03 16:25:43.821192,2026-09-03 17:39:42.018376
14852,POL,LONG,0.09457800,0.09488200,0.04,1.6071,11.10,5,profit-monster-trail,Hermes-ema300-dip,closed,f,2026-09-03 16:36:59.534946,2026-09-03 17:01:19.196775
14853,MNT,LONG,0.56627000,0.57714000,0.21,1.9196,11.10,5,hard_tp,Hermes-ema300-dip,closed,f,2026-09-03 16:55:23.10801,2026-09-03 17:15:51.775542
14854,STX,LONG,0.27498000,0.27615000,0.07,2.1274,16.60,5,profit-monster-trail,Hermes-accel-300-v3-long+,closed,f,2026-09-03 17:02:30.537076,2026-09-03 17:07:20.198643
14855,BABY,LONG,0.01140600,0.01146000,0.08,1.4203,16.60,3,profit-monster-trail,Hermes-ema300-dip,closed,f,2026-09-03 17:08:26.583913,2026-09-03 17:41:34.480549
14856,PONS,LONG,0.59799000,0.58248000,-0.19,-7.7811,11.10,3,cut-loser-CL-T1,Hermes-accel-300-v3-long+,closed,f,2026-09-03 17:16:26.642546,2026-09-03 17:38:32.922792
14857,PUMP,LONG,0.00451500,0.00444100,-0.27,-1.6390,16.60,5,hard_sl,Hermes-accel-300-v3-long+,closed,f,2026-09-03 17:20:25.398604,2026-09-03 17:57:18.88639
14858,KAS,LONG,0.02976900,0.02983000,0.02,0.6147,19.90,3,profit-monster-trail,Hermes-bb-bounce-v2-long+,closed,f,2026-09-03 17:39:31.210958,2026-09-03 20:11:34.49698
14859,POL,LONG,0.09471400,0.09517700,0.05,2.4442,11.10,5,profit-monster-trail,Hermes-ema300-dip,closed,f,2026-09-03 17:41:19.065181,2026-09-03 21:36:59.640205
14860,NXPC,LONG,0.20474000,0.20518000,0.04,0.6447,19.90,3,profit-monster-trail,Hermes-ema300-dip,closed,f,2026-09-03 17:41:49.584824,2026-09-03 19:33:16.212453
14861,AIXBT,LONG,0.02111200,0.02126200,0.07,2.1315,11.10,3,profit-monster-trail,Hermes-accel-300-v3-long+,closed,f,2026-09-03 17:58:23.225894,2026-09-03 18:13:46.419522
14862,GRASS,LONG,0.34712000,0.35272000,0.16,4.8398,11.10,3,profit-monster-trail,Hermes-bb-bounce-v2-long+,closed,f,2026-09-03 18:14:22.146071,2026-09-03 19:15:11.938402
14863,CASHCAT,LONG,0.29444000,0.29181000,-0.10,-2.6797,11.10,3,profit-monster-trail,Hermes-accel-300-v3-long+,closed,f,2026-09-03 18:22:23.288077,2026-09-03 18:26:52.422395
14864,FOGO,LONG,0.00717100,0.00719265,0.06,0.9057,19.90,3,profit-monster-trail,Hermes-ema300-dip,closed,f,2026-09-03 18:27:34.909937,2026-09-03 18:57:08.568384
14865,WLD,LONG,0.40859000,0.40354000,-0.14,-6.1798,11.10,5,atr_sl_hit,Hermes-accel-300-v3-long+,coil-spring+@coil7,closed,f,2026-09-03 18:57:46.868145,2026-09-03 19:07:17.557626
14866,BCH,LONG,258.33000000,258.79000000,0.03,0.8903,16.60,5,profit-monster-trail,Hermes-bb-bounce-v2-long+,closed,f,2026-09-03 19:08:24.604074,2026-09-03 19:32:19.151378
14867,BIGTIME,LONG,0.00668800,0.00662200,-0.11,-2.9605,11.10,3,atr_sl_hit,Hermes-ema300-dip,closed,f,2026-09-03 19:15:28.754944,2026-09-03 20:35:13.784042
14868,USUAL,LONG,0.01136000,0.01137000,0.01,0.2641,11.10,3,profit-monster-trail,Hermes-ema300-dip,closed,f,2026-09-03 19:33:29.361316,2026-09-03 22:01:09.606037
14869,BTC,LONG,81384.00000000,81401.00000000,0.00,0.1044,11.10,5,profit-monster-trail,Hermes-liq-hunt+,closed,f,2026-09-03 19:35:22.691063,2026-09-03 20:01:24.772025
14870,INJ,LONG,5.04550000,5.06650000,0.08,2.0811,19.90,5,profit-monster-trail,Hermes-ema300-dip,closed,f,2026-09-03 20:02:34.946608,2026-09-03 20:07:30.638588
14871,BLUR,LONG,0.01656000,0.01662100,0.04,1.1051,11.10,3,profit-monster-trail,Hermes-bb-bounce-v2-long+,closed,f,2026-09-03 20:11:24.79544,2026-09-03 21:37:09.652656
14872,AVNT,LONG,0.10721000,0.10562000,-0.17,-7.4154,11.10,5,atr_sl_hit,Hermes-ema300-dip,closed,f,2026-09-03 20:12:29.492217,2026-09-03 22:11:13.739999
14873,IO,LONG,0.13357000,0.13383000,0.02,0.5840,11.10,3,profit-monster-trail,Hermes-ema300-dip,closed,f,2026-09-03 20:36:26.543748,2026-09-03 21:27:56.326234
14874,AIXBT,LONG,0.02096200,0.02105500,0.05,1.3310,11.10,3,profit-monster-trail,Hermes-bb-bounce-v2-long+,closed,f,2026-09-03 21:28:19.648123,2026-09-03 21:36:00.487177
14875,GRASS,LONG,0.35190000,0.34630000,-0.18,-4.7741,11.10,3,cut-loser-CL-T1,Hermes-ema300-dip,closed,f,2026-09-03 21:36:22.111961,2026-09-03 22:32:22.268044
14876,ICP,LONG,2.54500000,2.50970000,-0.16,-6.9352,11.10,5,atr_sl_hit,Hermes-ema300-dip,closed,f,2026-09-03 21:37:27.699677,2026-09-03 22:32:32.308058
14877,MON,LONG,0.02686100,0.02651500,-0.14,-6.4406,11.10,5,atr_sl_hit,Hermes-bb-bounce-v2-long+,closed,f,2026-09-03 21:37:41.715651,2026-09-03 22:30:14.436392
14878,ETC,LONG,7.61580000,7.53100000,-0.18,-5.5674,16.60,5,cut-loser-CL-T1,Hermes-ema300-dip,closed,f,2026-09-03 22:01:24.777087,2026-09-04 01:32:19.44979
14879,SEI,LONG,0.04942000,0.04948500,0.02,0.6576,16.60,5,profit-monster-trail,Hermes-ema300-dip,closed,f,2026-09-03 22:11:38.506402,2026-09-03 22:27:16.918344
14880,BCH,LONG,257.66000000,255.11000000,-0.17,-4.9484,16.60,5,cut-loser-CL-T1,Hermes-ema300-dip,closed,f,2026-09-03 22:29:25.215239,2026-09-04 01:02:07.766626
14881,KAS,LONG,0.02964700,0.02984000,0.13,1.9530,19.90,3,profit-monster-trail,Hermes-bb-bounce-v2-long+,closed,f,2026-09-03 22:32:28.134197,2026-09-03 23:47:45.046447
14882,SYRUP,LONG,0.21051000,0.21348000,0.16,4.2326,11.10,3,atr_sl_hit,Hermes-ema300-dip,closed,f,2026-09-03 22:33:06.876627,2026-09-03 23:44:19.20534
14883,FIL,LONG,0.79828000,0.78907000,-0.13,-5.7687,11.10,5,atr_sl_hit,Hermes-bb-bounce-v2-long+,closed,f,2026-09-03 22:46:27.864147,2026-09-03 23:44:15.235
14884,NXPC,LONG,0.20392000,0.20550000,0.15,2.3244,19.90,3,profit-monster-trail,Hermes-bb-bounce-v2-long+,closed,f,2026-09-03 23:58:25.481239,2026-09-04 00:11:52.084932
14885,SOL,LONG,103.78000000,103.72000000,-0.01,-0.2891,11.10,5,profit-monster-trail,Hermes-bb-bounce-v2-long+,closed,f,2026-09-04 00:06:25.130195,2026-09-04 00:44:03.43701
14886,LDO,LONG,0.39495000,0.39882000,0.11,4.8994,11.10,5,profit-monster-trail,Hermes-bb-bounce-v2-long+,closed,f,2026-09-04 00:11:41.342959,2026-09-04 00:45:04.748527
14887,CRV,SHORT,0.36279000,0.36604000,-0.10,-4.4792,11.10,5,atr_sl_hit,Hermes-accel-300-v3-short-,rs-r49,closed,f,2026-09-04 00:28:58.863382,2026-09-04 00:36:13.428164
14888,WLD,LONG,0.39731000,0.39201000,-0.15,-6.6699,11.10,5,atr_sl_hit,Hermes-bb-bounce-v2-long+,closed,f,2026-09-04 00:42:22.790531,2026-09-04 00:57:15.237642
14889,SAND,LONG,0.03966900,0.03918600,-0.14,-6.0879,11.10,5,atr_sl_hit,Hermes-bb-bounce-v2-long+,closed,f,2026-09-04 00:44:22.683449,2026-09-04 03:18:11.335377
14890,W,LONG,0.00991000,0.00982000,-0.10,-4.5409,11.10,5,cut-loser-CL-T1,Hermes-ema300-dip,closed,f,2026-09-04 00:55:22.705533,2026-09-04 01:06:08.140058
14891,ALT,LONG,0.00628100,0.00631700,0.06,1.7195,11.10,3,profit-monster-trail,Hermes-ema300-dip,closed,f,2026-09-04 00:58:35.836725,2026-09-04 03:28:58.206156
14892,ACE,SHORT,0.18180000,0.18400000,-0.13,-3.6304,11.10,3,atr_sl_hit,Hermes-slow-grind-,closed,f,2026-09-04 01:03:25.120728,2026-09-04 03:20:13.157171
14893,MET,SHORT,0.19735000,0.19675000,0.03,0.9121,11.10,3,atr_sl_hit,Hermes-accel-300-v3-short-,rs-r37,rs-r42,closed,f,2026-09-04 01:06:44.620141,2026-09-04 09:03:13.098223
14894,HYPE,LONG,86.45200000,87.19100000,0.10,4.2740,11.10,5,profit-monster-trail,Hermes-ema300-dip,closed,f,2026-09-04 01:43:33.242864,2026-09-04 01:59:26.372406
14895,ZORA,SHORT,0.00743800,0.00755800,-0.18,-4.8400,11.10,3,atr_sl_hit,Hermes-accel-300-v3-short-,closed,f,2026-09-04 02:07:21.037313,2026-09-04 03:45:13.715088
14896,CASHCAT,SHORT,0.26250000,0.26816000,-0.24,-2.1562,11.10,3,hard_sl,Hermes-accel-300-v3-short-,closed,f,2026-09-04 03:31:33.867946,2026-09-04 03:43:54.16895
14897,ENA,SHORT,0.16656000,0.16747000,-0.06,-2.7317,11.10,5,cascade_flip,Hermes-accel-300-v3-short-,closed,f,2026-09-04 03:34:45.352142,2026-09-04 04:36:15.194396
14898,HYPE,LONG,87.08900000,86.21400000,-0.11,-5.0236,11.10,5,cut-loser-CL-T1,Hermes-ema300-dip,closed,f,2026-09-04 04:07:24.889758,2026-09-04 05:33:44.184183
14899,ALT,LONG,0.00630700,0.00632700,0.04,0.9513,11.10,3,profit-monster-trail,Hermes-ema300-dip,closed,f,2026-09-04 04:15:26.682823,2026-09-04 04:32:20.150761
14900,INJ,SHORT,4.88820000,4.83430000,0.22,5.5133,19.90,5,atr_sl_hit,Hermes-accel-300-v3-short-,closed,f,2026-09-04 04:35:23.419846,2026-09-04 08:57:16.805276
14902,ALT,LONG,0.00632400,0.00634500,0.04,0.9962,11.10,3,profit-monster-trail,Hermes-ema300-dip,closed,f,2026-09-04 04:50:24.813849,2026-09-04 06:20:01.3827
14903,ETH,LONG,2508.20000000,2522.80000000,0.07,2.9105,11.10,5,profit-monster-trail,Hermes-ema300-dip,closed,f,2026-09-04 05:04:58.839495,2026-09-04 08:52:54.417383
14904,GMT,SHORT,0.00731500,0.00740400,-0.14,-3.6500,11.10,3,atr_sl_hit,Hermes-r2-trend-short4,closed,f,2026-09-04 05:42:21.306263,2026-09-04 09:09:14.984581
14905,W,LONG,0.00977000,0.00980000,0.03,1.5353,11.10,5,profit-monster-trail,Hermes-r2v2-long7,rs-s130,rs-s132,closed,f,2026-09-04 06:20:29.57569,2026-09-04 07:07:17.647539
14906,NEAR,LONG,1.95930000,1.96550000,0.04,1.5822,11.10,5,profit-monster-trail,Hermes-ema300-dip,closed,f,2026-09-04 08:08:55.387868,2026-09-04 08:31:47.721088
14907,NEAR,LONG,1.96480000,1.99220000,0.16,6.9727,11.10,5,profit-monster-trail,Hermes-continuation+,closed,f,2026-09-04 08:33:48.832208,2026-09-04 09:14:03.505466
14908,ETH,LONG,2527.70000000,2532.00000000,0.02,0.8506,11.10,5,profit-monster-trail,Hermes-continuation+,closed,f,2026-09-04 08:54:22.653666,2026-09-04 09:21:05.488378
14909,ALT,LONG,0.00635500,0.00623600,-0.21,-5.6176,11.10,3,atr_sl_hit,Hermes-ema300-dip,closed,f,2026-09-04 09:31:20.435649,2026-09-04 12:31:45.738007
14910,GMT,LONG,0.00739100,0.00727000,-0.27,-1.6371,16.60,3,hard_sl,Hermes-ema300-dip,closed,f,2026-09-04 09:33:21.270396,2026-09-04 12:30:32.77584
14911,ME,LONG,0.06356000,0.06364738,0.03,0.4124,19.90,3,profit-monster-trail,Hermes-ema300-dip,closed,f,2026-09-04 09:35:39.616707,2026-09-04 11:21:43.228536
14912,ATOM,LONG,1.51850000,1.52180000,0.02,1.0866,11.10,5,profit-monster-trail,Hermes-bb-bounce-v2-long+,closed,f,2026-09-04 09:36:24.600076,2026-09-04 10:07:19.761797
14913,YGG,LONG,0.02291600,0.02244600,-0.04,-2.0510,16.60,3,hard_sl,Hermes-ema300-dip,closed,f,2026-09-04 09:52:58.307776,2026-09-04 12:30:42.604471
14914,ATOM,LONG,1.52240000,1.53230000,0.07,3.2514,11.10,5,profit-monster-trail,Hermes-continuation+,closed,f,2026-09-04 10:09:25.429718,2026-09-04 11:46:50.271555
14915,ME,LONG,0.06378000,0.06394000,0.05,0.7526,19.90,3,profit-monster-trail,Hermes-continuation+,closed,f,2026-09-04 11:24:20.453501,2026-09-04 11:39:50.141327
14916,SEI,LONG,0.04851500,0.04860200,0.04,0.8966,19.90,5,profit-monster-trail,Hermes-ema300-dip,closed,f,2026-09-04 11:47:24.806386,2026-09-04 12:11:58.791268
14917,NXPC,LONG,0.20808000,0.20409000,-0.29,-5.7526,19.90,3,atr_sl_hit,Hermes-ema300-dip,closed,f,2026-09-04 11:53:27.273886,2026-09-04 12:31:37.706979
14918,BABY,LONG,0.01111700,0.01088400,-0.26,-6.2877,16.60,3,atr_sl_hit,Hermes-ema300-dip,closed,f,2026-09-04 12:27:24.329786,2026-09-04 12:31:29.895837
14919,BCH,LONG,252.44000000,249.33000000,-0.14,-6.1599,11.10,5,atr_sl_hit,Hermes-ema300-dip,closed,f,2026-09-04 12:31:27.642138,2026-09-04 12:47:13.734141
14920,HBAR,SHORT,0.07750600,0.07730400,0.03,1.3031,11.10,5,profit-monster-trail,Hermes-ema300-dip-short,closed,f,2026-09-04 16:31:42.061772,2026-09-04 18:02:03.474408
14921,ME,LONG,0.06334000,0.06372000,0.12,1.7998,19.90,3,profit-monster-T1,Hermes-ema300-dip,closed,f,2026-09-04 17:05:20.589451,2026-09-05 03:33:23.616449
14922,STX,SHORT,0.26250000,0.26542000,-0.12,-5.5619,11.10,5,cut-loser-CL-T1,Hermes-ema300-dip-short,rs-r37,closed,f,2026-09-04 18:31:30.614645,2026-09-05 00:17:21.497506
14923,ETC,SHORT,7.35720000,7.42930000,-0.11,-4.9000,11.10,5,cut-loser-CL-T1,Hermes-ema300-dip-short,closed,f,2026-09-04 18:37:32.809267,2026-09-04 23:31:00.418983
14924,NOT,SHORT,0.00044300,0.00043800,0.13,3.3860,11.10,3,profit-monster-trail,Hermes-ema300-dip-short,closed,f,2026-09-04 19:32:26.652315,2026-09-04 22:06:28.349012
14925,NXPC,LONG,0.20704000,0.20798000,0.04,1.3621,19.90,3,profit-monster-T1,Hermes-bb-bounce-v2-long+,closed,f,2026-09-04 20:36:25.120463,2026-09-05 00:15:18.339227
14926,SEI,SHORT,0.04662700,0.04713100,-0.20,-5.4046,19.90,5,cut-loser-CL-T1,Hermes-ema300-dip-short,closed,f,2026-09-04 23:12:46.219574,2026-09-05 01:09:38.752619
14927,WLFI,SHORT,0.05625400,0.05706800,-0.15,-7.2350,11.10,5,cut-loser-CL-T1,Hermes-ema300-dip-short,closed,f,2026-09-04 23:51:39.162136,2026-09-05 13:21:23.400473
14928,TURBO,LONG,0.00099100,0.00101400,0.34,6.9627,16.60,3,profit-monster-trail,Hermes-open-skies+,closed,f,2026-09-05 00:35:26.432561,2026-09-05 01:06:36.249524
14929,DYDX,LONG,0.11626000,0.11704000,0.07,3.3546,11.10,5,profit-monster-trail,Hermes-open-skies+,closed,f,2026-09-05 01:27:25.032031,2026-09-05 02:03:57.869774
14930,LTC,LONG,51.48600000,52.14000000,0.14,6.3512,11.10,5,profit-monster-trail,Hermes-open-skies+,closed,f,2026-09-05 01:37:25.366472,2026-09-05 03:03:16.513477
14931,ADA,SHORT,0.21077000,0.21317000,-0.13,-5.6934,11.10,5,cut-loser-CL-T1,Hermes-ema300-dip-short,closed,f,2026-09-05 02:27:25.517652,2026-09-05 06:49:26.554675
14932,BCH,SHORT,247.22000000,250.29000000,-0.14,-6.2090,11.10,5,cut-loser-CL-T1,Hermes-ema300-dip-short,closed,f,2026-09-05 03:05:34.508168,2026-09-05 06:22:15.773185
14933,FOGO,LONG,0.00713700,0.00715300,0.03,0.6726,19.90,3,profit-monster-trail,Hermes-bb-bounce-v2-long+,closed,f,2026-09-05 03:06:29.846223,2026-09-05 04:41:44.316457
14934,ME,LONG,0.06378000,0.06387000,0.03,0.4233,19.90,3,profit-monster-trail,Hermes-continuation+,closed,f,2026-09-05 03:35:47.04476,2026-09-05 08:35:58.175283
14935,BLUR,LONG,0.01643000,0.01673000,0.20,5.4778,11.10,3,profit-monster-trail,Hermes-bb-bounce-v2-long+,closed,f,2026-09-05 04:50:31.485571,2026-09-05 07:40:41.959138
14936,LTC,LONG,53.83000000,53.99000000,0.03,1.4862,11.10,5,profit-monster-trail,Hermes-open-skies+,closed,f,2026-09-05 07:11:48.583782,2026-09-05 07:36:40.650339
14937,SUSHI,LONG,0.19894000,0.19995000,0.06,1.5231,11.10,3,profit-monster-trail,Hermes-open-skies+,closed,f,2026-09-05 08:47:22.932859,2026-09-05 09:04:07.91788
14938,ALT,LONG,0.00640100,0.00644900,0.08,2.2496,11.10,3,profit-monster-trail,Hermes-bb-bounce-v2-long+,closed,f,2026-09-05 09:00:56.365207,2026-09-05 13:31:25.344831
14939,BIGTIME,LONG,0.00686000,0.00678100,-0.13,-3.4548,11.10,3,cut-loser-CL-T1,Hermes-open-skies+,closed,f,2026-09-05 10:11:30.813009,2026-09-05 11:29:48.544626
14940,KAS,LONG,0.03034700,0.03000500,-0.22,-3.3809,19.90,3,cut-loser-CL-T1,Hermes-bb-bounce-v2-long+,closed,f,2026-09-05 10:37:20.993153,2026-09-05 11:37:50.624129
14941,ZORA,LONG,0.00913200,0.00929700,0.10,5.4205,11.10,3,profit-monster-trail,Hermes-open-skies+,closed,f,2026-09-05 11:06:56.19407,2026-09-05 11:27:48.250505
14942,DOT,LONG,0.90645000,0.91823000,0.26,6.4979,19.90,5,profit-monster-trail,Hermes-bb-bounce-v2-long+,closed,f,2026-09-05 11:31:26.647323,2026-09-05 12:44:09.087874
14943,IMX,LONG,0.12558000,0.12649000,0.05,3.6232,11.10,5,atr_sl_hit,Hermes-bb-bounce-v2-long+,closed,f,2026-09-05 11:36:26.969899,2026-09-05 13:14:16.701646
14944,AVNT,LONG,0.10506000,0.10611000,0.11,4.9971,11.10,5,profit-monster-trail,Hermes-bb-bounce-v2-long+,closed,f,2026-09-05 11:46:28.663994,2026-09-05 12:32:08.026564
14945,ENA,LONG,0.16279000,0.16489000,0.14,6.4500,11.10,5,profit-monster-trail,Hermes-bb-bounce-v2-long+,closed,f,2026-09-05 12:32:29.257629,2026-09-05 12:52:13.410825
14946,PURR,LONG,0.11658000,0.11481000,-0.17,-4.5548,11.10,3,cut-loser-CL-T1,Hermes-open-skies+,closed,f,2026-09-05 12:45:21.198669,2026-09-05 12:51:12.107245
14947,LTC,LONG,53.87900000,54.05100000,0.06,1.5962,19.90,5,profit-monster-trail,Hermes-open-skies+,closed,f,2026-09-05 13:27:26.469388,2026-09-05 15:29:09.221013
14948,COMP,LONG,20.02100000,20.55900000,0.30,13.4359,11.10,5,profit-monster-trail,Hermes-bb-bounce-v2-long+,closed,f,2026-09-05 14:34:53.61958,2026-09-05 19:17:30.392344
14949,CAKE,LONG,2.22370000,2.24330000,0.10,2.6442,11.10,3,profit-monster-trail,Hermes-accel-300-v3-long+,closed,f,2026-09-05 14:35:03.700707,2026-09-05 15:07:00.216281
14950,CAKE,LONG,2.24000000,2.21060000,-0.15,-3.9375,11.10,3,cut-loser-CL-T1,Hermes-accel-300-v3-long+,closed,f,2026-09-05 15:15:29.233702,2026-09-05 15:26:08.271136
14951,SUSHI,LONG,0.21358000,0.21358000,0.00,0.0000,11.10,3,profit-monster-trail,Hermes-open-skies+,closed,f,2026-09-05 16:05:24.901154,2026-09-05 16:12:22.771377
14952,ALT,LONG,0.00644800,0.00646300,0.03,0.6979,11.10,3,profit-monster-trail,Hermes-bb-bounce-v2-long+,closed,f,2026-09-05 16:22:55.500747,2026-09-05 19:38:39.026263
14953,NEAR,LONG,2.21590000,2.24170000,0.13,5.8216,11.10,5,atr_sl_hit,Hermes-coil-spring+,closed,f,2026-09-05 17:17:37.937164,2026-09-05 18:11:16.872482
14954,BTC,LONG,80040.00000000,80293.00000000,0.04,1.5805,11.10,5,profit-monster-trail,Hermes-liq-hunt+,closed,f,2026-09-05 17:32:27.037484,2026-09-06 23:57:09.090605
14955,XPL,SHORT,0.09299900,0.09468700,-0.20,-9.0754,11.10,5,atr_sl_hit,Hermes-r2-trend-short3,closed,f,2026-09-05 17:32:53.101867,2026-09-05 21:31:18.872486
14956,NEAR,LONG,2.23850000,2.19910000,-0.20,-8.8005,11.10,5,atr_sl_hit,Hermes-coil-spring+,closed,f,2026-09-05 18:12:28.687694,2026-09-05 19:50:15.919082
14957,COMP,LONG,20.39600000,20.14300000,-0.14,-6.2022,11.10,5,cut-loser-CL-T1,Hermes-open-skies+,closed,f,2026-09-05 20:07:31.326473,2026-09-05 22:30:38.879305
14958,SOL,LONG,103.41000000,106.32000000,0.32,14.0702,11.10,5,profit-monster-trail,Hermes-bb-bounce-v2-long+,closed,f,2026-09-05 20:26:24.589628,2026-09-06 03:49:23.600085
14959,ENS,LONG,5.92160000,5.92150000,0.00,-0.0084,11.10,5,atr_sl_hit,Hermes-coil-spring+,closed,f,2026-09-05 20:32:28.936351,2026-09-05 22:28:19.464656
14960,SAND,LONG,0.03990200,0.03995300,0.01,0.6391,11.10,5,profit-monster-trail,Hermes-coil-spring+,closed,f,2026-09-05 23:24:29.090065,2026-09-06 02:18:56.953548
14961,ZRO,LONG,1.05890000,1.08440000,0.27,12.0408,11.10,5,profit-monster-trail,Hermes-coil-spring+,closed,f,2026-09-05 23:41:25.5053,2026-09-06 01:38:42.710039
14962,CFX,LONG,0.04915900,0.04926500,0.02,1.0781,11.10,5,profit-monster-trail,Hermes-bb-bounce-v2-long+,closed,f,2026-09-06 00:01:31.292884,2026-09-06 02:19:06.163122
14963,NOT,LONG,0.00045700,0.00045000,-0.17,-4.5952,11.10,3,atr_sl_hit,Hermes-coil-spring+,closed,f,2026-09-06 01:39:28.654535,2026-09-06 07:14:15.143481
14964,AIXBT,LONG,0.02222100,0.02225700,0.03,0.4860,19.90,3,profit-monster-trail,Hermes-coil-spring+,closed,f,2026-09-06 02:21:28.564316,2026-09-06 03:50:25.672294
14965,LDO,LONG,0.40138000,0.39677000,-0.13,-5.7427,11.10,5,cut-loser-CL-T1,Hermes-coil-spring+,closed,f,2026-09-06 02:27:26.908427,2026-09-06 02:48:04.843599
14966,NEO,LONG,2.15290000,2.16250000,0.05,2.2296,11.10,5,profit-monster-trail,Hermes-coil-spring+,closed,f,2026-09-06 02:48:32.015122,2026-09-06 07:06:18.90704
14967,YGG,LONG,0.02425200,0.02399000,-0.18,-3.2410,16.60,3,cut-loser-CL-T1,Hermes-coil-spring+,closed,f,2026-09-06 03:50:34.631069,2026-09-06 06:12:03.436583
14968,CAKE,LONG,2.25720000,2.22950000,-0.14,-3.6816,11.10,3,cut-loser-CL-T1,Hermes-coil-spring+,closed,f,2026-09-06 03:51:30.816115,2026-09-06 04:27:31.181977
14969,BLUR,LONG,0.01689500,0.01698700,0.06,1.6336,11.10,3,profit-monster-trail,Hermes-bb-bounce-v2-long+,closed,f,2026-09-06 04:28:25.913959,2026-09-06 07:09:21.358644
14970,NEAR,LONG,2.22260000,2.25470000,0.16,7.2213,11.10,5,profit-monster-trail,Hermes-coil-spring+,closed,f,2026-09-06 06:12:26.83127,2026-09-06 07:12:25.091059
14971,AVAX,LONG,7.65490000,7.65220000,0.00,-0.1764,11.10,5,profit-monster-trail,Hermes-bb-bounce-v2-long+,closed,f,2026-09-06 07:11:26.596384,2026-09-06 13:20:21.391213
14972,NEO,LONG,2.15240000,2.15290000,0.00,0.1161,11.10,5,profit-monster-trail,Hermes-coil-spring+,closed,f,2026-09-06 07:12:32.44302,2026-09-06 12:57:15.551585
14973,BLUR,LONG,0.01689900,0.01700700,0.07,1.9173,11.10,3,profit-monster-trail,Hermes-coil-spring+,closed,f,2026-09-06 07:13:24.822705,2026-09-06 08:36:49.571343
14974,BIGTIME,LONG,0.00680000,0.00689000,0.15,3.9706,11.10,3,profit-monster-trail,Hermes-bb-bounce-v2-long+,closed,f,2026-09-06 07:17:22.190456,2026-09-06 12:51:13.329917
14975,HBAR,LONG,0.08106700,0.08137500,0.04,1.8997,11.10,5,profit-monster-trail,Hermes-coil-spring+,closed,f,2026-09-06 08:37:21.489389,2026-09-06 09:37:09.463548
14976,ZRO,LONG,1.06980000,1.07650000,0.10,3.1314,16.60,5,profit-monster-trail,Hermes-coil-spring+,closed,f,2026-09-06 09:37:26.626197,2026-09-06 10:04:19.73949
14977,SAND,LONG,0.04007100,0.03967000,-0.11,-5.0036,11.10,5,cut-loser-CL-T1,Hermes-coil-spring+,closed,f,2026-09-06 10:06:21.209483,2026-09-06 13:33:24.808667
14978,GMT,LONG,0.00750200,0.00738600,-0.17,-4.6388,11.10,3,atr_sl_hit,Hermes-bb-bounce-v2-long+,closed,f,2026-09-06 13:22:41.026126,2026-09-06 14:33:23.23773
14979,SOL,LONG,106.07000000,106.20000000,0.01,0.6128,11.10,5,profit-monster-trail,Hermes-bb-bounce-v2-long+,closed,f,2026-09-06 13:32:21.348253,2026-09-06 14:16:35.782417
14980,NOT,LONG,0.00046000,0.00045500,-0.12,-3.2609,11.10,3,cut-loser-CL-T1,Hermes-coil-spring+,closed,f,2026-09-06 13:35:24.52038,2026-09-06 14:24:37.143456
14981,AIXBT,LONG,0.02221400,0.02194600,-0.23,-3.6193,19.90,3,cut-loser-CL-T1,Hermes-coil-spring+,closed,f,2026-09-06 13:42:28.909147,2026-09-06 14:19:35.968333
14982,ZRO,LONG,1.09450000,1.08340000,-0.10,-5.0708,16.60,5,cut-loser-CL-T1,Hermes-coil-spring+,closed,f,2026-09-06 14:17:27.04206,2026-09-06 14:49:49.643065
14983,APT,LONG,0.61660000,0.60940000,-0.13,-5.8385,11.10,5,cut-loser-CL-T1,Hermes-coil-spring+,closed,f,2026-09-06 14:20:26.619069,2026-09-06 15:03:50.819791
14984,CFX,LONG,0.04929100,0.04954900,0.06,2.6171,11.10,5,atr_sl_hit,Hermes-bb-bounce-v2-long+,closed,f,2026-09-06 14:26:29.227738,2026-09-06 16:03:16.461794
14985,SYRUP,LONG,0.21950000,0.22292000,0.17,4.6743,11.10,3,profit-monster-T1,Hermes-slow-grind+,closed,f,2026-09-06 17:05:42.747103,2026-09-06 21:57:17.985247
14986,ZRO,LONG,1.09480000,1.10310000,0.13,3.7906,16.60,5,profit-monster-T1,Hermes-slow-grind+,closed,f,2026-09-06 17:15:58.029604,2026-09-06 21:54:24.092929
14987,CFX,LONG,0.04939300,0.04962100,0.05,2.3080,11.10,5,profit-monster-trail,Hermes-bb-bounce-v2-long+,closed,f,2026-09-06 17:16:10.021166,2026-09-06 20:54:52.724173
14988,KAS,LONG,0.03050500,0.03056100,0.03,0.5507,19.90,3,profit-monster-trail,Hermes-bb-bounce-v2-long+,closed,f,2026-09-06 18:01:23.518582,2026-09-06 18:43:12.44729
14989,ME,LONG,0.06576000,0.06622000,0.12,2.0985,19.90,3,profit-monster-T1,Hermes-slow-grind+,closed,f,2026-09-06 19:49:36.564727,2026-09-06 23:32:50.205092
14990,KAS,LONG,0.03144000,0.03149500,0.01,0.5248,19.90,3,profit-monster-trail,Hermes-pump-chain+,closed,f,2026-09-06 21:01:43.082998,2026-09-06 21:06:58.628636
14991,DOT,LONG,0.97180000,0.97352000,0.02,0.8850,19.90,5,profit-monster-trail,Hermes-pump-chain+,closed,f,2026-09-06 21:11:30.547567,2026-09-06 21:22:05.510669
14992,SEI,LONG,0.04907200,0.04955200,0.12,4.8908,19.90,5,profit-monster-T1,Hermes-slow-grind+,closed,f,2026-09-06 21:31:04.388569,2026-09-06 21:54:16.079697
14993,SEI,LONG,0.04954900,0.04884600,-0.28,-7.0940,19.90,5,cut-loser-CL-T1,Hermes-continuation+,closed,f,2026-09-06 21:56:46.716929,2026-09-06 22:13:22.141994
14994,INJ,LONG,5.18400000,5.19550000,0.03,1.1092,11.10,5,atr_sl_hit,Hermes-pump-chain+,closed,f,2026-09-06 22:44:26.465147,2026-09-06 22:50:19.716109
14995,CFX,LONG,0.04969000,0.05007200,0.09,3.8438,11.10,5,profit-monster-trail,Hermes-bb-bounce-v2-long+,closed,f,2026-09-06 22:44:36.482647,2026-09-06 23:56:58.954973
14996,BABY,SHORT,0.01130400,0.01144300,-0.14,-3.6890,11.10,3,cut-loser-CL-T1,Hermes-pullback-entry-,closed,f,2026-09-06 22:52:27.628,2026-09-07 02:41:51.568388
14997,ZEN,LONG,7.45330000,7.37010000,-0.12,-5.5814,11.10,5,cut-loser-CL-T1,Hermes-slow-grind+,closed,f,2026-09-06 23:08:29.793094,2026-09-07 00:30:09.912729
14998,STX,LONG,0.26929000,0.26518000,-0.17,-7.6312,11.10,5,cut-loser-CL-T1,Hermes-slow-grind+,closed,f,2026-09-06 23:37:24.995585,2026-09-07 00:24:07.957392
14999,NEAR,LONG,2.43490000,2.40220000,-0.15,-6.7149,11.10,5,cut-loser-CL-T1,Hermes-slow-grind+,closed,f,2026-09-06 23:57:21.193848,2026-09-07 01:07:19.359876
15000,SYRUP,LONG,0.22666000,0.22310000,-0.17,-4.7119,11.10,3,atr_sl_hit,Hermes-slow-grind+,closed,f,2026-09-06 23:57:31.192587,2026-09-07 00:30:23.401297
15001,SEI,LONG,0.04963100,0.04993900,0.10,3.1029,16.60,5,profit-monster-T1,Hermes-slow-grind+,closed,f,2026-09-07 00:26:59.951379,2026-09-07 00:32:08.636727
15002,SEI,LONG,0.04977300,0.04929400,-0.16,-4.8118,16.60,5,cut-loser-CL-T1,Hermes-slow-grind+,closed,f,2026-09-07 00:46:27.072138,2026-09-07 01:02:18.219132
15003,HBAR,LONG,0.08236900,0.08104900,-0.18,-8.0127,11.10,5,atr_sl_hit,Hermes-slow-grind+,closed,f,2026-09-07 00:46:39.061443,2026-09-07 01:42:22.072028
15004,IO,LONG,0.14416000,0.14153000,-0.20,-5.4731,11.10,3,atr_sl_hit,Hermes-slow-grind+,closed,f,2026-09-07 00:47:22.78582,2026-09-07 00:55:19.183779
15005,STX,SHORT,0.26250000,0.26263000,-0.01,-0.2476,11.10,5,atr_sl_hit,Hermes-accel-300-v3-short-,volume-breakout-short-,closed,f,2026-09-07 01:06:31.204588,2026-09-07 04:09:20.950412
15006,DOT,LONG,1.00440000,0.99224000,-0.24,-6.0534,19.90,5,cut-loser-CL-T1,Hermes-slow-grind+,closed,f,2026-09-07 01:18:29.054744,2026-09-07 01:42:33.140952
15007,AVNT,LONG,0.10603000,0.10664000,0.06,2.8765,11.10,5,atr_sl_hit,Hermes-bb-bounce-v2-long+,neutral-sniper-long+,closed,f,2026-09-07 01:18:41.041381,2026-09-07 02:57:15.362157
15008,TURBO,SHORT,0.00100100,0.00100100,0.02,0.2997,16.60,3,atr_sl_hit,Hermes-r2-trend-short3,closed,f,2026-09-07 01:52:23.626981,2026-09-07 08:12:15.232762
15009,FOGO,LONG,0.00723300,0.00727600,0.05,1.7835,19.90,3,profit-monster-trail,Hermes-pump-chain+,closed,f,2026-09-07 02:01:32.650062,2026-09-07 02:43:52.934821
15010,INJ,LONG,5.61300000,5.62210000,0.02,0.8106,11.10,5,profit-monster-trail,Hermes-open-skies+,closed,f,2026-09-07 02:42:44.588076,2026-09-07 02:53:56.744074
15011,ETC,LONG,7.89530000,7.80440000,-0.13,-5.7566,11.10,5,cut-loser-CL-T1,Hermes-slow-grind+,closed,f,2026-09-07 02:44:31.062094,2026-09-07 03:25:07.98875
15012,ENA,LONG,0.17637000,0.17743000,0.07,3.0050,11.10,5,profit-monster-trail,Hermes-pump-chain+,closed,f,2026-09-07 05:11:30.739398,2026-09-07 05:19:39.341414
15013,ICP,LONG,2.83400000,2.85680000,0.09,4.0226,11.10,5,profit-monster-trail,Hermes-pump-chain+,closed,f,2026-09-07 05:16:24.479803,2026-09-07 05:23:40.69347
15014,BIGTIME,LONG,0.00743000,0.00744000,0.01,0.4038,11.10,3,profit-monster-trail,Hermes-pump-chain+,closed,f,2026-09-07 05:16:34.48608,2026-09-07 05:28:41.876627
15015,AVAX,LONG,7.86850000,7.89250000,0.03,1.5251,11.10,5,profit-monster-trail,Hermes-pump-chain+,closed,f,2026-09-07 05:16:44.490086,2026-09-07 05:29:42.392299
15016,WLD,LONG,0.42407000,0.42938000,0.14,6.2608,11.10,5,atr_sl_hit,Hermes-open-skies+,closed,f,2026-09-07 05:36:31.614393,2026-09-07 06:25:21.502438
15017,USUAL,LONG,0.01224000,0.01202000,-0.20,-5.3922,11.10,3,atr_sl_hit,Hermes-open-skies+,closed,f,2026-09-07 05:47:42.057036,2026-09-07 06:21:23.968507
15018,SOL,LONG,105.10000000,105.80000000,0.08,3.3302,11.10,5,profit-monster-T1,Hermes-slow-grind+,closed,f,2026-09-07 06:02:38.521382,2026-09-07 12:58:22.207262
15019,NEO,LONG,2.17020000,2.17540000,0.03,1.1980,11.10,5,profit-monster-trail,Hermes-bb-bounce-v2-long+,closed,f,2026-09-07 06:12:27.635753,2026-09-07 06:46:10.470387
15020,WLFI,SHORT,0.05668200,0.05642800,0.05,2.2406,11.10,5,profit-monster-trail,Hermes-r2-trend-short3,closed,f,2026-09-07 06:45:57.533068,2026-09-08 00:06:21.1905
15021,KAS,LONG,0.03434400,0.03435400,0.01,0.0874,19.90,3,profit-monster-trail,Hermes-pump-chain+,closed,f,2026-09-07 08:16:29.078386,2026-09-07 08:22:48.374122
15022,AVNT,LONG,0.10834000,0.10659000,-0.18,-8.0764,11.10,5,atr_sl_hit,Hermes-pump-chain+,closed,f,2026-09-07 08:16:41.064406,2026-09-07 09:37:16.37929
15023,ATOM,LONG,1.63530000,1.61510000,-0.18,-6.1762,19.90,5,cut-loser-CL-T1,Hermes-pump-chain+,closed,f,2026-09-07 08:16:53.060914,2026-09-07 10:12:28.598989
15024,AIXBT,LONG,0.02233900,0.02248773,0.13,1.9974,19.90,3,profit-monster-trail,Hermes-pump-chain+,closed,f,2026-09-07 08:52:25.014429,2026-09-07 09:00:04.388906
15025,KAS,LONG,0.03533900,0.03549900,0.09,1.3583,19.90,3,profit-monster-trail,Hermes-accel-300-v3-long+,closed,f,2026-09-07 09:14:25.173405,2026-09-07 09:30:14.939942
15026,DYDX,LONG,0.12240000,0.12371000,0.12,5.3513,11.10,5,profit-monster-trail,Hermes-pump-chain+,closed,f,2026-09-07 09:52:49.858376,2026-09-07 13:13:26.107154
15027,GMT,LONG,0.00756700,0.00759600,0.04,1.1497,11.10,3,profit-monster-trail,Hermes-bb-bounce-v2-long+,closed,f,2026-09-07 10:12:35.588008,2026-09-07 11:58:07.485808
15028,ETC,LONG,7.77430000,8.01840000,0.35,15.6992,11.10,5,profit-monster-trail,Hermes-bb-bounce-v2-long+,closed,f,2026-09-07 10:24:32.221615,2026-09-07 13:03:25.428301
15029,BLUR,LONG,0.01765000,0.01766763,0.02,0.2997,19.90,3,profit-monster-trail,Hermes-pump-chain+,closed,f,2026-09-07 12:06:23.602222,2026-09-07 13:06:24.918034
15030,SOL,LONG,105.06000000,103.60000000,-0.16,-6.9484,11.10,5,cut-loser-CL-T1,Hermes-bb-bounce-v2-long+,rs-s35,rs-s37,rs-s64,closed,f,2026-09-07 14:01:32.804594,2026-09-07 15:35:20.872585
15031,HBAR,LONG,0.08303600,0.08161700,-0.19,-8.5445,11.10,5,atr_sl_hit,Hermes-open-skies+,closed,f,2026-09-07 14:01:42.745739,2026-09-07 15:18:25.534303
15032,SAND,LONG,0.04063200,0.04017800,-0.12,-5.5867,11.10,5,cut-loser-CL-T1,Hermes-bb-bounce-v2-long+,closed,f,2026-09-07 14:46:38.115802,2026-09-07 15:35:13.913873
15033,ACE,LONG,0.17500000,0.17630000,0.08,2.2286,11.10,3,profit-monster-trail,Hermes-pump-chain+,closed,f,2026-09-07 14:51:34.65034,2026-09-07 15:19:05.895756
15034,IO,LONG,0.13966000,0.13824000,-0.11,-3.0503,11.10,3,cut-loser-CL-T1,Hermes-bb-bounce-v2-long+,closed,f,2026-09-07 15:22:54.038248,2026-09-07 15:39:12.131872
15035,AVAX,LONG,8.02970000,8.06030000,0.04,1.9054,11.10,5,profit-monster-trail,Hermes-pump-chain+,closed,f,2026-09-07 15:56:29.019871,2026-09-07 16:06:31.756521
15036,NEO,LONG,2.17500000,2.18560000,0.05,2.4368,11.10,5,profit-monster-trail,Hermes-bb-bounce-v2-long+,closed,f,2026-09-07 15:57:26.557517,2026-09-07 16:06:21.655617
15037,AVNT,LONG,0.10800000,0.10870000,0.07,3.2407,11.10,5,profit-monster-trail,Hermes-pump-chain+,closed,f,2026-09-07 16:01:28.527439,2026-09-07 16:08:24.29183
15038,ICP,LONG,2.95380000,2.97870000,0.09,4.2149,11.10,5,profit-monster-trail,Hermes-pump-chain+,closed,f,2026-09-07 16:11:28.061855,2026-09-07 16:48:36.987743
15039,SUSHI,LONG,0.23700000,0.23896000,0.09,2.4810,11.10,3,profit-monster-trail,Hermes-r2v2-long3,closed,f,2026-09-07 16:12:07.827055,2026-09-07 16:23:26.712025
15040,ETC,LONG,7.85050000,7.93980000,0.13,5.6875,11.10,5,profit-monster-trail,Hermes-pump-chain+,closed,f,2026-09-07 16:16:25.891145,2026-09-07 16:45:34.578388
15041,AIXBT,SHORT,0.02225800,0.02213900,0.11,1.6039,19.90,3,profit-monster-trail,Hermes-ema300-dip-short,rs-r83,closed,f,2026-09-07 16:40:25.203012,2026-09-07 17:08:42.709983
15042,SYRUP,SHORT,0.21887000,0.22285000,-0.20,-5.4553,11.10,3,atr_sl_hit,Hermes-ema300-dip-short,closed,f,2026-09-07 17:19:30.667442,2026-09-07 18:55:17.645399
15043,CC,SHORT,0.10615000,0.10570000,0.05,1.2718,11.10,3,profit-monster-trail,Hermes-ema300-dip-short,closed,f,2026-09-07 17:22:26.526164,2026-09-07 18:11:05.714395
15044,INJ,LONG,5.79750000,6.26790000,0.94,40.5692,11.10,5,atr_sl_hit,Hermes-open-skies+,closed,f,2026-09-07 17:57:21.795004,2026-09-07 20:39:23.821668
15045,FOGO,LONG,0.00722200,0.00726663,0.12,1.8539,19.90,3,profit-monster-trail,Hermes-bb-bounce-v2-long+,closed,f,2026-09-07 18:46:27.785614,2026-09-07 19:40:39.692983
15046,MON,LONG,0.02805500,0.02776900,-0.11,-5.0971,11.10,5,cut-loser-CL-T1,Hermes-accel-300-v3-long+,closed,f,2026-09-07 19:02:25.801489,2026-09-07 19:08:25.815512
15047,ALT,SHORT,0.00651100,0.00647400,0.06,1.7048,11.10,3,profit-monster-trail,Hermes-ema300-dip-short,closed,f,2026-09-07 19:19:22.555341,2026-09-07 22:56:50.627026
15048,SEI,SHORT,0.04883900,0.04935300,-0.10,-5.2622,11.10,5,cut-loser-CL-T1,Hermes-ema300-dip-short,rs-r49,closed,f,2026-09-07 19:27:29.177135,2026-09-07 21:18:16.353038
15049,CC,SHORT,0.10566000,0.10434000,0.14,3.7479,11.10,3,profit-monster-trail,Hermes-ema300-dip-short,closed,f,2026-09-07 19:41:31.626222,2026-09-07 20:32:59.969231
15050,IO,LONG,0.14109000,0.13947000,-0.13,-3.4446,11.10,3,cut-loser-CL-T1,Hermes-pump-chain+,closed,f,2026-09-07 21:26:24.051921,2026-09-07 22:39:45.542203
15051,ICP,LONG,3.06300000,3.07140000,0.03,1.3712,11.10,5,profit-monster-trail,Hermes-pump-chain+,closed,f,2026-09-07 21:28:34.002658,2026-09-07 21:39:21.672759
15052,ATOM,LONG,1.64550000,1.62880000,-0.17,-5.0744,16.60,5,cut-loser-CL-T1,Hermes-bb-bounce-v2-long+,closed,f,2026-09-07 21:32:29.110477,2026-09-07 22:02:31.471064
15053,SEI,SHORT,0.04925400,0.04901600,0.05,2.4160,11.10,5,atr_sl_hit,Hermes-r2-trend-short3,closed,f,2026-09-07 21:44:37.284791,2026-09-07 23:12:55.604892
15054,APT,LONG,0.63940000,0.64070000,0.02,1.0166,11.10,5,profit-monster-trail,Hermes-bb-bounce-v2-long+,closed,f,2026-09-07 22:31:30.686198,2026-09-07 23:17:01.37214
15055,HYPE,SHORT,85.06800000,84.87600000,0.03,1.1285,11.10,5,profit-monster-trail,Hermes-ema300-dip-short,closed,f,2026-09-07 22:59:26.136072,2026-09-08 00:50:35.747019
15056,CAKE,LONG,2.22460000,2.23150000,0.03,0.9305,11.10,3,profit-monster-trail,Hermes-pump-chain+,closed,f,2026-09-07 23:12:31.07859,2026-09-08 01:06:43.80169
15057,NXPC,SHORT,0.20719000,0.20936773,-0.21,-3.1532,19.90,3,cut-loser-CL-T1,Hermes-ema300-dip-short,closed,f,2026-09-07 23:21:35.255764,2026-09-08 01:12:44.551117
15058,WLD,LONG,0.47594000,0.49654000,0.48,21.6414,11.10,5,atr_sl_hit,Hermes-open-skies+,closed,f,2026-09-07 23:26:30.770466,2026-09-08 01:48:25.123026
15059,AIXBT,LONG,0.02256100,0.02284999,0.18,3.8427,19.90,3,profit-monster-trail,Hermes-pump-chain+,closed,f,2026-09-08 01:06:32.878097,2026-09-08 01:27:46.015719
15060,KAS,LONG,0.03639700,0.03663600,0.13,1.9699,19.90,3,profit-monster-trail,Hermes-pump-chain+,closed,f,2026-09-08 01:36:28.007309,2026-09-08 01:53:54.597956
15061,FOGO,LONG,0.00729800,0.00721565,-0.22,-3.3852,19.90,3,cut-loser-CL-T1,Hermes-pump-chain+,closed,f,2026-09-08 01:36:40.045569,2026-09-08 03:02:18.765488
15062,GMT,LONG,0.00758600,0.00747500,-0.16,-4.3897,11.10,3,atr_sl_hit,Hermes-bb-bounce-v2-long+,closed,f,2026-09-08 02:01:32.613502,2026-09-08 07:03:17.587693
15063,SUSHI,LONG,0.23909000,0.23653000,-0.12,-3.2122,11.10,3,cut-loser-CL-T1,Hermes-bb-bounce-v2-long+,closed,f,2026-09-08 02:12:31.079591,2026-09-08 02:57:17.399208
15064,ETC,LONG,8.16460000,8.05180000,-0.15,-6.9079,11.10,5,cut-loser-CL-T1,Hermes-pump-chain+,closed,f,2026-09-08 02:26:52.75693,2026-09-08 02:53:15.018727
15065,IMX,LONG,0.13438000,0.13554000,0.06,4.3161,11.10,5,profit-monster-trail,Hermes-pump-chain+,closed,f,2026-09-08 02:29:30.288541,2026-09-08 05:23:09.399546
15066,ICP,LONG,3.02560000,3.02700000,0.01,0.2314,11.10,5,atr_sl_hit,Hermes-bb-bounce-v2-long+,closed,f,2026-09-08 03:01:26.941847,2026-09-08 03:28:16.268781
15067,SAND,LONG,0.04040500,0.04040800,0.00,0.0371,11.10,5,profit-monster-trail,Hermes-sma20-dip+,closed,f,2026-09-08 03:56:39.466955,2026-09-08 05:06:03.702521
15068,SYRUP,LONG,0.23247000,0.23325000,0.04,1.0066,11.10,3,profit-monster-trail,Hermes-sma20-dip+,closed,f,2026-09-08 03:57:04.217201,2026-09-08 04:06:40.209659
15069,USUAL,LONG,0.01207000,0.01207000,0.00,0.0000,11.10,3,profit-monster-trail,Hermes-sma20-dip+,closed,f,2026-09-08 03:57:48.520145,2026-09-08 04:23:47.612128
15070,ATOM,LONG,1.63560000,1.64150000,0.06,1.8036,16.60,5,profit-monster-trail,Hermes-sma20-dip+,closed,f,2026-09-08 04:07:30.671547,2026-09-08 04:28:47.164332
15071,NXPC,LONG,0.21150000,0.21237000,0.07,1.2340,16.60,3,profit-monster-trail,Hermes-sma20-dip+,closed,f,2026-09-08 04:32:57.427746,2026-09-08 05:02:00.375417
15072,ZRO,LONG,1.14700000,1.15260000,0.08,2.4412,16.60,5,profit-monster-trail,Hermes-sma20-dip+,closed,f,2026-09-08 04:52:44.16488,2026-09-08 05:58:23.006514
15073,ENA,LONG,0.16446000,0.16580000,0.09,4.0739,11.10,5,profit-monster-trail,Hermes-sma20-dip+,closed,f,2026-09-08 05:09:29.646589,2026-09-08 05:29:17.642695
15074,ME,LONG,0.06622000,0.06542655,-0.24,-3.5946,19.90,3,cut-loser-CL-T1,Hermes-sma20-dip+,closed,f,2026-09-08 05:20:56.858012,2026-09-08 08:14:13.974765
15075,LTC,LONG,55.38400000,54.67300000,-0.10,-6.4188,11.10,5,cut-loser-CL-T1,Hermes-sma20-dip+,closed,f,2026-09-08 05:25:29.1154,2026-09-08 06:20:31.271941
15076,MET,LONG,0.20049000,0.19770000,-0.09,-4.1748,11.10,3,cut-loser-CL-T1,Hermes-sma20-dip+,closed,f,2026-09-08 05:29:30.857261,2026-09-08 06:12:28.592034
15077,SAND,LONG,0.04051000,0.04010300,-0.11,-5.0235,11.10,5,cut-loser-CL-T1,Hermes-sma20-dip+,closed,f,2026-09-08 05:59:26.005851,2026-09-08 06:42:40.681087
15078,NEO,LONG,2.18980000,2.16660000,-0.12,-5.2973,11.10,5,cut-loser-CL-T1,Hermes-bb-bounce-v2-long+,closed,f,2026-09-08 06:12:42.321173,2026-09-08 08:03:09.477774
15079,CRV,SHORT,0.36192000,0.36579000,-0.12,-5.3465,11.10,5,cut-loser-CL-T1,Hermes-ema300-dip-short,closed,f,2026-09-08 06:24:26.103664,2026-09-08 09:39:46.569174
15080,IMX,SHORT,0.13260000,0.13270000,-0.01,-0.3771,11.10,5,atr_sl_hit,Hermes-r2-trend-short15,closed,f,2026-09-08 06:43:51.95525,2026-09-08 06:43:54.526952
15081,MERL,SHORT,0.02336000,0.02327600,0.02,1.0788,11.10,3,profit-monster-trail,Hermes-ema300-dip-short,closed,f,2026-09-08 06:51:28.365077,2026-09-08 07:08:48.646075
15082,HYPE,SHORT,83.90000000,83.37100000,0.07,3.1526,11.10,5,profit-monster-trail,Hermes-ema300-dip-short,closed,f,2026-09-08 07:06:25.314843,2026-09-08 11:39:29.31858
15083,POL,LONG,0.09586400,0.09614100,0.05,1.4448,19.90,5,profit-monster-trail,Hermes-sma20-dip+,closed,f,2026-09-08 07:16:44.066398,2026-09-08 07:45:03.586076
15084,IMX,LONG,0.13290000,0.13322000,0.03,1.2039,11.10,5,profit-monster-trail,Hermes-pump-chain+,closed,f,2026-09-08 07:45:30.767252,2026-09-08 09:00:30.12992
15085,APT,LONG,0.63100000,0.63900000,0.14,6.3391,11.10,5,profit-monster-trail,Hermes-sma20-dip+,closed,f,2026-09-08 08:03:30.517171,2026-09-08 08:52:38.432949
15086,MNT,SHORT,0.61701000,0.62927000,-0.22,-9.9350,11.10,5,atr_sl_hit,Hermes-ema300-dip-short,closed,f,2026-09-08 08:21:25.672293,2026-09-08 09:41:23.630411
15087,ICP,LONG,3.08210000,3.08520000,0.01,0.5029,11.10,5,profit-monster-trail,Hermes-sma20-dip+,closed,f,2026-09-08 08:53:34.751749,2026-09-08 09:09:33.369644
15088,TURBO,LONG,0.00099700,0.00100700,0.11,3.0090,11.10,3,profit-monster-trail,Hermes-rs-s56,rs-s57,rs-s58,sma20-dip+,closed,f,2026-09-08 09:16:35.00596,2026-09-08 10:01:54.659262
15089,BABY,LONG,0.01126100,0.01129000,0.03,0.7726,11.10,3,profit-monster-trail,Hermes-bb-bounce-v2-long+,closed,f,2026-09-08 09:17:29.371687,2026-09-08 09:35:42.975951
15090,LTC,LONG,55.75500000,55.21900000,-0.19,-4.8067,19.90,5,cut-loser-CL-T1,Hermes-sma20-dip+,closed,f,2026-09-08 09:50:29.932225,2026-09-08 11:13:24.070652
15091,NEAR,LONG,2.33790000,2.31160000,-0.13,-5.6247,11.10,5,cut-loser-CL-T1,Hermes-sma20-dip+,closed,f,2026-09-08 09:55:27.204783,2026-09-08 10:59:15.542082
15092,NOT,LONG,0.00047500,0.00047000,-0.12,-3.1579,11.10,3,cut-loser-CL-T1,Hermes-sma20-dip+,closed,f,2026-09-08 09:55:59.236766,2026-09-08 11:52:34.705446
15093,APT,LONG,0.67150000,0.66170000,-0.16,-7.2971,11.10,5,cut-loser-CL-T1,Hermes-sma20-dip+,closed,f,2026-09-08 10:03:29.099713,2026-09-08 10:23:00.103852
15094,AVAX,LONG,8.16330000,8.06850000,-0.13,-5.8065,11.10,5,cut-loser-CL-T1,Hermes-sma20-dip+,closed,f,2026-09-08 10:23:27.616047,2026-09-08 10:55:13.759384
15095,IO,SHORT,0.13938000,0.13910000,0.02,0.6027,11.10,3,profit-monster-trail,Hermes-r2-trend-short4,closed,f,2026-09-08 11:53:29.063029,2026-09-08 12:10:42.727924
15096,ZRO,SHORT,1.12630000,1.12800000,-0.03,-0.7547,16.60,5,atr_sl_hit,Hermes-ema300-dip-short,rs-r44,closed,f,2026-09-08 12:32:05.627348,2026-09-08 12:32:07.96958
15097,BANANA,SHORT,4.08000000,4.07690000,0.01,0.2279,11.10,3,profit-monster-trail,Hermes-ema300-dip-short,closed,f,2026-09-08 12:43:35.94464,2026-09-08 13:26:11.929679
15098,AIXBT,SHORT,0.02202600,0.02194933,0.07,1.0443,19.90,3,profit-monster-trail,Hermes-ema300-dip-short,closed,f,2026-09-08 12:43:45.998187,2026-09-08 13:16:08.132226
15099,APT,LONG,0.64860000,0.63760000,-0.19,-8.4798,11.10,5,atr_sl_hit,Hermes-pump-chain+,closed,f,2026-09-08 12:46:26.322025,2026-09-08 13:33:18.07342
15100,CAKE,LONG,2.31810000,2.28940000,-0.12,-3.7142,11.10,3,cut-loser-CL-T1,Hermes-pump-chain+,closed,f,2026-09-08 13:01:36.686043,2026-09-08 13:36:18.133378
15101,COMP,LONG,21.39800000,21.05300000,-0.18,-8.0615,11.10,5,cut-loser-CL-T1,Hermes-bb-bounce-v2-long+,closed,f,2026-09-08 13:32:23.310253,2026-09-08 13:42:17.885631
15102,WLFI,SHORT,0.05578400,0.05634300,-0.11,-5.0104,11.10,5,cut-loser-CL-T1,Hermes-ema300-dip-short,closed,f,2026-09-08 14:01:29.331327,2026-09-08 16:02:11.073609
15103,DOGE,SHORT,0.08908900,0.09038800,-0.16,-7.2905,11.10,5,cut-loser-CL-T1,Hermes-ema300-dip-short,closed,f,2026-09-08 14:01:48.438318,2026-09-08 15:16:52.923104
15104,HBAR,SHORT,0.07968700,0.08093000,-0.17,-7.7993,11.10,5,atr_sl_hit,Hermes-ema300-dip-short,closed,f,2026-09-08 14:01:58.47221,2026-09-08 15:58:17.537171
15105,GMT,SHORT,0.00750200,0.00761800,-0.17,-4.6388,11.10,3,atr_sl_hit,Hermes-ema300-dip-short,closed,f,2026-09-08 14:04:32.394321,2026-09-08 15:21:17.702339
15106,LTC,SHORT,54.92100000,54.75900000,0.05,1.4748,16.60,5,profit-monster-trail,Hermes-rs-r91,volume-breakout-short-,closed,f,2026-09-08 14:21:06.630622,2026-09-08 14:44:38.565814
15107,CHIP,LONG,0.05357100,0.05416500,0.12,3.3264,11.10,3,profit-monster-trail,Hermes-pump-chain+,rs-s30,rs-s31,rs-s32,closed,f,2026-09-08 14:45:48.100785,2026-09-08 14:52:41.708552
15108,BANANA,SHORT,4.06850000,4.06850000,0.00,0.0000,11.10,3,test_cleanup,ema300-dip-short,closed,f,2026-09-08 15:10:21.331786,2026-09-08 15:10:47.753337
15109,DYDX,LONG,0.12400000,0.12413000,0.02,0.1048,19.90,5,HL_CLOSED,Hermes-pump-chain+,closed,f,2026-09-08 15:16:29.179605,2026-09-08 15:27:28.155537
15110,CC,LONG,0.10590000,0.10630000,0.03,1.1331,11.10,3,profit-monster-trail,Hermes-pump-chain+,closed,f,2026-09-08 15:18:25.268287,2026-09-08 15:59:07.705774
15111,SUSHI,SHORT,0.23666000,0.23963000,-0.14,-3.7649,11.10,3,cut-loser-CL-T1,Hermes-r2-trend-short5,closed,f,2026-09-08 16:15:22.424804,2026-09-08 16:39:23.276189
15112,DOGE,LONG,0.09082900,0.08942900,-0.17,-7.7068,11.10,5,atr_sl_hit,Hermes-pump-chain+,closed,f,2026-09-08 16:41:25.579054,2026-09-08 18:53:17.96888
15113,BIGTIME,LONG,0.00746100,0.00738200,-0.12,-3.1765,11.10,3,cut-loser-CL-T1,Hermes-pump-chain+,closed,f,2026-09-08 16:41:35.589943,2026-09-08 17:22:42.505985
15114,BLUR,LONG,0.01770500,0.01774072,0.04,0.6052,19.90,3,profit-monster-trail,Hermes-pump-chain+,closed,f,2026-09-08 16:46:31.155978,2026-09-08 17:01:29.794049
15115,SOL,LONG,104.30000000,103.18000000,-0.11,-5.3691,11.10,5,cut-loser-CL-T1,Hermes-rs-s81,volume-breakout-long+,closed,f,2026-09-08 16:48:25.529277,2026-09-08 19:01:20.891528
15116,AIXBT,LONG,0.02220100,0.02197485,-0.20,-3.0560,19.90,3,cut-loser-CL-T1,Hermes-bb-bounce-v2-long+,closed,f,2026-09-08 17:52:56.303723,2026-09-08 18:51:18.82639
15117,GRASS,LONG,0.34228000,0.33785000,-0.14,-3.8828,16.60,3,atr_sl_hit,Hermes-pump-chain+,closed,f,2026-09-08 18:11:27.579781,2026-09-08 18:42:16.123586
15118,ATOM,LONG,1.81430000,1.78530000,0.00,-7.9921,11.10,5,atr_sl_hit,Hermes-open-skies+,closed,f,2026-09-08 18:14:29.010804,2026-09-08 18:57:15.434416
15119,ETC,LONG,8.60610000,8.58690000,-0.03,-1.1155,11.10,5,profit-monster-trail,Hermes-pump-chain+,closed,f,2026-09-08 20:27:25.626396,2026-09-08 21:01:05.372055
15120,NEO,LONG,2.19040000,2.20810000,0.09,4.0404,11.10,5,profit-monster-trail,Hermes-bb-bounce-v2-long+,closed,f,2026-09-08 20:41:27.844494,2026-09-08 23:57:10.345634
15121,IMX,LONG,0.13254000,0.13078000,-0.15,-6.6395,11.10,5,atr_sl_hit,Hermes-pump-chain+,closed,f,2026-09-08 21:12:30.790192,2026-09-09 02:16:19.640457
15122,AIXBT,LONG,0.02272600,0.02236295,-0.32,-4.7925,19.90,3,atr_sl_hit,Hermes-pump-chain+,closed,f,2026-09-08 21:16:31.694142,2026-09-08 22:34:07.874034
15123,APT,SHORT,0.65060000,0.65020000,0.01,0.3074,11.10,5,atr_sl_hit,Hermes-pump-chain-,closed,f,2026-09-08 22:01:43.316713,2026-09-09 04:04:45.633811
15124,ATOM,LONG,1.84860000,1.85380000,0.01,1.4065,11.10,5,atr_sl_hit,Hermes-open-skies+,closed,f,2026-09-08 22:15:25.795229,2026-09-09 00:24:16.171222
15125,CC,LONG,0.10784000,0.10871000,0.09,2.4203,11.10,3,atr_sl_hit,Hermes-pump-chain+,closed,f,2026-09-08 22:52:29.743489,2026-09-09 03:09:19.871528
15126,GRASS,LONG,0.33319000,0.36742000,1.57,30.8203,16.60,3,atr_sl_hit,Hermes-pump-chain+,closed,f,2026-09-09 00:08:31.076644,2026-09-09 07:30:23.897764
15127,ZRO,SHORT,1.11340000,1.10350000,0.01,4.4458,18.80,5,profit-monster-trail,Hermes-mover-,closed,f,2026-09-09 01:13:28.241174,2026-09-09 03:25:26.256538
15128,BANANA,SHORT,4.02110000,4.01120000,0.03,0.7386,11.10,3,profit-monster-trail,Hermes-mover-,closed,f,2026-09-09 02:17:31.777864,2026-09-09 03:26:26.203008
15129,ICP,SHORT,2.84650000,2.88220000,-0.14,-6.2709,11.10,5,atr_sl_hit,Hermes-pump-chain-,closed,f,2026-09-09 03:21:57.415269,2026-09-09 04:45:20.104691
15130,NXPC,LONG,0.21669000,0.21684000,0.01,0.2077,11.10,3,atr_sl_hit,Hermes-ema300-dip-long,closed,f,2026-09-09 05:13:30.038684,2026-09-09 09:02:23.374866
15131,ETH,LONG,2507.50000000,2502.80000000,-0.02,-0.9372,11.10,5,rr_engine_resistance,Hermes-pullback-entry+,closed,f,2026-09-09 05:21:25.442973,2026-09-09 14:26:15.648381
15132,CC,LONG,0.10905000,0.10766000,-0.14,-3.8239,11.10,3,atr_sl_hit,Hermes-ema300-dip-long,closed,f,2026-09-09 05:29:33.810481,2026-09-09 09:15:27.128299
15133,BIGTIME,SHORT,0.00725100,0.00733800,-0.13,-3.5995,11.10,3,atr_sl_hit,Hermes-pump-chain-,closed,f,2026-09-09 05:36:28.41074,2026-09-09 08:18:17.841649
15134,ACE,LONG,0.17470000,0.17530000,0.04,1.0303,11.10,3,atr_sl_hit,Hermes-pullback-entry+,closed,f,2026-09-09 07:32:36.251635,2026-09-09 09:46:18.878786
15136,BABY,LONG,0.01126400,0.01124300,-0.02,-0.5593,11.10,3,atr_sl_hit,Hermes-ema300-dip-long,closed,f,2026-09-09 08:22:21.260657,2026-09-09 09:58:20.449703
15137,AIXBT,LONG,0.02306000,0.02276334,-0.26,-3.8593,19.90,3,atr_sl_hit,Hermes-open-skies+,closed,f,2026-09-09 09:03:33.152553,2026-09-09 09:36:24.182469
15138,ADA,SHORT,0.22078000,0.21976000,0.05,2.3100,11.10,5,atr_sl_hit,Hermes-pump-chain-,closed,f,2026-09-09 09:16:43.185606,2026-09-09 11:50:19.414445
15139,WLFI,SHORT,0.05584700,0.05568300,0.03,1.4683,11.10,5,atr_sl_hit,Hermes-pullback-entry-,closed,f,2026-09-09 09:37:31.124895,2026-09-09 16:46:18.851262
15140,BANANA,SHORT,4.05760000,4.04710000,0.03,0.7763,11.10,3,profit-monster-trail,Hermes-r2-trend-short3,closed,f,2026-09-09 09:47:25.984472,2026-09-09 10:21:52.619402
15141,ETC,SHORT,8.37760000,8.35220000,0.03,1.5159,11.10,5,atr_sl_hit,Hermes-pullback-entry-,closed,f,2026-09-09 09:59:30.129477,2026-09-09 11:37:18.076979
15142,NEO,LONG,2.26720000,2.23650000,-0.15,-6.7705,11.10,5,atr_sl_hit,Hermes-pullback-entry+,closed,f,2026-09-09 10:22:30.988879,2026-09-09 14:54:20.485181
15143,SYRUP,LONG,0.22784000,0.23087000,0.15,3.9896,11.10,3,atr_sl_hit,Hermes-pullback-entry+,rs-s45,closed,f,2026-09-09 11:38:37.02831,2026-09-09 15:12:17.997689
15144,AIXBT,LONG,0.02268700,0.02239900,-0.21,-3.8083,16.60,3,atr_sl_hit,Hermes-pullback-entry+,closed,f,2026-09-09 11:57:29.727141,2026-09-09 14:45:29.722827
15145,LTC,SHORT,54.22100000,54.14900000,0.02,0.6639,16.60,5,rr_engine_support_tp,Hermes-pullback-entry-,closed,f,2026-09-09 14:43:33.428855,2026-09-09 14:45:26.921544
15146,INJ,SHORT,6.10740000,6.08190000,0.09,2.0876,22.10,5,atr_sl_hit,Hermes-accel-300-v3-short-,closed,f,2026-09-09 14:58:31.147121,2026-09-09 15:36:21.056004
15147,CAKE,SHORT,2.25550000,2.25190000,0.02,0.4788,11.10,3,atr_sl_hit,Hermes-pump-chain-,closed,f,2026-09-09 15:15:45.008652,2026-09-09 16:02:23.092934
15148,ME,SHORT,0.06640000,0.06652564,-0.04,-0.5676,22.10,3,rr_engine_support_tp,Hermes-accel-300-v3-short-,closed,f,2026-09-09 15:15:55.01772,2026-09-09 16:56:21.6299
15149,KAS,SHORT,0.03506600,0.03573500,-0.42,-5.7235,22.10,3,atr_sl_hit,Hermes-pump-chain-,closed,f,2026-09-09 15:17:31.227612,2026-09-09 16:04:21.734977
15150,FIL,LONG,0.84731000,0.83634000,-0.14,-6.4734,11.10,5,atr_sl_hit,Hermes-r2v2-long3,closed,f,2026-09-09 16:01:26.768087,2026-09-09 16:12:17.936857
15151,ICP,SHORT,2.81860000,2.85970000,-0.16,-7.2909,11.10,5,atr_sl_hit,Hermes-pump-chain-,closed,f,2026-09-09 16:17:28.460172,2026-09-09 17:02:18.92968
15152,FIL,SHORT,0.83487000,0.83381000,0.01,0.6348,11.10,5,rr_engine_support_tp,Hermes-pump-chain-,closed,f,2026-09-09 16:17:42.464465,2026-09-09 16:18:24.483623
15153,BANANA,LONG,4.11670000,4.15990000,0.12,3.1482,11.10,3,profit-monster-trail,Hermes-mover+,closed,f,2026-09-09 16:26:14.844741,2026-09-09 16:42:19.933385
15154,BLUR,LONG,0.01839900,0.01818900,-0.23,-3.4241,19.90,3,rr_engine_resistance,Hermes-open-skies+,closed,f,2026-09-09 17:07:32.841272,2026-09-09 17:45:22.896202
15155,JUP,SHORT,0.24888000,0.24777000,0.05,2.2300,11.10,5,profit-monster-trail,Hermes-mover-,closed,f,2026-09-09 17:38:27.641429,2026-09-09 17:50:55.621028
15156,ONDO,SHORT,0.37147000,0.35761000,0.42,18.6556,11.10,5,atr_sl_hit,Hermes-ema300-dip-short,closed,f,2026-09-09 18:02:28.329234,2026-09-09 22:11:20.946317
15157,YGG,SHORT,0.02313000,0.02304000,0.04,1.1673,11.10,3,profit-monster-trail,Hermes-r2-trend-short10,closed,f,2026-09-09 18:23:29.101011,2026-09-09 19:08:15.763615
15158,COMP,SHORT,20.18500000,20.03524096,0.12,3.7097,16.60,5,atr_sl_hit,Hermes-pullback-entry-,closed,f,2026-09-09 18:32:31.681177,2026-09-09 23:34:20.280476
15159,ENA,SHORT,0.15683000,0.15226000,0.48,14.5699,16.60,5,atr_sl_hit,Hermes-pullback-entry-,closed,f,2026-09-09 19:01:29.971009,2026-09-09 22:25:19.26343
15160,CFX,SHORT,0.04963900,0.04917300,0.10,4.6939,11.10,5,rr_engine_support_tp,Hermes-pullback-entry-,closed,f,2026-09-09 19:01:42.046532,2026-09-09 19:38:23.171835
15161,ADA,SHORT,0.21712000,0.21099000,0.32,14.1166,11.10,5,atr_sl_hit,Hermes-pullback-entry-,closed,f,2026-09-09 19:14:34.455405,2026-09-09 22:12:43.10004
15162,MET,SHORT,0.20373000,0.20061000,0.17,4.5943,11.10,3,rr_engine_support_tp,Hermes-pullback-entry-,closed,f,2026-09-09 19:52:27.393301,2026-09-09 20:12:14.296399
15164,PURR,SHORT,0.11414000,0.11452714,-0.04,-1.0175,11.10,3,profit-monster-trail,Hermes-mover-,closed,f,2026-09-09 20:24:29.450292,2026-09-09 20:33:50.438903
15167,MERL,SHORT,0.02243100,0.02235500,0.04,1.0165,11.10,3,profit-monster-trail,Hermes-mover-,closed,f,2026-09-09 20:38:31.178022,2026-09-09 20:59:58.592216
15168,WLD,SHORT,0.42504000,0.41648000,0.22,10.0696,11.10,5,atr_sl_hit,Hermes-pullback-entry-,closed,f,2026-09-09 21:17:32.761486,2026-09-09 22:11:17.909508
15169,LTC,SHORT,53.14700000,52.93200000,0.07,2.0227,16.60,5,rr_engine_resistance,Hermes-pullback-entry-,closed,f,2026-09-09 22:12:28.527669,2026-09-10 06:52:21.66076
15170,DOGE,SHORT,0.08584900,0.08568000,0.02,0.9843,11.10,5,rr_engine_resistance,Hermes-pullback-entry-,closed,f,2026-09-09 22:12:38.551426,2026-09-10 02:33:37.046461
15171,AIXBT,SHORT,0.02113800,0.02068700,0.35,6.4008,16.60,3,atr_sl_hit,Hermes-pullback-entry-,closed,f,2026-09-09 22:13:29.027509,2026-09-10 02:37:21.622931
15172,ETH,SHORT,2453.20000000,2480.80000000,-0.13,-5.6253,11.10,5,rr_engine_resistance,Hermes-pullback-entry-,closed,f,2026-09-09 22:26:31.940374,2026-09-10 05:15:21.147057
15173,ADA,SHORT,0.21160000,0.21177000,-0.01,-0.4017,11.10,5,rr_engine_resistance,Hermes-pullback-entry-,closed,f,2026-09-09 23:41:26.517752,2026-09-10 02:36:19.774469
15174,MERL,SHORT,0.02246500,0.02241900,0.02,0.6143,11.10,3,profit-monster-trail,Hermes-mover-,closed,f,2026-09-10 04:13:22.306589,2026-09-10 04:53:51.671033
15175,CHIP,SHORT,0.04889300,0.04906800,-0.04,-1.0738,11.10,3,rr_engine_resistance,Hermes-pullback-entry-,closed,f,2026-09-10 04:23:28.108701,2026-09-10 04:28:24.026207
15176,WLFI,LONG,0.05650900,0.05606300,-0.09,-3.9463,11.10,5,rr_engine_support_br,Hermes-pullback-entry+,closed,f,2026-09-10 04:32:36.691618,2026-09-10 07:35:19.992829
15178,KAS,LONG,0.03606400,0.03703100,0.59,8.0440,22.10,3,rr_engine_support_br,Hermes-pump-chain+,closed,f,2026-09-10 04:54:30.062438,2026-09-10 06:06:20.177453
15183,BABY,SHORT,0.01106400,0.01078200,0.28,7.6464,11.10,3,atr_sl_hit,Hermes-pump-chain-,closed,f,2026-09-10 06:21:25.994412,2026-09-10 11:33:20.935831
15184,FIL,SHORT,0.80811000,0.80614000,0.03,1.2189,11.10,5,atr_sl_hit,Hermes-pump-chain-,closed,f,2026-09-10 06:27:29.932835,2026-09-10 11:15:21.426094
15185,LINK,SHORT,11.81100000,11.83000000,-0.02,-0.8043,11.10,5,rr_engine_support_tp,Hermes-pullback-entry-,closed,f,2026-09-10 06:31:34.964995,2026-09-10 11:48:20.072202
15186,NXPC,LONG,0.21437000,0.21170000,-0.14,-3.7365,11.10,3,atr_sl_hit,Hermes-pullback-entry+,closed,f,2026-09-10 07:02:26.818332,2026-09-10 09:42:20.661973
15187,LDO,SHORT,0.37231000,0.37191000,0.01,0.5372,11.10,5,rr_engine_support_tp,Hermes-pullback-entry-,closed,f,2026-09-10 07:57:32.363883,2026-09-10 08:05:27.097958
15188,PONS,SHORT,0.62156000,0.60382000,0.32,8.5623,11.10,3,atr_sl_hit,Hermes-accel-300-v4-short-,closed,f,2026-09-10 08:24:39.09702,2026-09-10 08:58:16.092275
15189,SEI,SHORT,0.04623700,0.04522900,0.24,2.1801,11.10,5,hard_tp,Hermes-pullback-entry-,closed,f,2026-09-10 08:59:22.637929,2026-09-10 12:47:48.663571
15190,CC,SHORT,0.10170000,0.10151000,0.04,0.5605,19.90,3,atr_sl_hit,Hermes-pump-chain-,closed,f,2026-09-10 09:43:27.335337,2026-09-10 13:37:26.311099
15191,LDO,SHORT,0.37133000,0.37065000,0.02,0.9156,11.10,5,rr_engine_support_tp,Hermes-pullback-entry-,closed,f,2026-09-10 11:15:58.583491,2026-09-10 12:42:44.678384
15192,STX,SHORT,0.26652000,0.26086000,0.24,2.1237,11.10,5,hard_tp,Hermes-pullback-entry-,closed,f,2026-09-10 11:44:29.027601,2026-09-10 12:47:58.511249
15193,APT,SHORT,0.62080000,0.62020000,0.01,0.4832,11.10,5,rr_engine_support_tp,Hermes-pump-chain-,closed,f,2026-09-10 11:57:36.578273,2026-09-10 12:12:18.729838
15194,IO,SHORT,0.12966000,0.12881000,0.07,1.9667,11.10,3,atr_sl_hit,Hermes-pump-chain-,closed,f,2026-09-10 12:13:31.86165,2026-09-10 17:02:18.139076
15195,BLUR,SHORT,0.01678100,0.01635700,0.50,7.5800,19.90,3,atr_sl_hit,Hermes-pump-chain-,closed,f,2026-09-10 12:43:30.833998,2026-09-10 14:33:27.849042
15196,SYRUP,SHORT,0.20368000,0.20620000,-0.14,-3.7117,11.10,3,atr_sl_hit,Hermes-accel-300-v4-short-,closed,f,2026-09-10 12:48:31.631064,2026-09-10 14:14:19.4399
15197,ICP,SHORT,2.71940000,2.76260000,-0.18,-7.9429,11.10,5,atr_sl_hit,Hermes-pump-chain-,r2-trend-short4,closed,f,2026-09-10 12:48:43.681333,2026-09-10 13:37:23.264189
15198,INJ,SHORT,5.92040000,5.84490000,0.29,6.3763,22.10,5,atr_sl_hit,Hermes-pump-chain-,closed,f,2026-09-10 13:38:35.668527,2026-09-10 16:47:16.790849
15199,BCH,SHORT,229.94000000,226.29000000,0.18,7.9369,11.10,5,atr_sl_hit,Hermes-pump-chain-,closed,f,2026-09-10 13:38:49.64224,2026-09-10 16:02:18.551338
15200,ACE,LONG,0.16120000,0.16150000,0.02,0.5583,11.10,3,profit-monster-trail,Hermes-bb-bounce-v2-long+,closed,f,2026-09-10 14:21:31.0879,2026-09-10 14:38:36.993071
15201,IMX,SHORT,0.12282000,0.12204189,0.11,3.1677,16.60,5,rr_engine_resistance,Hermes-pullback-entry-,closed,f,2026-09-10 14:34:31.879281,2026-09-10 17:11:21.188566
15202,GRASS,LONG,0.35030000,0.34590000,-0.14,-3.7682,11.10,3,atr_sl_hit,Hermes-pump-chain+,closed,f,2026-09-10 14:39:29.062345,2026-09-10 15:22:24.266094
15203,ATOM,SHORT,1.76290000,1.78470000,-0.14,-6.1830,11.10,5,atr_sl_hit,Hermes-pump-chain-,closed,f,2026-09-10 15:26:28.942833,2026-09-10 17:05:21.818523
15204,CC,SHORT,0.10006000,0.10004000,0.00,0.0600,19.90,3,atr_sl_hit,Hermes-pump-chain-,closed,f,2026-09-10 16:05:35.278737,2026-09-10 17:07:21.598483
15205,ACE,LONG,0.16040000,0.15830000,-0.15,-3.9277,11.10,3,atr_sl_hit,Hermes-pump-chain+,closed,f,2026-09-10 17:31:31.428576,2026-09-10 18:05:18.180443
15206,AIXBT,SHORT,0.01983900,0.02005900,-0.18,-3.3268,16.60,3,rr_engine_resistance,Hermes-pump-chain-,closed,f,2026-09-10 18:10:05.115776,2026-09-10 20:15:39.073648
15207,BTC,SHORT,76962.00000000,76622.00000000,0.05,2.2089,11.10,5,rr_engine_resistance,Hermes-pump-chain-,closed,f,2026-09-10 18:10:21.147966,2026-09-10 23:18:21.274782
15208,ICP,SHORT,2.72250000,2.75450000,-0.13,-5.8770,11.10,5,atr_sl_hit,Hermes-pump-chain-,closed,f,2026-09-10 18:11:53.429685,2026-09-10 18:52:20.016084
15209,DYDX,SHORT,0.11284000,0.11284000,0.02,0.1772,11.10,5,atr_sl_hit,Hermes-pump-chain-,closed,f,2026-09-10 18:19:26.935642,2026-09-10 18:19:43.255068
15210,BABY,SHORT,0.01057000,0.01047400,0.10,2.7247,11.10,3,atr_sl_hit,Hermes-pump-chain-,closed,f,2026-09-10 18:19:40.927024,2026-09-11 00:08:23.063574
15211,BCH,SHORT,225.20000000,227.67000000,-0.12,-5.4840,11.10,5,rr_engine_resistance,Hermes-pump-chain-,closed,f,2026-09-10 18:27:28.544758,2026-09-11 03:59:27.810072
15212,KAS,SHORT,0.03696800,0.03659600,0.22,3.0188,22.10,3,rr_engine_resistance,Hermes-pump-chain-,closed,f,2026-09-10 19:06:29.31181,2026-09-10 19:56:23.942818
15213,TURBO,SHORT,0.00092300,0.00091500,0.10,2.6002,11.10,3,atr_sl_hit,Hermes-pullback-entry-,closed,f,2026-09-10 19:57:31.790147,2026-09-11 00:09:26.813541
15214,APT,LONG,0.64340000,0.64540000,0.03,1.5542,11.10,5,atr_sl_hit,Hermes-pump-chain+,closed,f,2026-09-10 20:32:28.1803,2026-09-10 22:33:19.607025
15215,NOT,SHORT,0.00042100,0.00042700,-0.16,-4.2755,11.10,3,rr_engine_resistance,Hermes-pullback-entry-,closed,f,2026-09-10 22:38:05.215407,2026-09-11 04:22:13.688729
15216,CHIP,SHORT,0.04687400,0.04585500,0.24,6.5217,11.10,3,profit-monster-trail,Hermes-grind-breakout-,closed,f,2026-09-10 23:41:37.347082,2026-09-10 23:57:56.4432
15217,PURR,SHORT,0.10612000,0.10771000,-0.17,-4.4949,11.10,3,atr_sl_hit,Hermes-accel-300-v4-short-,closed,f,2026-09-11 00:00:26.680646,2026-09-11 00:09:23.074193
15218,APT,LONG,0.65290000,0.64510000,-0.13,-5.9733,11.10,5,atr_sl_hit,Hermes-pump-chain+,closed,f,2026-09-11 00:29:29.952278,2026-09-11 03:31:54.792993
15219,ENA,SHORT,0.14384000,0.14547000,-0.19,-5.6660,16.60,5,rr_engine_resistance,Hermes-pullback-entry-,closed,f,2026-09-11 00:31:30.864916,2026-09-11 03:15:18.971045
15220,CHIP,LONG,0.04711600,0.04788200,0.18,4.8773,11.10,3,rr_engine_support_br,Hermes-pump-chain+,closed,f,2026-09-11 00:31:40.89463,2026-09-11 02:32:19.905585
15221,BANANA,SHORT,3.90650000,3.93960000,-0.10,-2.5419,11.10,3,rr_engine_resistance,Hermes-pullback-entry-,closed,f,2026-09-11 02:46:33.104902,2026-09-11 06:15:40.873756
15222,ATOM,SHORT,1.76690000,1.76170000,0.03,1.4715,11.10,5,rr_engine_resistance,Hermes-pump-chain-,closed,f,2026-09-11 03:16:32.183009,2026-09-11 10:05:23.973131
15223,SAND,SHORT,0.03510200,0.03559200,-0.16,-6.9797,11.10,5,rr_engine_resistance,Hermes-pullback-entry-,closed,f,2026-09-11 03:36:31.229905,2026-09-11 04:01:24.986587
15224,USUAL,LONG,0.01126000,0.01130000,0.04,1.0657,11.10,3,profit-monster-trail,Hermes-mover+,closed,f,2026-09-11 04:47:30.150995,2026-09-11 06:29:01.45757
15225,BLUR,LONG,0.01796200,0.01770100,-0.29,-4.3592,19.90,3,atr_sl_hit,Hermes-pump-chain+,closed,f,2026-09-11 04:52:23.572736,2026-09-11 05:03:21.041112
15226,ME,LONG,0.06302000,0.06217000,-0.25,-4.0463,18.80,3,atr_sl_hit,Hermes-ema300-dip-long,closed,f,2026-09-11 05:16:27.171163,2026-09-11 11:06:37.402751
15227,FIL,LONG,0.79766000,0.78968000,-0.11,-5.0021,11.10,5,rr_engine_support_br,Hermes-pump-chain+,closed,f,2026-09-11 05:19:31.270263,2026-09-11 07:37:29.178045
15228,DYDX,LONG,0.11514000,0.11405000,-0.11,-4.7334,11.10,5,cut-loser-CL-T1,Hermes-bb-bounce-v2-long+,closed,f,2026-09-11 06:16:30.221526,2026-09-11 09:25:05.756951
15229,APT,SHORT,0.63620000,0.64270000,-0.11,-5.1085,11.10,5,rr_engine_resistance,Hermes-pump-chain-,closed,f,2026-09-11 06:38:36.116062,2026-09-11 07:24:34.413061
15230,ZRO,LONG,1.03780000,1.04430000,0.12,3.1316,18.80,5,profit-monster-trail,Hermes-bb-bounce-v2-long+,closed,f,2026-09-11 07:57:22.6095,2026-09-11 08:25:47.99456
15231,ETC,SHORT,7.61010000,7.68310000,-0.11,-4.7963,11.10,5,rr_engine_resistance,Hermes-pump-chain-,closed,f,2026-09-11 08:07:25.280256,2026-09-11 08:24:59.357713
15232,PONS,LONG,0.65400000,0.65468000,0.01,0.3119,11.10,3,atr_sl_hit,Hermes-mover+,closed,f,2026-09-11 08:46:15.197967,2026-09-11 08:46:47.889336
15233,LTC,LONG,53.02200000,52.44100000,-0.22,-5.4789,19.90,5,cut-loser-CL-T1,Hermes-bb-bounce-v2-long+,closed,f,2026-09-11 09:04:33.402298,2026-09-11 10:13:25.011138
15234,BLUR,LONG,0.01735300,0.01712400,-0.26,-3.9590,19.90,3,atr_sl_hit,Hermes-mover+,closed,f,2026-09-11 09:06:40.250751,2026-09-11 09:47:29.865215
15235,FOGO,SHORT,0.00618500,0.00623600,-0.09,-2.4737,11.10,3,rr_engine_resistance,Hermes-pullback-entry-,closed,f,2026-09-11 09:32:28.701489,2026-09-11 10:08:28.216168
15236,BIGTIME,SHORT,0.00661400,0.00658200,0.05,1.4515,11.10,3,atr_sl_hit,Hermes-pullback-entry-,closed,f,2026-09-11 09:48:18.736664,2026-09-11 12:02:24.361693
15237,ATOM,SHORT,1.74660000,1.72580000,0.13,5.9544,11.10,5,atr_sl_hit,Hermes-pullback-entry-,closed,f,2026-09-11 10:27:34.461601,2026-09-11 11:53:15.569918
15238,APT,SHORT,0.60720000,0.60130000,0.11,4.8584,11.10,5,atr_sl_hit,Hermes-pump-chain-,closed,f,2026-09-11 10:40:14.223517,2026-09-11 11:44:30.605506
15239,IMX,LONG,0.11834000,0.12055000,0.31,9.3375,16.60,5,profit-monster-trail,Hermes-doji-bottom-long,closed,f,2026-09-11 10:52:09.964708,2026-09-11 12:41:22.470893
15240,ARB,SHORT,0.13833000,0.14001000,-0.13,-6.0724,11.10,5,atr_sl_hit,Hermes-accel-300-v4-short-,closed,f,2026-09-11 11:08:40.932473,2026-09-11 12:00:27.805197
15241,ETH,LONG,2453.00000000,2450.70000000,-0.01,-0.4688,11.10,5,profit-monster-trail,Hermes-liq-hunt+,closed,f,2026-09-11 12:12:08.038207,2026-09-11 12:32:18.332513
15242,PONS,LONG,0.59539000,0.59697000,0.03,0.7961,11.10,3,atr_sl_hit,Hermes-mover+,closed,f,2026-09-11 12:27:13.150246,2026-09-11 12:30:43.451415
15243,BABY,LONG,0.01092300,0.01078400,-0.14,-3.8176,11.10,3,atr_sl_hit,Hermes-pump-chain+,closed,f,2026-09-11 12:52:30.736853,2026-09-11 13:06:35.848229
15244,YGG,LONG,0.02201500,0.02237200,0.18,4.8649,11.10,3,atr_sl_hit,Hermes-open-skies+,closed,f,2026-09-11 12:57:04.097576,2026-09-11 14:12:23.304765
15245,AIXBT,LONG,0.02053300,0.02084700,0.17,4.5877,11.10,3,atr_sl_hit,Hermes-pump-chain+,closed,f,2026-09-11 13:02:06.965284,2026-09-11 14:09:35.650143
15246,DOGE,LONG,0.08500100,0.08445200,-0.07,-3.2294,11.10,5,rr_engine_support_br,Hermes-pump-chain+,closed,f,2026-09-11 13:06:31.685015,2026-09-11 13:33:24.779262
15247,AVAX,SHORT,7.52270000,7.64510000,-0.18,-8.1354,11.10,5,rr_engine_resistance,Hermes-pump-chain-,closed,f,2026-09-11 13:30:28.515481,2026-09-11 13:50:41.661614
15248,AVAX,LONG,7.76920000,7.69960000,-0.10,-4.4792,11.10,5,rr_engine_support_br,Hermes-pump-chain+,closed,f,2026-09-11 13:59:29.266964,2026-09-11 14:32:02.840685
15249,ARB,LONG,0.15172000,0.14993000,-0.13,-5.8990,11.10,5,atr_sl_hit,Hermes-pump-chain+,closed,f,2026-09-11 14:02:35.793803,2026-09-11 14:08:29.421563
15250,USUAL,LONG,0.01164000,0.01184000,0.19,5.1546,11.10,3,atr_sl_hit,Hermes-open-skies+,closed,f,2026-09-11 14:03:21.874005,2026-09-11 15:45:24.569008
15251,GRASS,SHORT,0.33630000,0.33451000,0.06,1.5968,11.10,3,rr_engine_resistance,Hermes-pump-chain-,closed,f,2026-09-11 14:36:32.859103,2026-09-11 16:02:53.502538
15252,ACE,SHORT,0.15790000,0.15610000,0.13,3.4199,11.10,3,rr_engine_resistance,Hermes-pump-chain-,closed,f,2026-09-11 14:42:39.218331,2026-09-11 16:16:10.23028
15253,CC,SHORT,0.10001000,0.09869200,0.26,3.9536,19.90,3,profit-monster-trail,Hermes-mover-,closed,f,2026-09-11 15:14:09.874825,2026-09-11 15:57:37.859231
15254,W,LONG,0.00997000,0.00978000,-0.21,-1.9057,11.10,5,hard_sl,Hermes-open-skies+,closed,f,2026-09-11 15:37:35.974879,2026-09-11 15:54:50.232382
15255,GRASS,SHORT,0.33110000,0.33530000,-0.14,-3.8055,11.10,3,atr_sl_hit,Hermes-accel-300-v4-short-,closed,f,2026-09-11 16:23:06.49577,2026-09-11 16:59:31.233638
15256,BTC,SHORT,77659.00000000,77087.00000000,0.09,3.6828,11.10,5,rr_engine_resistance,Hermes-pump-chain-,closed,f,2026-09-11 16:30:41.196903,2026-09-11 18:16:22.457667
15257,LDO,LONG,0.38129000,0.38198000,0.02,0.9048,11.10,5,profit-monster-trail,Hermes-mover+,closed,f,2026-09-11 16:57:38.744682,2026-09-11 17:08:01.478956
15258,DOT,SHORT,1.05530000,1.04650000,0.09,4.1694,11.10,5,profit-monster-trail,Hermes-mover-,closed,f,2026-09-11 17:42:33.07973,2026-09-11 18:07:24.858032
15259,ATOM,SHORT,1.64700000,1.63760000,0.06,2.8537,11.10,5,profit-monster-trail,Hermes-pump-chain-,closed,f,2026-09-11 17:51:29.847017,2026-09-11 21:34:34.693103
15260,APT,SHORT,0.60330000,0.59720000,0.11,5.0555,11.10,5,profit-monster-trail,Hermes-mover-,closed,f,2026-09-11 18:07:39.937757,2026-09-11 18:57:37.935778
15261,INJ,SHORT,5.82960000,5.90050000,-0.27,-6.0810,22.10,5,atr_sl_hit,Hermes-pump-chain-,closed,f,2026-09-11 18:19:29.65428,2026-09-11 19:31:20.159196
15262,BTC,SHORT,77145.00000000,76729.00000000,0.06,2.6962,11.10,5,profit-monster-trail,Hermes-pump-chain-,closed,f,2026-09-11 18:22:29.688648,2026-09-13 09:36:53.673706
15263,ENA,SHORT,0.14305000,0.14213000,0.13,3.2157,19.90,5,profit-monster-trail,Hermes-pump-chain-,closed,f,2026-09-11 18:49:46.79635,2026-09-11 19:40:00.94065
15264,KAS,LONG,0.03583600,0.03603172,0.12,1.6385,22.10,3,profit-monster-trail,Hermes-rs-s88,rs-s90,trend_purity+,closed,f,2026-09-11 19:17:28.327686,2026-09-11 19:30:52.73455
15265,KAS,LONG,0.03607400,0.03569975,-0.23,-3.1123,22.10,3,cut-loser-CL-T1,Hermes-rs-s44,trend_purity+,closed,f,2026-09-11 20:20:28.124507,2026-09-11 21:38:38.060427
15266,ENA,SHORT,0.13951000,0.14128000,-0.25,-6.3436,19.90,5,cut-loser-CL-T1,Hermes-pump-chain-,closed,f,2026-09-11 20:31:30.902504,2026-09-11 20:38:17.611764
15267,ENA,SHORT,0.14110000,0.14069000,0.05,1.4529,16.60,5,profit-monster-trail,Hermes-pump-chain-,closed,f,2026-09-11 20:39:28.414996,2026-09-11 20:53:21.557435
15268,ARB,SHORT,0.13952000,0.14112000,-0.13,-5.7339,11.10,5,cut-loser-CL-T1,Hermes-pump-chain-,closed,f,2026-09-11 21:03:31.7047,2026-09-11 21:12:27.712414
15269,BCH,SHORT,229.79000000,228.19000000,0.08,3.4814,11.10,5,rr_engine_resistance,Hermes-pullback-entry-,closed,f,2026-09-11 21:10:29.463276,2026-09-12 00:03:21.191506
15270,CC,SHORT,0.09785700,0.09696600,0.18,2.7315,19.90,3,profit-monster-trail,Hermes-pump-chain-,closed,f,2026-09-11 21:31:37.715548,2026-09-11 22:04:48.775384
15271,ATOM,SHORT,1.63690000,1.63090000,0.04,1.8327,11.10,5,profit-monster-trail,Hermes-pump-chain-,closed,f,2026-09-11 21:35:29.562455,2026-09-11 22:03:48.809334
15272,KAS,LONG,0.03569000,0.03519400,-0.26,-4.1692,18.80,3,atr_sl_hit,Hermes-bb-bounce-v2-long+,closed,f,2026-09-11 21:41:31.942422,2026-09-11 22:02:25.248349
15273,MNT,SHORT,0.58046000,0.57398000,0.12,5.5818,11.10,5,profit-monster-trail,Hermes-rr-struct-,closed,f,2026-09-11 22:07:36.485117,2026-09-12 07:23:10.193983
15274,LTC,LONG,53.21400000,53.43600000,0.07,2.0859,16.60,5,profit-monster-trail,Hermes-rr-struct+,closed,f,2026-09-11 22:26:44.052176,2026-09-12 01:31:06.241379
15275,BANANA,SHORT,3.89500000,3.93580000,-0.12,-3.1425,11.10,3,cut-loser-CL-T1,Hermes-rr-struct-,closed,f,2026-09-11 22:37:35.391542,2026-09-12 00:37:45.586073
15276,BABY,LONG,0.01127500,0.01134600,0.07,1.8891,11.10,3,profit-monster-trail,Hermes-rs-s54,trend_purity+,closed,f,2026-09-12 00:16:29.193708,2026-09-12 00:33:44.51738
15277,ACE,LONG,0.16190000,0.16440000,0.31,4.6325,19.90,3,profit-monster-trail,Hermes-mover+,closed,f,2026-09-12 00:34:29.033495,2026-09-12 01:57:10.306989
15278,W,LONG,0.00967000,0.00969000,0.02,1.0341,11.10,5,profit-monster-trail,Hermes-trend_purity+,closed,f,2026-09-12 00:43:29.949892,2026-09-12 01:20:58.158504
15279,KAS,LONG,0.03597500,0.03652700,0.29,4.6032,18.80,3,rr_engine_support_br,Hermes-trend_purity+,closed,f,2026-09-12 01:27:27.412108,2026-09-12 03:26:18.735886
15280,BIGTIME,LONG,0.00710300,0.00723500,0.21,5.5751,11.10,3,atr_sl_hit,Hermes-open-skies+,trend_purity+,closed,f,2026-09-12 01:50:31.830574,2026-09-12 02:55:22.776898
15281,ACE,LONG,0.16490000,0.16500000,0.01,0.1819,19.90,3,atr_sl_hit,Hermes-trend_purity+,closed,f,2026-09-12 02:16:29.537625,2026-09-12 03:29:20.199807
15282,IMX,LONG,0.12234000,0.12249000,0.02,0.6130,18.80,5,profit-monster-trail,Hermes-rr-struct+,closed,f,2026-09-12 03:06:27.472925,2026-09-12 04:44:07.469185
15283,INJ,LONG,5.93900000,5.85880000,-0.30,-6.7520,22.10,5,rr_engine_support_br,Hermes-trend_purity+,closed,f,2026-09-12 03:33:31.116162,2026-09-12 04:15:24.633248
15284,LINK,SHORT,11.47500000,11.55800000,-0.08,-3.6166,11.10,5,rr_engine_resistance,Hermes-pullback-entry-,closed,f,2026-09-12 03:37:29.063679,2026-09-12 07:38:28.088094
15285,ONDO,SHORT,0.34992000,0.35243000,-0.08,-3.5865,11.10,5,rr_engine_resistance,Hermes-pullback-entry-,closed,f,2026-09-12 04:16:28.886882,2026-09-12 08:06:31.922509
15286,BIGTIME,LONG,0.00712200,0.00703500,-0.14,-3.6647,11.10,3,atr_sl_hit,Hermes-trend_purity+,closed,f,2026-09-12 04:44:32.370593,2026-09-12 05:22:20.922053
15287,STX,LONG,0.26193000,0.26303000,0.05,2.0998,11.10,5,profit-monster-trail,Hermes-rr-struct+,closed,f,2026-09-12 05:26:29.981383,2026-09-12 06:09:38.763224
15288,PONS,LONG,0.61468000,0.62752000,0.24,6.2667,11.10,3,atr_sl_hit,Hermes-trend_purity+,closed,f,2026-09-12 06:18:34.742641,2026-09-12 06:47:37.762461
15289,STX,LONG,0.26579000,0.26740000,0.07,3.0287,11.10,5,atr_sl_hit,Hermes-rs-s66,rs-s70,trend_purity+,closed,f,2026-09-12 06:48:40.139377,2026-09-12 13:42:19.106416
15290,ARB,LONG,0.14448000,0.14306000,-0.11,-4.9142,11.10,5,rr_engine_support_br,Hermes-trend_purity+,closed,f,2026-09-12 07:23:38.367383,2026-09-12 09:08:34.917869
15291,WLD,LONG,0.40363000,0.39899000,-0.13,-5.7478,11.10,5,cut-loser-CL-T1,Hermes-rr-struct+,closed,f,2026-09-12 08:16:49.954379,2026-09-12 13:32:39.076742
15292,NOT,SHORT,0.00043600,0.00043600,0.03,0.6881,11.10,3,atr_sl_hit,Hermes-pullback-entry-,closed,f,2026-09-12 08:17:41.881021,2026-09-13 00:31:22.703872
15293,BIGTIME,LONG,0.00721000,0.00730500,0.15,3.9528,11.10,3,atr_sl_hit,Hermes-trend_purity+,volume-breakout-long+,closed,f,2026-09-12 09:36:34.412385,2026-09-12 11:17:21.388649
15294,ENA,SHORT,0.14096000,0.14236000,-0.20,-4.9659,19.90,5,rr_engine_resistance,Hermes-pullback-entry-,closed,f,2026-09-12 11:22:28.307759,2026-09-12 14:34:37.726357
15295,INJ,SHORT,5.91620000,5.99340000,-0.25,-6.5245,18.80,5,atr_sl_hit,Hermes-rr-struct-,closed,f,2026-09-12 13:33:26.356124,2026-09-12 16:19:26.095812
15296,AIXBT,SHORT,0.02055200,0.02045900,0.05,1.3575,11.10,3,profit-monster-trail,Hermes-rr-struct-,closed,f,2026-09-12 13:43:28.6262,2026-09-12 17:59:17.820467
15297,MET,LONG,0.23852000,0.23521000,-0.16,-4.1632,11.10,3,atr_sl_hit,Hermes-trend_purity+,closed,f,2026-09-12 14:38:30.409476,2026-09-12 15:05:25.640846
15298,NEAR,LONG,2.39700000,2.39830000,0.01,0.2712,11.10,5,profit-monster-trail,Hermes-rr-struct+,closed,f,2026-09-12 15:16:33.832281,2026-09-12 15:25:22.374392
15299,ETC,SHORT,7.75640000,7.72220000,0.05,2.2046,11.10,5,rr_engine_resistance,Hermes-pullback-entry-,closed,f,2026-09-12 15:26:32.132994,2026-09-12 17:16:20.116118
15300,YGG,LONG,0.02281400,0.02292300,0.05,1.4333,11.10,3,profit-monster-trail,Hermes-rr-struct+,closed,f,2026-09-12 16:20:30.665277,2026-09-12 17:19:00.784875
15301,XPL,SHORT,0.08183400,0.07978200,0.28,12.5376,11.10,5,atr_sl_hit,Hermes-pullback-entry-,closed,f,2026-09-12 17:27:32.867032,2026-09-12 20:35:28.309745
15302,ETC,SHORT,7.70600000,7.57510000,0.19,8.4934,11.10,5,atr_sl_hit,Hermes-pullback-entry-,closed,f,2026-09-12 17:27:46.857433,2026-09-13 14:05:23.569331
15303,LDO,SHORT,0.37491000,0.37280000,0.06,2.8140,11.10,5,rr_engine_resistance,Hermes-rr-struct-,closed,f,2026-09-12 18:12:27.293865,2026-09-13 01:25:15.782051
15304,NEO,LONG,2.18360000,2.31890000,0.69,30.9809,11.10,5,atr_sl_hit,Hermes-rr-struct+,closed,f,2026-09-12 20:36:36.899624,2026-09-13 04:31:17.631598
15305,SEI,LONG,0.04461600,0.04403900,-0.14,-6.4663,11.10,5,atr_sl_hit,Hermes-rr-struct+,closed,f,2026-09-12 21:01:38.197554,2026-09-13 08:40:20.27142
15306,INJ,LONG,6.09460000,6.00590000,-0.28,-7.2769,18.80,5,atr_sl_hit,Hermes-trend_purity+,closed,f,2026-09-13 00:35:37.586315,2026-09-13 01:06:21.88384
15307,ZRO,LONG,1.02944000,1.01605953,-0.29,-6.4989,22.10,5,rr_engine_support_br,Hermes-trend_purity+,closed,f,2026-09-13 01:08:41.736384,2026-09-13 03:31:27.109412
15308,XPL,SHORT,0.08015500,0.07947800,0.09,4.2231,11.10,5,rr_engine_resistance,Hermes-pullback-entry-,closed,f,2026-09-13 01:26:22.797191,2026-09-13 09:06:29.957762
15309,MET,LONG,0.24386000,0.24000000,-0.18,-4.7486,11.10,3,atr_sl_hit,Hermes-trend_purity+,closed,f,2026-09-13 03:48:30.380644,2026-09-13 04:00:23.960521
15310,POL,SHORT,0.09639500,0.09599500,0.05,2.0748,11.10,5,atr_sl_hit,Hermes-pullback-entry-,closed,f,2026-09-13 04:11:48.019846,2026-09-13 12:52:23.765418
15311,ZEN,LONG,6.33730000,6.35000000,0.02,1.0020,11.10,5,atr_sl_hit,Hermes-rr-struct+,closed,f,2026-09-13 04:46:33.990648,2026-09-13 06:59:21.373619
15312,BLUR,LONG,0.01771000,0.01777500,0.06,1.1011,16.60,3,profit-monster-trail,Hermes-STBL(1.47x)),chain(ADA(1.47x),pump-chain+,closed,f,2026-09-13 05:33:54.265955,2026-09-13 05:51:31.759496
15313,BABY,LONG,0.01178000,0.01195500,0.17,4.4567,11.10,3,atr_sl_hit,Hermes-rr-struct+,closed,f,2026-09-13 09:40:32.821053,2026-09-13 12:06:20.20675
15314,NXPC,SHORT,0.21490000,0.21732000,-0.13,-3.3783,11.10,3,atr_sl_hit,Hermes-pullback-entry-,closed,f,2026-09-13 10:17:33.892421,2026-09-13 13:53:23.375147
15315,CAKE,SHORT,2.18100000,2.20020000,-0.10,-2.6410,11.10,3,rr_engine_resistance,Hermes-pullback-entry-,closed,f,2026-09-13 10:18:31.483638,2026-09-13 15:38:24.291269
15316,DYDX,SHORT,0.11289000,0.11431000,-0.14,-6.2893,11.10,5,atr_sl_hit,Hermes-pullback-entry-,closed,f,2026-09-13 12:27:29.881403,2026-09-13 14:21:21.157124
15317,CHIP,SHORT,0.04562700,0.04419800,0.35,9.3958,11.10,3,atr_sl_hit,Hermes-pullback-entry-,closed,f,2026-09-13 13:04:44.274649,2026-09-13 13:46:23.079908
15318,ZRO,SHORT,1.01100000,1.02350000,-0.21,-6.1820,16.60,5,atr_sl_hit,Hermes-pullback-entry-,closed,f,2026-09-13 13:48:37.155163,2026-09-13 17:35:28.759565
15319,INJ,LONG,6.03450000,6.10050000,0.13,5.4686,11.10,5,atr_sl_hit,Hermes-rr-struct+,closed,f,2026-09-13 13:56:29.369282,2026-09-13 15:06:38.337525
15320,BABY,LONG,0.01263700,0.01265700,0.02,0.4748,11.10,3,atr_sl_hit,Hermes-open-skies+,closed,f,2026-09-13 14:17:30.373121,2026-09-13 15:02:25.672204
15321,TURBO,LONG,0.00094100,0.00092900,-0.14,-3.8257,11.10,3,atr_sl_hit,Hermes-rr-struct+,closed,f,2026-09-13 14:26:33.825748,2026-09-13 15:21:25.969884
15322,LINK,SHORT,11.25900000,11.37500000,-0.12,-5.1514,11.10,5,rr_engine_resistance,Hermes-rr-struct-,closed,f,2026-09-13 15:06:35.904699,2026-09-13 17:03:32.403318
15323,ETH,LONG,2487.80000000,2497.00000000,0.04,1.8490,11.10,5,rr_engine_support_br,Hermes-rr-struct+,closed,f,2026-09-13 15:08:42.305139,2026-09-13 22:01:35.7427
15324,ZEN,SHORT,6.32060000,6.40980000,-0.16,-7.0563,11.10,5,atr_sl_hit,Hermes-rr-struct-,closed,f,2026-09-13 15:28:27.229757,2026-09-13 17:09:36.082291
15325,ETC,LONG,7.58220000,7.59120000,0.01,0.5935,11.10,5,atr_sl_hit,Hermes-rr-struct+,closed,f,2026-09-13 15:46:31.20139,2026-09-13 19:31:25.64284
15326,FIL,LONG,0.94333000,0.95613000,0.15,6.7845,11.10,5,profit-monster-trail,Hermes-pump-chain+,closed,f,2026-09-13 15:46:41.206897,2026-09-13 15:54:19.735031
15327,FIL,LONG,0.95200000,0.95060000,-0.02,-0.7353,11.10,5,profit-monster-trail,Hermes-pump-chain+,closed,f,2026-09-13 15:55:27.335168,2026-09-13 16:00:22.370384
15328,FIL,LONG,0.95192000,0.96098000,0.11,4.7588,11.10,5,profit-monster-trail,Hermes-pump-chain+,closed,f,2026-09-13 16:01:46.31698,2026-09-13 16:14:26.506203
15329,FIL,LONG,0.96366000,0.96613000,0.03,1.2816,11.10,5,profit-monster-trail,Hermes-pump-chain+,closed,f,2026-09-13 16:21:32.643448,2026-09-13 16:37:37.019169
15330,APT,LONG,0.60240000,0.60890000,0.12,5.3951,11.10,5,profit-monster-trail,Hermes-pump-chain+,closed,f,2026-09-13 16:22:30.988708,2026-09-13 16:44:39.073253
15332,FOGO,SHORT,0.00666700,0.00649200,0.29,7.8746,11.10,3,rr_engine_resistance,Hermes-pullback-entry-,closed,f,2026-09-13 17:20:30.90458,2026-09-14 00:36:27.061097
15333,BIGTIME,SHORT,0.00753700,0.00727800,0.57,10.3091,16.60,3,atr_sl_hit,Hermes-pullback-entry-,closed,f,2026-09-13 17:34:39.093765,2026-09-13 23:31:30.432919
15334,KAS,LONG,0.03462800,0.03422800,-0.26,-3.4654,22.10,3,rr_engine_support_br,Hermes-rr-struct+,closed,f,2026-09-13 17:36:36.857623,2026-09-13 19:28:23.538678
15335,GMT,SHORT,0.00774100,0.00758900,0.22,5.8907,11.10,3,atr_sl_hit,Hermes-pump-chain-,closed,f,2026-09-13 17:56:31.117279,2026-09-14 00:51:22.478698
15336,ONDO,LONG,0.34959000,0.34480000,-0.15,-6.8509,11.10,5,atr_sl_hit,Hermes-ema300-dip-long,closed,f,2026-09-13 19:45:28.460585,2026-09-13 22:16:25.375777
15337,ACE,SHORT,0.15030000,0.14880000,0.20,2.9940,19.90,3,atr_sl_hit,Hermes-pullback-entry-,closed,f,2026-09-13 20:17:31.047024,2026-09-13 23:24:23.075941
15338,ENA,LONG,0.13952000,0.13734000,-0.22,-7.8125,16.60,5,atr_sl_hit,Hermes-ADA(1.73x),ZRO(1.52x)),pump-chain+,closed,f,2026-09-13 20:30:48.2959,2026-09-13 22:06:44.447278
15339,HEMI,SHORT,0.00625300,0.00627400,-0.04,-1.0075,11.10,3,atr_sl_hit,Hermes-pump-chain-,closed,f,2026-09-13 22:36:48.546129,2026-09-14 00:02:34.209033
15340,ALT,SHORT,0.00744500,0.00738600,0.09,2.3774,11.10,3,rr_engine_resistance,Hermes-pullback-entry-,closed,f,2026-09-14 00:00:33.571338,2026-09-14 00:00:35.947986
15341,BLUR,SHORT,0.01782000,0.01775900,0.06,1.0269,16.60,3,atr_sl_hit,Hermes-pullback-entry-,closed,f,2026-09-14 00:17:37.183501,2026-09-14 02:05:40.260952
15342,ENA,SHORT,0.13627000,0.13787000,-0.20,-5.8707,16.60,5,atr_sl_hit,Hermes-pullback-entry-,closed,f,2026-09-14 00:23:36.31477,2026-09-14 01:57:27.252826
15343,ENS,SHORT,5.58810000,5.66150000,-0.15,-6.5675,11.10,5,atr_sl_hit,Hermes-pullback-entry-,closed,f,2026-09-14 00:42:37.328633,2026-09-14 02:07:41.085007
15344,LDO,SHORT,0.36124000,0.36599000,-0.15,-6.5746,11.10,5,atr_sl_hit,Hermes-pullback-entry-,closed,f,2026-09-14 01:06:33.251067,2026-09-14 02:10:23.167595
15345,ONDO,SHORT,0.34219000,0.34624000,-0.13,-5.9178,11.10,5,atr_sl_hit,Hermes-pullback-entry-,closed,f,2026-09-14 01:17:33.05915,2026-09-14 02:09:29.886116
15359,KAS,LONG,0.03391400,0.03350100,-0.23,-3.6534,18.80,3,atr_sl_hit,Hermes-pump-chain+,closed,f,2026-09-14 04:49:31.220314,2026-09-14 08:38:24.064775
15361,BCH,LONG,224.22000000,221.38000000,-0.14,-6.3331,11.10,5,atr_sl_hit,Hermes-pump-chain+,closed,f,2026-09-14 04:52:29.351753,2026-09-14 07:14:19.701536
15363,JUP,SHORT,0.23659000,0.23657000,0.00,0.0423,11.10,5,atr_sl_hit,Hermes-pump-chain-,closed,f,2026-09-14 05:04:52.114874,2026-09-14 11:08:33.11875
15364,NEO,SHORT,2.28020000,2.31046978,-0.22,-6.6375,16.60,5,rr_engine_resistance,Hermes-pullback-entry-,closed,f,2026-09-14 05:07:48.577273,2026-09-14 06:26:34.535685
15365,ACE,SHORT,0.14880000,0.14870000,0.01,0.2016,19.90,3,atr_sl_hit,Hermes-pump-chain-,closed,f,2026-09-14 05:10:50.197604,2026-09-14 10:10:23.581116
15366,PONS,SHORT,0.52186000,0.52808000,-0.14,-3.5757,11.10,3,rr_engine_resistance,Hermes-accel-300-breakout,trend_purity-,closed,f,2026-09-14 05:31:00.617377,2026-09-14 06:00:25.210189
15367,GMT,LONG,0.00768800,0.00757800,-0.07,-4.2924,11.10,3,atr_sl_hit,Hermes-rr-struct-v2+,closed,f,2026-09-14 05:56:56.967309,2026-09-14 09:26:23.83543
15368,SOL,LONG,101.49000000,103.58000000,0.23,10.2966,11.10,5,atr_sl_hit,Hermes-rr-struct-v2+,closed,f,2026-09-14 06:26:31.604393,2026-09-14 21:16:27.175168
15369,XPL,LONG,0.08029200,0.08210100,0.25,11.2651,11.10,5,atr_sl_hit,Hermes-breakout-long+,closed,f,2026-09-14 06:53:12.68658,2026-09-14 12:52:23.721159
15370,USUAL,SHORT,0.01180000,0.01171000,0.08,2.2881,11.10,3,atr_sl_hit,Hermes-pullback-entry-,closed,f,2026-09-14 07:15:28.166319,2026-09-14 12:11:30.897334
15371,DOT,SHORT,1.02020000,1.01910000,0.01,0.5391,11.10,5,atr_sl_hit,Hermes-pullback-entry-,closed,f,2026-09-14 07:23:31.924689,2026-09-14 09:52:20.246111
15372,HYPER,SHORT,0.06987200,0.07085500,-0.16,-4.2206,11.10,3,atr_sl_hit,Hermes-pump-chain-,closed,f,2026-09-14 08:46:32.381754,2026-09-14 09:46:24.895306
15373,ENA,SHORT,0.14028000,0.14188000,-0.13,-5.7029,11.10,5,atr_sl_hit,Hermes-pump-chain-,closed,f,2026-09-14 09:29:33.944102,2026-09-14 09:51:20.849472
15374,BIGTIME,SHORT,0.00736400,0.00725900,0.07,4.2776,11.10,3,atr_sl_hit,Hermes-pullback-entry-,closed,f,2026-09-14 09:37:32.965668,2026-09-14 11:16:23.689257
15375,CAKE,LONG,2.32930000,2.35840000,0.12,3.7479,11.10,3,atr_sl_hit,Hermes-pump-chain+,closed,f,2026-09-14 09:47:38.600531,2026-09-14 11:36:29.558578
15376,HYPER,LONG,0.07124600,0.07036700,-0.12,-3.7013,11.10,3,atr_sl_hit,Hermes-pump-chain+,closed,f,2026-09-14 09:55:41.882433,2026-09-14 10:22:26.424301
15377,FIL,LONG,1.01160000,1.00220000,-0.16,-4.6461,16.60,5,atr_sl_hit,Hermes-pump-chain+,closed,f,2026-09-14 10:12:30.714023,2026-09-14 10:25:26.937418
15378,BANANA,SHORT,3.85460000,3.83290000,0.06,1.6889,11.10,3,atr_sl_hit,Hermes-pump-chain-,closed,f,2026-09-14 10:30:34.371943,2026-09-14 14:11:25.790332
15379,GOAT,SHORT,0.01645200,0.01615000,0.20,5.5069,11.10,3,atr_sl_hit,Hermes-pump-chain-,closed,f,2026-09-14 10:31:26.767383,2026-09-14 15:10:27.398631
15380,SEI,LONG,0.04476800,0.04481300,0.01,0.5026,11.10,5,atr_sl_hit,Hermes-rr-struct-v2+,closed,f,2026-09-14 10:51:43.285798,2026-09-14 21:02:40.354304
15381,HYPER,SHORT,0.07040600,0.07130900,-0.14,-3.8477,11.10,3,atr_sl_hit,Hermes-pump-chain-,closed,f,2026-09-14 11:25:33.953127,2026-09-14 20:17:35.207747
15382,DOT,SHORT,1.01280000,1.02730000,-0.06,-7.1584,11.10,5,atr_sl_hit,Hermes-pullback-entry-,closed,f,2026-09-14 11:33:31.163005,2026-09-14 20:15:19.757172
15383,ENA,SHORT,0.14145000,0.13985000,0.13,5.6557,11.10,5,atr_sl_hit,Hermes-pump-chain-,closed,f,2026-09-14 12:05:45.384838,2026-09-14 13:32:13.18079
15384,ACE,LONG,0.15220000,0.15020000,-0.18,-3.9422,19.90,3,atr_sl_hit,Hermes-breakout-long+,rs-s42,closed,f,2026-09-14 12:13:07.806985,2026-09-14 12:56:19.624448
15385,TURBO,LONG,0.00091100,0.00091200,0.01,0.3293,11.10,3,atr_sl_hit,Hermes-rr-struct-v2+,rs-s37,closed,f,2026-09-14 14:06:37.501039,2026-09-14 21:02:30.329851
15386,FIL,LONG,1.01730000,1.00960000,-0.13,-3.7845,16.60,5,atr_sl_hit,Hermes-pump-chain+,closed,f,2026-09-14 14:15:30.877004,2026-09-14 14:35:24.831527
15387,SYRUP,LONG,0.21564000,0.21194000,-0.19,-5.1475,11.10,3,atr_sl_hit,Hermes-rr-struct-v2+,closed,f,2026-09-14 14:16:46.326261,2026-09-14 16:05:27.994633
15388,BLUR,SHORT,0.01732200,0.01753600,-0.20,-3.7063,16.60,3,atr_sl_hit,Hermes-pump-chain-,closed,f,2026-09-14 14:49:28.87722,2026-09-14 18:21:22.235558
15389,APT,SHORT,0.58660000,0.59450000,0.00,-6.7337,11.10,5,atr_sl_hit,Hermes-pump-chain-,closed,f,2026-09-14 14:56:29.88883,2026-09-14 17:13:24.024863
15390,INJ,LONG,6.17710000,6.33190000,0.28,12.5302,11.10,5,atr_sl_hit,Hermes-pump-chain+,closed,f,2026-09-14 15:27:32.984518,2026-09-14 19:35:29.751062
15391,JUP,LONG,0.24010000,0.24212000,0.09,4.2066,11.10,5,atr_sl_hit,Hermes-rr-struct-v2+,closed,f,2026-09-14 16:37:14.440198,2026-09-14 21:02:27.340334
15392,ENA,SHORT,0.14181000,0.14383000,-0.16,-7.1222,11.10,5,atr_sl_hit,Hermes-pump-chain-,closed,f,2026-09-14 17:42:36.206677,2026-09-14 17:57:28.248118
15393,ACE,SHORT,0.15150000,0.14980000,0.22,3.3663,19.90,3,atr_sl_hit,Hermes-pump-chain-,closed,f,2026-09-14 19:05:40.80681,2026-09-15 04:17:29.224444
15394,BABY,SHORT,0.01153500,0.01119600,0.13,8.8166,22.10,3,atr_sl_hit,Hermes-pump-chain-,closed,f,2026-09-14 19:17:35.512669,2026-09-15 01:42:23.959055
15395,SYRUP,LONG,0.21774000,0.21829000,0.02,0.7578,11.10,3,atr_sl_hit,Hermes-rr-struct-v2+,closed,f,2026-09-14 20:17:33.08544,2026-09-14 21:39:26.6055
15396,HYPER,SHORT,0.07057800,0.06892400,0.26,7.0305,11.10,3,atr_sl_hit,Hermes-pullback-entry-,closed,f,2026-09-14 21:52:33.19621,2026-09-15 09:00:26.472495
15397,USUAL,SHORT,0.01173000,0.01192000,-0.18,-4.8593,11.10,3,atr_sl_hit,Hermes-pullback-entry-,closed,f,2026-09-14 22:47:34.097816,2026-09-15 03:16:23.423259
15398,ALT,SHORT,0.00664400,0.00675200,-0.18,-4.8766,11.10,3,atr_sl_hit,Hermes-pullback-entry-,closed,f,2026-09-14 22:56:29.253388,2026-09-15 00:54:24.692318
15399,DOT,SHORT,1.00620000,0.99700000,0.10,4.5717,11.10,5,atr_sl_hit,Hermes-pullback-entry-,closed,f,2026-09-14 23:06:30.801222,2026-09-15 05:54:24.314945
15400,STX,SHORT,0.26367000,0.25872000,0.21,9.3867,11.10,5,atr_sl_hit,Hermes-pullback-entry-,closed,f,2026-09-14 23:14:34.949356,2026-09-15 14:32:23.080887
15401,KAS,LONG,0.03527700,0.03477335,-0.25,-4.2831,18.80,3,atr_sl_hit,Hermes-rr-struct-v2+,closed,f,2026-09-15 01:17:35.885698,2026-09-15 03:04:38.629418
15402,FOGO,SHORT,0.00626500,0.00635000,-0.15,-4.0702,11.10,3,atr_sl_hit,Hermes-pullback-entry-,closed,f,2026-09-15 03:11:34.031406,2026-09-15 08:54:22.286478
15403,SUSHI,SHORT,0.21510000,0.21412000,0.05,1.3668,11.10,3,atr_sl_hit,Hermes-pullback-entry-,closed,f,2026-09-15 03:31:39.773173,2026-09-15 12:40:23.155091
15404,CHIP,SHORT,0.04097200,0.04160400,-0.34,-4.6276,22.10,3,atr_sl_hit,Hermes-pullback-entry-,closed,f,2026-09-15 07:06:37.858796,2026-09-15 09:37:39.752709
15405,ATOM,LONG,1.59880000,1.57510000,-0.16,-7.4118,11.10,5,atr_sl_hit,Hermes-rr-struct-v2+,closed,f,2026-09-15 09:26:37.252846,2026-09-15 11:33:26.77206
15406,W,SHORT,0.00962000,0.00952000,0.12,5.1975,11.10,5,atr_sl_hit,Hermes-pullback-entry-,closed,f,2026-09-15 09:37:37.061959,2026-09-15 15:19:19.815682
15407,MET,SHORT,0.20390000,0.20611000,-0.12,-1.0839,11.10,3,hard_sl,Hermes-pullback-entry-,closed,f,2026-09-15 09:51:38.402049,2026-09-15 12:25:07.49567
15408,DOGE,LONG,0.08245000,0.08243300,0.00,-0.1031,11.10,5,cut-loser-MAE-GUARD,Hermes-rr-struct-v2+,closed,f,2026-09-15 11:52:35.644485,2026-09-15 13:40:23.039197
15409,YGG,SHORT,0.02217900,0.02199100,0.09,2.5429,11.10,3,atr_sl_hit,Hermes-pullback-entry-,closed,f,2026-09-15 12:37:29.843498,2026-09-15 15:23:30.799702
15410,SOL,LONG,101.32000000,100.14000000,-0.13,-5.8231,11.10,5,cut-loser-MAE-GUARD,Hermes-rr-struct-v2+,closed,f,2026-09-15 13:06:34.894125,2026-09-15 13:40:16.035699
15411,DOT,SHORT,0.98683000,0.98761000,-0.01,-0.3952,11.10,5,atr_sl_hit,Hermes-pullback-entry-,closed,f,2026-09-15 13:52:29.893291,2026-09-15 15:25:22.770335
15412,BANANA,SHORT,3.80180000,3.78230000,0.09,1.5387,16.60,3,atr_sl_hit,Hermes-pullback-entry-,closed,f,2026-09-15 13:57:33.617108,2026-09-15 15:10:24.138311
15413,APT,SHORT,0.57290000,0.56930000,0.07,3.1419,11.10,5,atr_sl_hit,Hermes-pullback-entry-,closed,f,2026-09-15 14:33:33.972862,2026-09-15 15:04:30.262204
15414,SUPER,SHORT,0.11397000,0.11191000,0.20,5.4225,11.10,3,atr_sl_hit,Hermes-pullback-entry-,closed,f,2026-09-15 16:27:34.254943,2026-09-15 18:55:28.080571
15415,LTC,SHORT,51.80900000,51.42000000,0.09,3.7542,11.10,5,atr_sl_hit,Hermes-pullback-entry-,closed,f,2026-09-15 16:27:46.254985,2026-09-15 18:54:23.941674
15416,IMX,LONG,0.12376000,0.12102000,-0.25,-11.0698,11.10,5,atr_sl_hit,Hermes-breakout-long+,closed,f,2026-09-15 16:40:30.021863,2026-09-15 18:37:20.553556
15417,SAND,SHORT,0.03456700,0.03455900,0.00,0.1157,11.10,5,atr_sl_hit,Hermes-pullback-entry-,closed,f,2026-09-15 16:54:30.091424,2026-09-15 17:49:25.449976
15418,ETH,SHORT,2422.30000000,2394.40000000,0.13,5.7590,11.10,5,atr_sl_hit,Hermes-pullback-entry-,closed,f,2026-09-15 16:57:31.981096,2026-09-15 18:53:21.384699
15419,ZEN,LONG,6.37910000,6.26630000,-0.20,-8.8414,11.10,5,atr_sl_hit,Hermes-breakout-long+,closed,f,2026-09-15 17:51:56.900706,2026-09-15 18:18:20.104274
15420,WLFI,SHORT,0.05694200,0.05693500,0.00,0.0615,11.10,5,,Hermes-pullback-entry-,closed,f,2026-09-15 18:27:35.359029,2026-09-15 18:30:38.10771
15421,MET,SHORT,0.19925000,0.19871000,0.03,0.8130,11.10,3,profit-monster-trail,Hermes-grind-breakout-,closed,f,2026-09-15 18:36:33.783527,2026-09-15 18:40:05.945561
15422,IMX,SHORT,0.12074000,0.11974000,0.16,4.1411,18.80,5,atr_sl_hit,Hermes-pullback-entry-,closed,f,2026-09-15 20:52:32.057068,2026-09-15 23:12:23.84048
15423,ETH,SHORT,2394.60000000,2424.00000000,-0.14,-6.1388,11.10,5,atr_sl_hit,Hermes-pullback-entry-,closed,f,2026-09-15 21:52:32.312719,2026-09-16 11:44:22.634813
15424,SYRUP,SHORT,0.19780000,0.19388000,0.22,6.7341,11.10,3,atr_sl_hit,Hermes-pullback-entry-,closed,f,2026-09-15 22:36:47.110899,2026-09-16 18:03:26.172949
15425,BIGTIME,LONG,0.00717600,0.00707898,-0.15,-4.0559,11.10,3,atr_sl_hit,Hermes-breakout-long+,closed,f,2026-09-16 00:07:30.250907,2026-09-16 01:45:24.01442
15426,DOT,SHORT,0.94289000,0.95521000,-0.25,-6.5331,18.80,5,atr_sl_hit,Hermes-pullback-entry-,closed,f,2026-09-16 00:13:30.742345,2026-09-16 04:35:35.51184
15427,SEI,SHORT,0.04188500,0.04279600,-0.25,-2.1750,11.10,5,HARD_SL_FAILED,Hermes-pullback-entry-,closed,f,2026-09-16 01:30:37.959385,2026-09-16 20:51:54.686201
15428,ETC,SHORT,7.15890000,7.25840000,-0.28,-6.9494,19.90,5,atr_sl_hit,Hermes-pullback-entry-,closed,f,2026-09-16 01:30:56.028397,2026-09-16 04:22:27.127065
15429,IO,SHORT,0.12215000,0.12193000,0.02,0.5403,11.10,3,atr_sl_hit,Hermes-pullback-entry-,closed,f,2026-09-16 01:31:12.072495,2026-09-16 02:20:21.292151
15430,ADA,SHORT,0.19452000,0.19312000,0.08,3.5986,11.10,5,profit-monster-trail,Hermes-mover-,closed,f,2026-09-16 05:06:35.354294,2026-09-16 08:13:51.74902
15431,CHIP,SHORT,0.03769500,0.03700100,0.31,5.5233,16.60,3,atr_sl_hit,Hermes-pullback-entry-,closed,f,2026-09-16 05:17:36.763546,2026-09-16 11:37:25.786617
15432,LTC,SHORT,50.87000000,50.72900000,0.06,1.3859,19.90,5,profit-monster-trail,Hermes-r2-trend-short3,closed,f,2026-09-16 08:14:26.670478,2026-09-16 11:00:59.346389
15433,FIL,SHORT,0.80635000,0.78189000,0.34,3.0334,11.10,5,hard_tp,Hermes-pullback-entry-,closed,f,2026-09-16 12:17:34.950131,2026-09-16 12:41:21.239796
15434,ACE,SHORT,0.14820000,0.14970000,-0.23,-1.0121,22.10,3,HL_CLOSED,Hermes-pullback-entry-,closed,f,2026-09-16 13:23:42.393209,2026-09-16 20:57:03.84415
15435,ME,SHORT,0.06028000,0.06100000,-0.14,-1.1944,11.10,3,atr_sl_hit,Hermes-pullback-entry-,closed,f,2026-09-16 13:24:28.179568,2026-09-16 20:52:14.572212
15436,SUPER,SHORT,0.11127000,0.11286000,-0.16,-4.2869,11.10,3,atr_sl_hit,Hermes-pullback-entry-,closed,f,2026-09-16 13:37:29.799084,2026-09-16 20:51:48.076897
15444,NEAR,LONG,2.62390000,2.66700000,0.19,8.2130,11.10,5,atr_sl_hit,Hermes-open-skies+,closed,f,2026-09-16 23:47:38.666497,2026-09-17 00:47:23.819321
15446,BIGTIME,LONG,0.00727400,0.00717600,-0.22,-4.0418,16.60,3,atr_sl_hit,Hermes-rs-s36,volume-breakout-long+,closed,f,2026-09-16 23:54:42.421299,2026-09-17 02:10:06.081812
15457,XPL,LONG,0.08621500,0.08496300,-0.16,-7.2609,11.10,5,atr_sl_hit,Hermes-open-skies+,closed,f,2026-09-17 11:31:30.478569,2026-09-17 13:25:21.005165
15458,SUSHI,LONG,0.22289000,0.22001000,-0.14,-3.8764,11.10,3,atr_sl_hit,Hermes-open-skies+,closed,f,2026-09-17 12:03:29.249211,2026-09-17 12:32:27.858129
15459,RESOLV,LONG,0.01746700,0.01747800,0.01,0.1889,11.10,3,profit-monster-trail,Hermes-grind-breakout+,closed,f,2026-09-17 12:11:37.342867,2026-09-17 12:17:24.855678
15460,AVAX,LONG,7.60180000,7.54290000,-0.09,-3.8741,11.10,5,cut-loser-CL-T1,Hermes-btc-pump-rider+,closed,f,2026-09-17 12:17:41.391346,2026-09-17 13:39:55.021152
15461,STX,LONG,0.25223000,0.24858000,-0.16,-7.2355,11.10,5,atr_sl_hit,Hermes-open-skies+,closed,f,2026-09-17 14:23:30.522628,2026-09-17 15:38:23.004477
15462,W,LONG,0.00946000,0.00933000,-0.15,-6.8710,11.10,5,atr_sl_hit,Hermes-open-skies+,closed,f,2026-09-17 14:28:30.779172,2026-09-17 15:05:33.431102
15463,WCT,LONG,0.03641800,0.03591000,-0.16,-4.1847,11.10,3,atr_sl_hit,Hermes-volume-breakout-long+,closed,f,2026-09-17 14:28:40.778727,2026-09-17 19:03:26.051578
15464,COMP,SHORT,19.21800000,19.36500000,-0.09,-3.8245,11.10,5,cut-loser-CL-T1,Hermes-r2-trend-short3,closed,f,2026-09-17 15:17:03.657221,2026-09-17 15:59:45.630173
15465,BABY,LONG,0.01073600,0.01074000,0.01,0.1118,22.10,3,atr_sl_hit,Hermes-volume-breakout-long+,closed,f,2026-09-17 16:13:28.669246,2026-09-17 18:09:30.630066
15466,NOT,LONG,0.00045600,0.00045000,-0.15,-3.9474,11.10,3,atr_sl_hit,Hermes-volume-breakout-long+,closed,f,2026-09-17 16:35:38.88795,2026-09-17 17:46:20.492818
15467,GMX,LONG,7.40030000,7.52440000,0.19,5.0309,11.10,3,atr_sl_hit,Hermes-volume-breakout-long+,closed,f,2026-09-17 17:07:36.653191,2026-09-18 11:07:30.237086
15468,IO,SHORT,0.12877000,0.13067000,-0.16,-4.4265,11.10,3,atr_sl_hit,Hermes-pullback-entry-,closed,f,2026-09-17 18:27:27.933396,2026-09-18 00:47:21.834966
15469,HEMI,SHORT,0.00639000,0.00637900,0.02,0.5164,11.10,3,atr_sl_hit,Hermes-pullback-entry-,closed,f,2026-09-17 18:38:34.880651,2026-09-17 21:33:21.635701
15470,AIXBT,SHORT,0.01956700,0.01981600,-0.14,-3.8177,11.10,3,atr_sl_hit,Hermes-pullback-entry-,closed,f,2026-09-17 19:26:32.103656,2026-09-18 00:55:34.481049
15471,ALT,SHORT,0.00650900,0.00659600,-0.15,-4.0098,11.10,3,atr_sl_hit,Hermes-pullback-entry-,closed,f,2026-09-17 19:31:37.821826,2026-09-18 00:55:26.191976
15472,IMX,SHORT,0.12163000,0.12341000,-0.16,-7.3173,11.10,5,atr_sl_hit,Hermes-pullback-entry-,closed,f,2026-09-17 22:36:34.031631,2026-09-18 02:06:33.646664
15473,CAKE,LONG,2.45770000,2.48330000,0.12,3.1249,11.10,3,atr_sl_hit,Hermes-r2-trend-long8,closed,f,2026-09-18 02:10:37.918136,2026-09-18 05:57:18.614773
15474,WLD,LONG,0.41071000,0.42040000,0.26,11.7966,11.10,5,atr_sl_hit,Hermes-volume-breakout-long+,closed,f,2026-09-18 02:44:27.052232,2026-09-18 04:27:24.110561
15475,YGG,LONG,0.02357700,0.02370100,0.06,1.5778,11.10,3,atr_sl_hit,Hermes-volume-breakout-long+,closed,f,2026-09-18 03:32:32.723015,2026-09-18 11:06:24.24234
15476,ALGO,LONG,0.09482200,0.09508800,0.03,1.4026,11.10,5,profit-monster-trail,Hermes-mover+,closed,f,2026-09-18 05:12:30.980296,2026-09-18 05:24:52.725262
15477,APT,LONG,0.66390000,0.66510000,0.04,0.9038,19.90,5,profit-monster-trail,Hermes-warrior-sr-confirm+,closed,f,2026-09-18 07:37:17.196472,2026-09-18 07:53:52.359542
15478,ME,LONG,0.06453000,0.06503000,0.09,2.3245,11.10,3,atr_sl_hit,Hermes-volume-breakout-long+,closed,f,2026-09-18 07:56:33.846241,2026-09-18 11:13:27.407066
15479,SUSHI,LONG,0.24296000,0.24310000,0.01,0.1729,11.10,3,atr_sl_hit,Hermes-volume-breakout-long+,closed,f,2026-09-18 08:56:28.999742,2026-09-18 09:04:26.722752
15480,FOGO,LONG,0.00627900,0.00635400,0.13,3.5834,11.10,3,profit-monster-trail,Hermes-doji-bottom-long,closed,f,2026-09-18 09:03:36.448464,2026-09-18 11:04:58.768631
15481,DYDX,LONG,0.12840000,0.12984000,0.12,5.6075,11.10,5,atr_sl_hit,Hermes-volume-breakout-long+,closed,f,2026-09-18 10:07:14.287518,2026-09-18 10:35:41.555921
15482,FOGO,LONG,0.00634100,0.00633300,-0.01,-0.3785,11.10,3,profit-monster-trail,Hermes-continuation+,closed,f,2026-09-18 11:43:36.339297,2026-09-18 12:56:37.701382
15483,BCH,LONG,250.16000000,252.86000000,0.12,5.3965,11.10,5,profit-monster-trail,Hermes-mover+,closed,f,2026-09-18 12:32:29.736776,2026-09-18 13:54:56.501387
15484,ONDO,LONG,0.39974000,0.39378000,-0.17,-7.4548,11.10,5,atr_sl_hit,Hermes-volume-breakout-long+,closed,f,2026-09-18 12:42:01.113565,2026-09-18 13:03:19.940348
15485,BLUR,LONG,0.01775800,0.01792700,0.11,2.8551,11.10,3,profit-monster-trail,Hermes-mover+,closed,f,2026-09-18 13:55:29.750894,2026-09-18 15:04:20.959385
15486,HYPER,LONG,0.07032300,0.07033500,0.00,0.0512,11.10,3,profit-monster-trail,Hermes-btc-pump-rider+,closed,f,2026-09-18 14:05:41.667657,2026-09-18 15:43:34.063724
15487,SUPER,LONG,0.13683000,0.14070000,0.32,8.4850,11.10,3,atr_sl_hit,Hermes-volume-breakout-long+,closed,f,2026-09-18 15:13:31.442617,2026-09-18 15:29:25.083841
15488,NOT,SHORT,0.00046900,0.00047700,-0.19,-5.1173,11.10,3,atr_sl_hit,Hermes-pullback-entry-,closed,f,2026-09-18 15:47:27.921547,2026-09-18 20:30:23.618913
15489,W,LONG,0.01074000,0.01104000,0.31,2.7933,11.10,5,hard_tp,Hermes-volume-breakout-long+,closed,f,2026-09-18 16:01:53.827151,2026-09-18 16:17:52.802166
15490,CAKE,SHORT,2.43780000,2.45790000,-0.09,-2.4735,11.10,3,cut-loser-CL-T1,Hermes-mover-,closed,f,2026-09-18 17:02:44.67039,2026-09-18 19:20:02.676382
15491,DOT,SHORT,1.13320000,1.14910000,-0.16,-7.0155,11.10,5,atr_sl_hit,Hermes-pullback-entry-,closed,f,2026-09-18 17:23:23.473553,2026-09-19 02:31:36.311655
15492,ADA,LONG,0.22097000,0.22424000,0.17,7.3992,11.10,5,atr_sl_hit,Hermes-pump-chain+,closed,f,2026-09-18 18:09:44.85554,2026-09-18 23:37:24.294067
15493,FOGO,LONG,0.00647400,0.00687700,0.69,18.6747,11.10,3,atr_sl_hit,Hermes-pump-chain+,closed,f,2026-09-18 18:13:31.977933,2026-09-18 23:52:21.731984
15494,BABY,LONG,0.01161100,0.01145427,-0.30,-4.0494,22.10,3,atr_sl_hit,Hermes-mover+,closed,f,2026-09-18 19:13:27.620255,2026-09-19 00:21:19.296605
15495,ATOM,LONG,1.69100000,1.71530000,0.16,7.1851,11.10,5,atr_sl_hit,Hermes-mover+,closed,f,2026-09-18 19:42:27.783408,2026-09-18 22:35:46.361175
15496,JUP,LONG,0.26910000,0.26559000,-0.13,-6.5217,11.10,5,atr_sl_hit,Hermes-volume-breakout-long+,closed,f,2026-09-18 20:22:08.038116,2026-09-18 22:27:20.252627
15497,APT,LONG,0.75100000,0.74850000,-0.04,-1.6644,11.10,5,atr_sl_hit,Hermes-pump-chain+,closed,f,2026-09-19 00:23:26.979777,2026-09-19 00:49:22.322182
15498,ATOM,LONG,1.73690000,1.71380000,-0.15,-6.6498,11.10,5,atr_sl_hit,Hermes-pump-chain+,closed,f,2026-09-19 00:31:51.030419,2026-09-19 01:14:21.344494
15499,FIL,LONG,0.97395000,0.95480000,-0.22,-9.8311,11.10,5,atr_sl_hit,Hermes-pump-chain+,closed,f,2026-09-19 00:38:47.787614,2026-09-19 00:57:26.757553
15500,ME,LONG,0.06810000,0.06805000,-0.01,-0.2203,11.10,3,profit-monster-trail,Hermes-grind-trend+,closed,f,2026-09-19 00:43:17.9261,2026-09-19 02:07:33.268096
15501,IOTA,LONG,0.04486200,0.04526400,0.10,2.6882,11.10,3,profit-monster-trail,Hermes-grind-trend+,closed,f,2026-09-19 00:43:47.951501,2026-09-19 02:01:31.634167
15502,SYRUP,LONG,0.22066000,0.22346000,0.14,3.8068,11.10,3,profit-monster-trail,Hermes-grind-trend+,closed,f,2026-09-19 02:18:55.63538,2026-09-19 03:22:10.985856
15503,IMX,LONG,0.13474000,0.13476000,0.00,0.0742,11.10,5,atr_sl_hit,Hermes-pump-chain+,closed,f,2026-09-19 02:21:30.580059,2026-09-19 03:21:35.506075
15504,ADA,LONG,0.23468000,0.23144000,-0.16,-6.9030,11.10,5,atr_sl_hit,Hermes-pump-chain+,closed,f,2026-09-19 02:41:33.895849,2026-09-19 03:21:27.584731
15505,CC,LONG,0.11335000,0.11162000,-0.17,-4.5787,11.10,3,atr_sl_hit,Hermes-pump-chain+,closed,f,2026-09-19 02:43:32.329765,2026-09-19 04:40:32.916983
15506,HBAR,LONG,0.07951100,0.07942300,-0.01,-0.5534,11.10,5,profit-monster-trail,Hermes-grind-trend+,closed,f,2026-09-19 02:45:30.826064,2026-09-19 03:21:05.065397
15507,IO,LONG,0.14395000,0.14374000,-0.02,-0.4377,11.10,3,profit-monster-trail,Hermes-grind-trend+,closed,f,2026-09-19 02:47:33.013749,2026-09-19 03:17:05.671469
15508,LDO,LONG,0.39624000,0.39810000,0.05,2.3471,11.10,5,profit-monster-trail,Hermes-grind-trend+,closed,f,2026-09-19 02:49:37.942415,2026-09-19 03:18:04.169984
15509,SEI,LONG,0.04858200,0.04816400,-0.10,-4.3020,11.10,5,cut-loser-CL-T1,Hermes-grind-trend+,closed,f,2026-09-19 03:00:31.670271,2026-09-19 03:35:11.832815
15510,USUAL,LONG,0.01226000,0.01216000,-0.09,-2.4470,11.10,3,cut-loser-CL-T1,Hermes-grind-trend+,closed,f,2026-09-19 03:17:32.964156,2026-09-19 03:56:19.7746
15511,BABY,LONG,0.01156200,0.01136000,-0.19,-5.2413,11.10,3,atr_sl_hit,Hermes-grind-trend+,closed,f,2026-09-19 03:22:49.120215,2026-09-19 04:39:29.666219
15512,BANANA,LONG,4.06390000,4.03210000,-0.09,-2.3475,11.10,3,cut-loser-CL-T1,Hermes-grind-trend+,closed,f,2026-09-19 03:23:10.362051,2026-09-19 04:41:24.72621
15513,AIXBT,LONG,0.02097400,0.02101600,0.02,0.6007,11.10,3,profit-monster-trail,Hermes-grind-trend+,closed,f,2026-09-19 03:46:42.034404,2026-09-19 04:27:21.666282
15514,ALT,LONG,0.00709700,0.00708000,-0.03,-0.7186,11.10,3,profit-monster-trail,Hermes-grind-trend+,closed,f,2026-09-19 03:49:40.939578,2026-09-19 04:26:21.603857
15515,IOTA,LONG,0.04599500,0.04601500,0.00,0.1304,11.10,3,atr_sl_hit,Hermes-pump-chain+,closed,f,2026-09-19 04:06:53.363922,2026-09-19 04:29:21.917416
15516,ALGO,LONG,0.09766500,0.09618700,-0.05,-7.5667,11.10,5,atr_sl_hit,Hermes-mover+,closed,f,2026-09-19 04:16:31.172902,2026-09-19 06:20:35.591261
15517,AZTEC,LONG,0.01590800,0.01566900,-0.16,-4.5072,11.10,3,atr_sl_hit,Hermes-pump-chain+,closed,f,2026-09-19 04:26:51.69038,2026-09-19 04:52:22.265127
15518,AVAX,LONG,8.48480000,8.88570000,0.53,23.6246,11.10,5,atr_sl_hit,Hermes-pump-chain+,closed,f,2026-09-19 05:17:28.200427,2026-09-19 09:36:43.074616
15519,LINK,SHORT,12.31700000,12.43100000,-0.11,-4.6278,11.10,5,cut-loser-CL-T1,Hermes-grind-trend-,closed,f,2026-09-19 06:20:33.001162,2026-09-19 08:19:48.724023
15520,JUP,LONG,0.27141000,0.28288000,0.47,21.1304,11.10,5,atr_sl_hit,Hermes-pump-chain+,closed,f,2026-09-19 06:43:40.999826,2026-09-19 10:35:29.049317
15521,BABY,LONG,0.01139200,0.01159900,0.30,5.4512,16.60,3,atr_sl_hit,Hermes-pump-chain+,closed,f,2026-09-19 06:53:36.242707,2026-09-19 15:34:33.504667
15522,GMT,LONG,0.00767800,0.00780600,0.19,5.0013,11.10,3,profit-monster-trail,Hermes-grind-trend+,closed,f,2026-09-19 07:09:53.725747,2026-09-19 12:24:19.280387
15523,ME,SHORT,0.06768000,0.06857000,-0.15,-3.9450,11.10,3,atr_sl_hit,Hermes-pullback-entry-,closed,f,2026-09-19 07:23:31.078384,2026-09-19 09:46:20.883107
15524,IOTA,LONG,0.04567800,0.04576700,0.02,0.5845,11.10,3,profit-monster-trail,Hermes-grind-trend+,closed,f,2026-09-19 07:27:08.687576,2026-09-19 07:53:37.731181
15525,YGG,LONG,0.02509800,0.02510500,0.00,0.0837,11.10,3,profit-monster-trail,Hermes-grind-trend+,closed,f,2026-09-19 07:39:34.736485,2026-09-19 07:53:47.178977
15526,IO,SHORT,0.13990000,0.14116000,-0.07,-2.7019,11.10,3,cut-loser-CL-T1,Hermes-grind-trend-,closed,f,2026-09-19 08:04:08.204593,2026-09-19 08:13:47.644557
15527,SEI,LONG,0.04825600,0.04900000,0.17,7.7089,11.10,5,profit-monster-trail,Hermes-grind-trend+,closed,f,2026-09-19 09:59:32.80723,2026-09-19 11:12:48.828832
15528,COMP,LONG,21.38300000,21.49900000,0.06,2.7124,11.10,5,profit-monster-trail,Hermes-grind-trend+,closed,f,2026-09-19 10:04:06.219031,2026-09-19 11:20:53.7557
15529,ACE,SHORT,0.15600000,0.15580000,0.02,0.3846,18.80,3,profit-monster-trail,Hermes-grind-trend-,closed,f,2026-09-19 10:07:54.241586,2026-09-19 13:19:39.541517
15530,ENS,LONG,6.28560000,6.34260000,0.03,4.5342,11.10,5,profit-monster-trail,Hermes-grind-trend+,closed,f,2026-09-19 10:08:36.627037,2026-09-19 10:59:47.027378
15531,FIL,LONG,0.98480000,0.98672000,0.02,0.9748,11.10,5,atr_sl_hit,Hermes-pump-chain+,closed,f,2026-09-19 11:13:40.18843,2026-09-19 12:56:23.465418
15532,DOGE,LONG,0.08807900,0.08875900,0.09,3.8602,11.10,5,atr_sl_hit,Hermes-pump-chain+,closed,f,2026-09-19 11:13:50.153118,2026-09-19 15:19:27.929179
15533,CAKE,SHORT,2.41910000,2.39980000,0.09,2.3935,11.10,3,atr_sl_hit,Hermes-pullback-entry-,closed,f,2026-09-19 13:30:36.043486,2026-09-19 23:13:44.895105
15534,IMX,LONG,0.14082000,0.14216000,0.11,4.7578,11.10,5,atr_sl_hit,Hermes-pump-chain+,closed,f,2026-09-19 13:46:37.478872,2026-09-19 17:25:21.611464
15535,ACE,LONG,0.15490000,0.15740000,0.30,4.8418,18.80,3,atr_sl_hit,Hermes-doji-bottom-long,closed,f,2026-09-19 14:06:45.27919,2026-09-20 01:12:29.517936
15536,DOGE,SHORT,0.08871400,0.08957600,-0.11,-4.8583,11.10,5,cut-loser-CL-T1,Hermes-grind-trend-,closed,f,2026-09-19 15:28:36.892177,2026-09-19 16:14:46.882378
15537,FIL,LONG,0.98197000,0.99010000,0.09,4.1396,11.10,5,profit-monster-trail,Hermes-warrior-sr-confirm+,closed,f,2026-09-19 15:36:29.344844,2026-09-19 16:04:44.664312
15538,INJ,LONG,7.50490000,7.52430000,0.03,1.2925,11.10,5,atr_sl_hit,Hermes-pump-chain+,closed,f,2026-09-19 15:46:44.987789,2026-09-19 16:34:27.40616
15539,WLFI,SHORT,0.05846900,0.05903718,-0.11,-4.8588,11.10,5,cut-loser-CL-T1,Hermes-grind-trend-,closed,f,2026-09-19 15:58:35.324385,2026-09-19 16:26:50.772416
15540,INJ,LONG,7.58700000,7.66880000,0.12,5.3908,11.10,5,atr_sl_hit,Hermes-pump-chain+,closed,f,2026-09-19 17:07:34.312441,2026-09-19 17:35:04.955755
15541,DYDX,LONG,0.13414000,0.13571000,0.13,5.8521,11.10,5,atr_sl_hit,Hermes-pump-chain+,closed,f,2026-09-19 17:55:58.676614,2026-09-19 20:34:53.018277
15542,ADA,LONG,0.22996000,0.22720000,-0.14,-6.0010,11.10,5,atr_sl_hit,Hermes-pump-chain+,closed,f,2026-09-19 18:00:50.73198,2026-09-19 21:15:28.936126
15543,JUP,LONG,0.27877000,0.27529000,-0.14,-6.2417,11.10,5,atr_sl_hit,Hermes-pump-chain+,closed,f,2026-09-19 18:01:52.756648,2026-09-19 21:37:06.404284
15544,SYRUP,SHORT,0.22303000,0.22297000,0.00,0.0807,11.10,3,atr_sl_hit,Hermes-pullback-entry-,closed,f,2026-09-19 18:31:43.35038,2026-09-19 23:05:24.19106
15545,HEMI,SHORT,0.00650100,0.00645400,0.08,2.1689,11.10,3,atr_sl_hit,Hermes-pullback-entry-,closed,f,2026-09-19 19:02:31.002335,2026-09-19 21:57:29.681964
15546,WCT,SHORT,0.04018300,0.04023300,0.00,-0.3733,11.10,3,atr_sl_hit,Hermes-pullback-entry-,closed,f,2026-09-19 20:03:00.587305,2026-09-19 22:40:32.336615
15547,AVAX,LONG,9.77800000,10.67200000,1.02,45.7149,11.10,5,atr_sl_hit,Hermes-pump-chain+,closed,f,2026-09-19 22:41:39.81218,2026-09-20 00:45:37.765431
15548,BABY,LONG,0.01170200,0.01174460,0.08,1.0921,22.10,3,atr_sl_hit,Hermes-volume-breakout-long+,closed,f,2026-09-19 23:01:30.767158,2026-09-20 01:16:19.36896
15549,IMX,LONG,0.14330000,0.14115000,-0.33,-7.5017,22.10,5,atr_sl_hit,Hermes-pump-chain+,closed,f,2026-09-19 23:27:38.906877,2026-09-20 01:15:28.31734
15550,BCH,LONG,254.91000000,251.53000000,-0.15,-6.6298,11.10,5,atr_sl_hit,Hermes-pump-chain+,closed,f,2026-09-19 23:28:00.919017,2026-09-20 01:33:43.79311
15551,ONDO,SHORT,0.42073000,0.41561000,0.12,6.0847,11.10,5,atr_sl_hit,Hermes-pullback-entry-,closed,f,2026-09-20 00:21:42.893009,2026-09-20 02:02:53.070657
15552,LTC,SHORT,57.79600000,57.36800000,0.09,3.7027,11.10,5,atr_sl_hit,Hermes-pullback-entry-,closed,f,2026-09-20 01:28:15.335099,2026-09-20 03:22:43.149259
15553,WLFI,SHORT,0.05827700,0.05801700,0.05,2.2307,11.10,5,atr_sl_hit,Hermes-pullback-entry-,closed,f,2026-09-20 02:02:48.458063,2026-09-20 04:39:29.17885
15554,CHIP,LONG,0.04319400,0.04260600,-0.15,-4.0839,11.10,3,atr_sl_hit,Hermes-pump-chain+,closed,f,2026-09-20 02:05:52.219524,2026-09-20 02:35:48.138783
15555,BABY,LONG,0.01174400,0.01157200,-0.32,-4.3937,22.10,3,atr_sl_hit,Hermes-pump-chain+,closed,f,2026-09-20 02:06:38.526397,2026-09-20 02:44:40.489397
15556,BABY,LONG,0.01165700,0.01166100,0.01,0.1029,22.10,3,atr_sl_hit,Hermes-pump-chain+,closed,f,2026-09-20 03:27:59.873755,2026-09-20 06:33:08.988804
15557,CC,LONG,0.10610000,0.10461000,-0.16,-4.2130,11.10,3,atr_sl_hit,Hermes-pump-chain+,closed,f,2026-09-20 03:31:02.670413,2026-09-20 06:20:24.278039
15558,FOGO,LONG,0.00675900,0.00678600,0.09,1.1984,22.10,3,atr_sl_hit,Hermes-pump-chain+,closed,f,2026-09-20 03:39:03.187377,2026-09-20 04:04:15.362721
15559,ENS,SHORT,6.27330000,6.20560000,0.12,5.3959,11.10,5,atr_sl_hit,Hermes-pullback-entry-,closed,f,2026-09-20 05:06:35.878796,2026-09-20 09:35:29.706934
15560,GMT,SHORT,0.00774400,0.00756300,0.26,7.0119,11.10,3,atr_sl_hit,Hermes-pullback-entry-,closed,f,2026-09-20 05:41:45.952026,2026-09-20 15:16:17.752053
15561,BLUR,SHORT,0.01870300,0.01841900,0.17,4.5554,11.10,3,atr_sl_hit,Hermes-pullback-entry-,closed,f,2026-09-20 05:41:55.911798,2026-09-20 15:57:35.224867
15562,INJ,LONG,7.66410000,7.73210000,0.16,4.4363,22.10,5,atr_sl_hit,Hermes-pump-chain+,closed,f,2026-09-20 05:44:55.354138,2026-09-20 08:47:26.954247
15563,ME,SHORT,0.06911000,0.06693000,0.33,9.4632,22.10,3,atr_sl_hit,Hermes-pullback-entry-,closed,f,2026-09-20 06:31:26.70332,2026-09-20 15:17:53.416058
15564,WLD,SHORT,0.41920000,0.42556000,-0.17,-7.5859,11.10,5,atr_sl_hit,Hermes-pullback-entry-,closed,f,2026-09-20 08:48:58.48064,2026-09-20 09:22:37.010536
15565,ETC,LONG,8.30340000,8.52750000,0.30,13.4945,11.10,5,atr_sl_hit,Hermes-pump-chain+,closed,f,2026-09-20 09:12:36.804074,2026-09-20 17:21:33.203622
15566,COMP,LONG,20.87000000,20.59700000,-0.15,-6.5405,11.10,5,atr_sl_hit,Hermes-pump-chain+,closed,f,2026-09-20 09:13:31.778666,2026-09-20 13:41:22.750134
15567,ADA,LONG,0.21960000,0.22973000,0.52,23.0647,11.10,5,atr_sl_hit,Hermes-pump-chain+,closed,f,2026-09-20 09:13:41.8394,2026-09-20 17:19:48.833417
15568,DOGE,SHORT,0.08462100,0.08563800,-0.27,-6.0091,22.10,5,atr_sl_hit,Hermes-pullback-entry-,closed,f,2026-09-20 10:43:28.326235,2026-09-20 15:17:44.457435
15569,LINK,SHORT,11.98200000,12.15000000,-0.17,-7.0105,11.10,5,atr_sl_hit,Hermes-pullback-entry-,closed,f,2026-09-20 10:46:53.497348,2026-09-20 14:03:42.054738
15570,JUP,LONG,0.26939000,0.27670000,0.45,13.5677,16.60,5,atr_sl_hit,Hermes-pump-chain+,closed,f,2026-09-20 15:17:42.099375,2026-09-20 17:25:00.869871
15571,BTC,SHORT,81282.00000000,81137.00000000,0.02,0.1784,11.10,5,HL_CLOSED,Hermes-continuum-,closed,f,2026-09-20 17:26:50.491742,2026-09-20 19:04:14.293418
15572,WLFI,LONG,0.05825300,0.05747300,-0.15,-6.6949,11.10,5,atr_sl_hit,Hermes-doji-bottom-long,closed,f,2026-09-20 17:46:20.640777,2026-09-21 05:04:21.297357
15573,BANANA,LONG,4.00690000,4.00610000,0.00,-0.0599,11.10,3,atr_sl_hit,Hermes-pump-chain+,closed,f,2026-09-20 19:11:50.318382,2026-09-21 03:08:31.922742
15574,ACE,LONG,0.15930000,0.15970000,0.06,0.7533,22.10,3,atr_sl_hit,Hermes-pump-chain+,closed,f,2026-09-20 19:12:04.34938,2026-09-20 20:57:51.247446
15575,BLUR,SHORT,0.01859500,0.01887600,-0.17,-4.5335,11.10,3,atr_sl_hit,Hermes-pullback-entry-,closed,f,2026-09-20 19:18:03.044513,2026-09-21 00:08:41.490146
15576,HEMI,LONG,0.00625000,0.00617500,-0.13,-3.6000,11.10,3,pump_exit_momentum,Hermes-pump-chain+,closed,f,2026-09-20 19:29:39.599027,2026-09-21 02:01:20.117845
15577,AIXBT,LONG,0.02099900,0.02116600,0.09,2.3858,11.10,3,atr_sl_hit,Hermes-pump-chain+,closed,f,2026-09-20 22:18:36.533388,2026-09-21 01:36:38.332018
15578,HYPER,LONG,0.07275400,0.07166500,-0.17,-4.4905,11.10,3,atr_sl_hit,Hermes-volume-breakout-long+,closed,f,2026-09-21 00:36:45.998945,2026-09-21 01:52:20.191675
15579,IOTA,SHORT,0.04755200,0.04682800,0.17,4.5676,11.10,3,profit-monster-trail,Hermes-accel-300-breakout,rs-r64,rs-r66,closed,f,2026-09-21 01:31:17.085589,2026-09-21 02:03:29.999956
15580,BTC,LONG,81556.00000000,81576.00000000,0.00,0.1226,11.10,5,profit-monster-trail,Hermes-continuum-osc+,rs-s162,closed,f,2026-09-21 02:24:09.656616,2026-09-21 06:45:36.562052
15581,ALGO,LONG,0.11112000,0.10959000,-0.15,-6.8844,11.10,5,atr_sl_hit,Hermes-pump-chain+,closed,f,2026-09-21 03:06:32.752477,2026-09-21 04:07:24.247724
15582,HEMI,LONG,0.00619800,0.00611400,-0.15,-4.0658,11.10,3,atr_sl_hit,Hermes-pump-chain+,closed,f,2026-09-21 03:08:27.400836,2026-09-21 03:50:25.277631
15583,FIL,LONG,0.95832000,1.00070000,0.74,22.1116,16.60,5,atr_sl_hit,Hermes-volume-breakout-long+,closed,f,2026-09-21 05:22:37.696275,2026-09-21 09:50:32.455344
15584,KAS,LONG,0.04000000,0.03991200,-0.02,-0.6600,11.10,3,profit-monster-trail,Hermes-bb-bounce-v3-long+,closed,f,2026-09-21 05:33:32.6026,2026-09-21 05:47:35.319894
15585,CAKE,LONG,2.55190000,2.51180000,-0.18,-4.7141,11.10,3,atr_sl_hit,Hermes-pump-chain+,closed,f,2026-09-21 05:36:36.994657,2026-09-21 06:42:19.129243
15586,APT,SHORT,0.74010000,0.74110000,-0.02,-0.6756,11.10,5,profit-monster-trail,Hermes-r2-trend-short3,closed,f,2026-09-21 05:55:30.970613,2026-09-21 06:13:35.161387
15587,CASHCAT,LONG,0.17308000,0.17977000,0.43,11.5958,11.10,3,atr_sl_hit,Hermes-pump-chain+,closed,f,2026-09-21 08:06:35.794059,2026-09-21 09:00:22.841979
15588,GMX,LONG,8.08980000,8.09120000,0.00,0.0519,11.10,3,pump_exit_dead_money,Hermes-pump-chain+,closed,f,2026-09-21 11:27:31.820431,2026-09-21 15:05:52.377906
15589,ALT,LONG,0.00742400,0.00742400,0.01,0.2020,11.10,3,atr_sl_hit,Hermes-doji-bottom-long,closed,f,2026-09-21 13:44:33.757089,2026-09-21 15:29:19.570905
15590,NOT,LONG,0.00050600,0.00049700,-0.20,-5.3360,11.10,3,atr_sl_hit,Hermes-doji-bottom-long,closed,f,2026-09-21 13:52:27.617373,2026-09-21 14:06:27.334871
15591,AZTEC,LONG,0.01662800,0.01648600,-0.09,-2.5619,11.10,3,pump_exit_dead_money,Hermes-pump-chain+,closed,f,2026-09-21 14:02:24.479697,2026-09-21 16:05:34.150531
15592,JUP,LONG,0.30332000,0.30363000,0.02,0.5110,16.60,5,atr_sl_hit,Hermes-pump-chain+,closed,f,2026-09-21 14:05:34.965343,2026-09-21 14:44:19.640547
15593,CAKE,LONG,2.56820000,2.59780000,0.13,3.4577,11.10,3,atr_sl_hit,Hermes-mover+,closed,f,2026-09-21 15:19:27.652316,2026-09-21 15:57:18.138015
15594,INJ,LONG,7.87490000,7.77390000,-0.29,-6.4128,22.10,5,atr_sl_hit,Hermes-pump-chain+,closed,f,2026-09-21 16:55:33.210121,2026-09-21 17:17:18.974945
15595,CFX,SHORT,0.05326100,0.05398200,-0.15,-6.7686,11.10,5,atr_sl_hit,Hermes-pullback-entry-,closed,f,2026-09-21 17:16:34.082454,2026-09-21 20:27:21.279298
15596,BLUR,LONG,0.02006300,0.01972603,-0.37,-5.0387,22.10,3,atr_sl_hit,Hermes-mover+,closed,f,2026-09-21 20:31:36.501381,2026-09-21 21:30:34.098867
15597,AZTEC,LONG,0.01637400,0.01616600,-0.14,-3.8109,11.10,3,atr_sl_hit,Hermes-pump-chain+,closed,f,2026-09-21 20:33:54.256395,2026-09-21 21:21:23.24567
15598,HEMI,LONG,0.00648500,0.00639400,-0.16,-4.2097,11.10,3,atr_sl_hit,Hermes-pump-chain+,closed,f,2026-09-21 20:37:38.627164,2026-09-21 21:08:18.000162
15599,ALT,LONG,0.00750200,0.00750300,0.00,0.0400,11.10,3,pump_exit_dead_money,Hermes-pump-chain+,closed,f,2026-09-21 20:37:49.218267,2026-09-21 22:45:28.015301
15600,AIXBT,LONG,0.02277700,0.02273562,-0.04,-0.5450,22.10,3,atr_sl_hit,Hermes-pump-chain+,closed,f,2026-09-21 23:11:36.205918,2026-09-22 00:59:22.209207
15601,CASHCAT,LONG,0.17542000,0.17283000,-0.17,-4.4294,11.10,3,atr_sl_hit,Hermes-pump-chain+,closed,f,2026-09-21 23:12:50.950388,2026-09-21 23:47:26.201598
15602,SUSHI,SHORT,0.25415000,0.25191000,0.10,2.6441,11.10,3,atr_tp_hit,Hermes-accel-300-breakout,rs-r71,rs-r82,closed,f,2026-09-22 01:02:08.258886,2026-09-22 01:03:23.603952
15603,GMT,SHORT,0.00855900,0.00857300,-0.02,-0.4907,11.10,3,pump_exit_dead_money,Hermes-pump-chain-,closed,f,2026-09-22 02:15:33.003793,2026-09-22 04:15:33.43356
15604,ZEN,SHORT,7.71150000,7.57400000,0.20,8.9153,11.10,5,profit-monster-trail,Hermes-accel-300-,rs-r79,closed,f,2026-09-22 02:18:36.617854,2026-09-22 03:16:10.071661
15605,GOAT,SHORT,0.01840100,0.01889800,-0.30,-8.1028,11.10,3,atr_sl_hit,Hermes-pump-chain-,closed,f,2026-09-22 02:22:32.973649,2026-09-22 04:05:52.659197
15606,HEMI,SHORT,0.00649100,0.00657700,-0.15,-3.9747,11.10,3,atr_sl_hit,Hermes-pump-chain-,closed,f,2026-09-22 03:00:27.912383,2026-09-22 03:03:59.48119
15607,HBAR,SHORT,0.09174400,0.09306200,-0.16,-7.1830,11.10,5,atr_sl_hit,Hermes-pump-chain-,closed,f,2026-09-22 03:15:37.066477,2026-09-22 03:34:31.775868
15608,ALGO,SHORT,0.11124000,0.10934000,0.19,8.5401,11.10,5,pump_exit_dead_money,Hermes-pump-chain-,rs-r64,closed,f,2026-09-22 03:30:35.678342,2026-09-22 05:34:26.465558
15609,ETC,LONG,8.87750000,8.74920000,-0.16,-7.2261,11.10,5,atr_sl_hit,Hermes-pump-chain+,closed,f,2026-09-22 04:10:40.01484,2026-09-22 05:13:25.420801
15610,GOAT,LONG,0.01887800,0.01907600,0.12,3.1465,11.10,3,atr_sl_hit,Hermes-pump-chain+,closed,f,2026-09-22 04:17:42.208384,2026-09-22 04:56:26.100204
15611,ADA,SHORT,0.24664000,0.24425000,0.16,4.8451,16.60,5,atr_sl_hit,Hermes-pump-chain-,closed,f,2026-09-22 04:57:33.873381,2026-09-22 05:41:26.966434
15612,GOAT,SHORT,0.01899000,0.01884300,0.09,2.3223,11.10,3,atr_sl_hit,Hermes-pump-chain-,closed,f,2026-09-22 05:16:34.327165,2026-09-22 05:39:25.733865
15613,SYRUP,SHORT,0.21958000,0.22249000,-0.29,-3.9758,22.10,3,atr_sl_hit,Hermes-pullback-entry-,closed,f,2026-09-22 05:21:26.654476,2026-09-22 08:55:10.788182
15614,FOGO,LONG,0.00705400,0.00695800,-0.30,-4.0828,22.10,3,atr_sl_hit,Hermes-pump-chain+,closed,f,2026-09-22 05:52:32.067192,2026-09-22 07:37:36.68292
15615,DYDX,LONG,0.13609000,0.13427000,-0.30,-6.6868,22.10,5,atr_sl_hit,Hermes-pump-chain+,closed,f,2026-09-22 06:41:31.450804,2026-09-22 08:27:25.70215
15616,ZEN,SHORT,7.70320000,7.63620000,0.10,4.3488,11.10,5,atr_sl_hit,Hermes-rs-r69,volume-breakout-short-,closed,f,2026-09-22 07:34:45.766575,2026-09-22 11:21:17.906712
15617,WCT,LONG,0.04261500,0.04228000,-0.09,-2.3583,11.10,3,cut-loser-CL-T1,Hermes-btc-pump-rider+,closed,f,2026-09-22 09:12:44.666788,2026-09-22 09:24:18.7382
15618,LINK,SHORT,12.90500000,13.27900000,-0.34,-14.4905,11.10,5,atr_sl_hit,Hermes-pullback-entry-,closed,f,2026-09-22 11:03:35.909474,2026-09-22 13:02:26.075152
15619,DOT,SHORT,1.16570000,1.18230000,-0.32,-7.1202,22.10,5,atr_sl_hit,Hermes-pullback-entry-,closed,f,2026-09-22 11:36:38.14588,2026-09-22 13:32:21.436496
15620,IOTA,SHORT,0.04732300,0.04735000,-0.01,-0.1712,11.10,3,profit-monster-trail,Hermes-accel-300-breakout,rs-r130,closed,f,2026-09-22 14:34:35.427909,2026-09-22 14:50:24.497376
15621,FIL,SHORT,1.00050000,1.01420000,-0.15,-6.8466,11.10,5,atr_sl_hit,Hermes-pullback-entry-,closed,f,2026-09-22 17:51:33.026618,2026-09-22 20:44:35.844168
15622,COMP,SHORT,22.72900000,23.02300000,-0.14,-6.4675,11.10,5,atr_sl_hit,Hermes-pullback-entry-,closed,f,2026-09-22 18:47:39.231094,2026-09-22 20:43:49.989547
15623,CFX,LONG,0.05479000,0.05559600,0.16,7.3554,11.10,5,UNIVERSAL_MAX_HOLD,Hermes-mover+,closed,f,2026-09-22 19:22:28.930057,2026-09-23 03:22:32.522003
15624,ONDO,LONG,0.43654000,0.43265000,-0.10,-4.4555,11.10,5,cut-loser-CL-T1,Hermes-bb-bounce-v2-long+,closed,f,2026-09-22 21:52:29.965618,2026-09-22 22:11:05.959383
15625,WCT,LONG,0.04524600,0.04463000,-0.15,-4.0843,11.10,3,atr_sl_hit,Hermes-volume-breakout-long+,closed,f,2026-09-22 21:54:37.208735,2026-09-23 01:37:37.539558
15626,SEI,SHORT,0.05998400,0.06080100,-0.30,-6.8101,22.10,5,atr_sl_hit,Hermes-pullback-entry-,closed,f,2026-09-22 22:03:51.311724,2026-09-22 22:41:32.96843
15627,POL,LONG,0.10938000,0.10956000,0.02,0.8228,11.10,5,profit-monster-trail,Hermes-bb-bounce-v2-long+,closed,f,2026-09-23 00:47:26.866014,2026-09-23 01:40:25.465863
15628,BTC,LONG,86527.00000000,86557.00000000,0.01,0.1734,22.10,5,atr_sl_hit,Hermes-continuum-osc+,closed,f,2026-09-23 00:47:38.869116,2026-09-23 05:59:23.834172
15629,XPL,LONG,0.09590100,0.09622700,0.04,1.6997,11.10,5,profit-monster-trail,Hermes-bb-bounce-v2-long+,rs-s39,closed,f,2026-09-23 01:57:11.895788,2026-09-23 02:28:39.722444
15630,SYRUP,LONG,0.21849000,0.21913000,0.07,0.8788,22.10,3,profit-monster-trail,Hermes-bb-bounce-v2-long+,closed,f,2026-09-23 01:57:23.889158,2026-09-23 02:37:40.696128
15631,YGG,LONG,0.02782100,0.02807116,0.20,2.6976,22.10,3,atr_sl_hit,Hermes-volume-breakout-long+,closed,f,2026-09-23 03:02:36.000119,2026-09-23 05:52:20.777302
15632,ADA,LONG,0.25980000,0.25644000,-0.22,-6.4665,16.60,5,atr_sl_hit,Hermes-mover+,closed,f,2026-09-23 03:53:32.020024,2026-09-23 05:52:17.7383
15633,CFX,LONG,0.05534700,0.05569400,0.07,3.1348,11.10,5,atr_sl_hit,Hermes-bb-bounce-v2-long+,closed,f,2026-09-23 05:16:35.607117,2026-09-23 06:51:31.007175
15634,ALGO,LONG,0.11299000,0.11203000,-0.10,-4.2482,11.10,5,cut-loser-CL-T1,Hermes-bb-bounce-v2-long+,closed,f,2026-09-23 05:17:30.799126,2026-09-23 05:52:58.814142
15635,ACE,LONG,0.18130000,0.17900000,-0.28,-3.8058,22.10,3,atr_sl_hit,Hermes-mover+,closed,f,2026-09-23 07:15:32.237905,2026-09-23 08:52:00.452672
15636,ONDO,LONG,0.43865000,0.43714000,-0.04,-1.7212,11.10,5,profit-monster-trail,Hermes-bb-bounce-v2-long+,closed,f,2026-09-23 07:18:32.450982,2026-09-23 07:34:31.998974
15637,HYPER,LONG,0.07901600,0.07899800,0.00,-0.0683,11.10,3,profit-monster-trail,Hermes-bb-bounce-v2-long+,closed,f,2026-09-23 08:01:10.20553,2026-09-23 08:33:51.356305
15638,USUAL,SHORT,0.01387000,0.01398000,-0.09,-2.3792,11.10,3,cut-loser-CL-T1,Hermes-accel-300-breakout,rs-r93,closed,f,2026-09-23 08:54:53.866185,2026-09-23 09:11:05.198408
15639,SYRUP,LONG,0.21687200,0.21694000,0.01,0.0941,22.10,3,profit-monster-trail,Hermes-bb-bounce-v2-long+,closed,f,2026-09-23 09:12:44.646559,2026-09-23 09:48:19.678391
15640,WLD,SHORT,0.45517000,0.45833000,-0.08,-3.4712,11.10,5,cut-loser-CL-T1,Hermes-accel-300-breakout,rs-r48,rs-r49,closed,f,2026-09-23 10:28:11.855547,2026-09-23 11:01:49.498026
15641,NXPC,LONG,0.24976000,0.24938157,-0.03,-0.4545,22.10,3,profit-monster-trail,Hermes-bb-bounce-v2-long+,closed,f,2026-09-23 11:20:41.077899,2026-09-23 13:05:36.959746
15642,USUAL,SHORT,0.01287000,0.01298000,-0.10,-2.5641,11.10,3,cut-loser-CL-T1,Hermes-accel-300-breakout,closed,f,2026-09-23 16:06:31.007774,2026-09-23 16:19:47.593165
15643,PUMP,SHORT,0.00405900,0.00404100,0.05,2.2173,11.10,5,profit-monster-trail,Hermes-accel-300-breakout,closed,f,2026-09-23 16:06:44.986441,2026-09-23 16:45:53.715647
15644,CFX,SHORT,0.05212800,0.05218500,-0.01,-0.5467,11.10,5,profit-monster-trail,Hermes-accel-300-breakout,closed,f,2026-09-23 16:06:54.998578,2026-09-23 17:18:08.952758
15645,COMP,SHORT,21.80400000,21.74000000,0.03,1.4676,11.10,5,atr_sl_hit,Hermes-pump-chain-,closed,f,2026-09-23 16:56:32.998471,2026-09-23 18:55:19.238517
15646,BIGTIME,SHORT,0.00820800,0.00820900,0.00,-0.0365,11.10,3,atr_sl_hit,Hermes-pump-chain-,closed,f,2026-09-23 16:56:46.9864,2026-09-23 17:20:30.756454
15647,GOAT,SHORT,0.01914400,0.01911100,0.02,0.5171,11.10,3,atr_sl_hit,Hermes-pump-chain-,closed,f,2026-09-23 16:57:30.110163,2026-09-23 17:25:18.590683
15648,WCT,SHORT,0.04143300,0.04158300,-0.04,-1.0861,11.10,3,profit-monster-trail,Hermes-accel-300-breakout,closed,f,2026-09-23 17:05:42.890804,2026-09-23 17:18:17.905888
15649,PUMP,SHORT,0.00399800,0.00400600,-0.02,-1.0005,11.10,5,profit-monster-trail,Hermes-accel-300-breakout,closed,f,2026-09-23 17:06:39.703481,2026-09-23 17:16:06.514649
15650,CHIP,SHORT,0.04270100,0.04266700,0.01,0.2389,11.10,3,atr_sl_hit,Hermes-accel-300-breakout,closed,f,2026-09-23 17:16:31.79549,2026-09-23 17:38:20.254616
15651,GMX,SHORT,7.99580000,7.91750000,0.11,2.9378,11.10,3,pump_exit_dead_money,Hermes-pump-chain-,closed,f,2026-09-23 17:37:28.80565,2026-09-23 19:38:23.159429
15652,AVAX,SHORT,10.27300000,10.33000000,-0.06,-2.7743,11.10,5,pump_exit_dead_money,Hermes-pump-chain-,closed,f,2026-09-23 18:15:30.528161,2026-09-23 20:16:25.879598
15653,FOGO,SHORT,0.00646400,0.00640600,0.20,2.6918,22.10,3,pump_exit_dead_money,Hermes-pump-chain-,closed,f,2026-09-23 19:31:28.64445,2026-09-23 21:55:23.064136
15654,CHIP,SHORT,0.04164600,0.04226400,-0.17,-4.4518,11.10,3,atr_sl_hit,Hermes-pump-chain-,closed,f,2026-09-23 20:03:24.012379,2026-09-23 21:33:21.980966
15655,CASHCAT,SHORT,0.16252000,0.15955739,0.20,5.4688,11.10,3,atr_sl_hit,Hermes-pump-chain-,closed,f,2026-09-23 20:17:30.239379,2026-09-23 21:35:25.289699
15656,NEAR,SHORT,4.34240000,4.34500000,-0.01,-0.2994,11.10,5,profit-monster-trail,Hermes-accel-300-breakout,closed,f,2026-09-23 20:29:26.423862,2026-09-23 20:39:17.65639
15657,BABY,SHORT,0.01231800,0.01227622,0.08,1.0175,22.10,3,pump_exit_dead_money,Hermes-pump-chain-,closed,f,2026-09-23 22:11:36.274557,2026-09-24 00:12:27.929062
15658,GMX,SHORT,7.90050000,7.90870000,-0.01,-0.3114,11.10,3,pump_exit_dead_money,Hermes-pump-chain-,closed,f,2026-09-23 22:11:48.248078,2026-09-24 00:12:25.107901
15659,COMP,SHORT,22.22800000,22.48600000,-0.13,-5.8035,11.10,5,atr_sl_hit,Hermes-pump-chain-,closed,f,2026-09-24 00:51:30.948222,2026-09-24 01:21:22.68232
15660,ARB,SHORT,0.21645000,0.21972000,-0.17,-7.5537,11.10,5,atr_sl_hit,Hermes-pump-chain-,closed,f,2026-09-24 01:24:33.865573,2026-09-24 02:17:27.047909
15661,AZTEC,SHORT,0.01544000,0.01544600,0.00,-0.1166,11.10,3,pump_exit_momentum,Hermes-pump-chain-,closed,f,2026-09-24 01:56:31.274377,2026-09-24 02:26:18.788967
15662,CAKE,SHORT,2.59620000,2.61020000,-0.09,-1.6177,16.60,3,pump_exit_dead_money,Hermes-pump-chain-,closed,f,2026-09-24 02:06:31.046884,2026-09-24 04:07:26.569327
15663,BTC,LONG,84319.00000000,83189.00000000,-0.16,-6.7007,11.10,5,atr_sl_hit,Hermes-continuum-osc+,closed,f,2026-09-24 02:47:27.635132,2026-09-24 09:31:42.452565
15664,ARB,SHORT,0.21686000,0.21960000,-0.14,-6.3174,11.10,5,atr_sl_hit,Hermes-pump-chain-,closed,f,2026-09-24 03:16:28.2613,2026-09-24 05:06:21.153453
15665,ACE,SHORT,0.17860000,0.18130000,-0.33,-4.5353,22.10,3,atr_sl_hit,Hermes-pump-chain-,rs-r68,closed,f,2026-09-24 03:24:50.468154,2026-09-24 04:37:25.358091
15666,ETH,LONG,2676.00000000,2684.50000000,0.04,1.5882,11.10,5,profit-monster-trail,Hermes-bb-bounce-v2-long+,closed,f,2026-09-24 03:41:46.694691,2026-09-24 05:57:55.784538
15667,ALT,LONG,0.00748300,0.00747800,-0.01,-0.2005,11.10,3,atr_sl_hit,Hermes-mover+,closed,f,2026-09-24 04:35:34.575693,2026-09-24 05:55:28.685673
15668,BABY,LONG,0.01276300,0.01250465,-0.45,-6.0727,22.10,3,atr_sl_hit,Hermes-mover+,closed,f,2026-09-24 05:07:36.341045,2026-09-24 09:30:19.552958
15669,AVAX,LONG,10.38000000,10.24100000,-0.15,-6.6956,11.10,5,atr_sl_hit,Hermes-mover+,closed,f,2026-09-24 05:11:46.560123,2026-09-24 05:34:25.183871
15670,KAS,SHORT,0.03955500,0.03944200,0.06,0.8570,22.10,3,pump_exit_dead_money,Hermes-pump-chain-,closed,f,2026-09-24 06:06:35.126046,2026-09-24 08:15:26.241172
15671,CASHCAT,SHORT,0.15926000,0.15688000,0.13,4.4832,11.10,3,atr_sl_hit,Hermes-pump-chain-,closed,f,2026-09-24 06:56:30.015457,2026-09-24 08:59:30.468984
15672,DOT,LONG,1.12760000,1.13630000,0.00,3.8578,22.10,5,profit-monster-trail,Hermes-bb-bounce-v2-long+,closed,f,2026-09-24 07:21:26.894997,2026-09-24 08:11:46.312499
15673,FOGO,SHORT,0.00648100,0.00658900,-0.01,-4.9992,22.10,3,atr_sl_hit,Hermes-pump-chain-,closed,f,2026-09-24 08:13:49.984952,2026-09-24 09:11:00.813914
15674,KAS,LONG,0.03923100,0.03887000,-0.20,-2.7606,22.10,3,cut-loser-CL-T1,Hermes-bb-bounce-v2-long+,closed,f,2026-09-24 08:23:23.980109,2026-09-24 08:44:58.233573
15675,AZTEC,SHORT,0.01545800,0.01541400,0.03,0.8539,11.10,3,atr_sl_hit,Hermes-pump-chain-,closed,f,2026-09-24 08:45:49.333677,2026-09-24 10:44:25.171574
15676,KAS,SHORT,0.03817600,0.03872365,-0.32,-4.3036,22.10,3,atr_sl_hit,Hermes-pump-chain-,closed,f,2026-09-24 10:36:26.295682,2026-09-24 12:11:21.324063
15677,ALGO,SHORT,0.10468000,0.10626000,-0.17,-7.5468,11.10,5,atr_sl_hit,Hermes-pump-chain-,closed,f,2026-09-24 10:39:01.718554,2026-09-24 11:00:28.656272
15678,BTC,LONG,83515.00000000,83893.00000000,0.05,2.2631,11.10,5,atr_sl_hit,Hermes-continuum-osc+,closed,f,2026-09-24 11:10:50.442844,2026-09-24 14:50:18.94679
15679,CHIP,SHORT,0.04179200,0.04165300,0.04,0.9978,11.10,3,atr_sl_hit,Hermes-pump-chain-,closed,f,2026-09-24 11:22:28.988883,2026-09-24 13:01:25.332106
15680,FIL,SHORT,0.96112000,0.97390000,-0.22,-6.6485,16.60,5,atr_sl_hit,Hermes-pump-chain-,closed,f,2026-09-24 11:34:27.760901,2026-09-24 13:28:20.018928
15681,GOAT,SHORT,0.01914600,0.01913800,0.00,0.1254,11.10,3,pump_exit_dead_money,Hermes-pump-chain-,rs-r61,closed,f,2026-09-24 11:56:29.96773,2026-09-24 13:57:21.036566
15682,TURBO,SHORT,0.00101900,0.00102900,-0.21,-2.9441,22.10,3,cut-loser-CL-T1,Hermes-r2-trend-short4,closed,f,2026-09-24 12:43:31.780025,2026-09-24 13:07:36.497102
15683,SYRUP,LONG,0.21558000,0.21289000,-0.28,-3.7434,22.10,3,atr_sl_hit,Hermes-ema300-breakthrough+,closed,f,2026-09-24 16:03:28.668711,2026-09-24 16:52:28.942679
15684,BTC,SHORT,84509.00000000,84322.00000000,0.03,1.1064,11.10,5,pump_exit_dead_money,Hermes-pump-chain-,closed,f,2026-09-24 16:16:25.072378,2026-09-24 18:16:53.730744
15685,KAS,SHORT,0.03991700,0.04006200,-0.08,-1.0898,22.10,3,pump_exit_dead_money,Hermes-pump-chain-,closed,f,2026-09-24 17:31:29.047563,2026-09-24 19:32:33.323703
15686,CASHCAT,SHORT,0.16219000,0.16133000,0.06,1.5907,11.10,3,atr_sl_hit,Hermes-pump-chain-,closed,f,2026-09-24 17:31:41.039809,2026-09-24 18:10:23.491293
15687,BTC,LONG,84432.00000000,84769.00000000,0.05,1.9957,11.10,5,UNIVERSAL_MAX_HOLD,Hermes-continuum-osc+,closed,f,2026-09-24 18:25:31.063397,2026-09-25 02:26:17.913236
15688,ATOM,SHORT,1.78490000,1.77950000,0.03,1.5127,11.10,5,pump_exit_dead_money,Hermes-pump-chain-,closed,f,2026-09-24 21:46:26.023723,2026-09-24 23:46:26.96774
15690,HYPER,LONG,0.07525300,0.07617500,0.14,3.6756,11.10,3,profit-monster-trail,Hermes-rs-s118,closed,f,2026-09-27 14:48:36.790101,2026-09-27 19:33:29.764069
15691,IOTA,LONG,0.05009200,0.05004300,-0.01,-0.2935,11.10,3,profit-monster-trail,Hermes-rs-s37,closed,f,2026-09-27 14:48:50.772669,2026-09-27 16:44:32.759614
15692,POL,LONG,0.11956000,0.12062000,0.10,4.4329,11.10,5,profit-monster-trail,Hermes-bb-bounce-v2-long+,closed,f,2026-09-27 15:02:29.347889,2026-09-27 16:27:27.637149
15693,CAKE,LONG,2.79080000,2.78890000,-0.01,-0.2042,11.10,3,profit-monster-trail,Hermes-doji-bottom-long,closed,f,2026-09-27 15:17:31.776697,2026-09-27 19:05:22.751685
15694,LTC,LONG,71.13200000,71.01100000,-0.04,-0.8505,22.10,5,profit-monster-trail,Hermes-rs-s52,closed,f,2026-09-27 15:55:25.194276,2026-09-27 17:12:40.56032
15695,POL,LONG,0.12070000,0.12415000,0.32,14.2916,11.10,5,profit-monster-trail,Hermes-continuation+,closed,f,2026-09-27 16:41:26.909857,2026-09-27 20:21:46.108015
15696,HBAR,LONG,0.09345400,0.09501900,0.19,8.3731,11.10,5,profit-monster-trail,Hermes-rs-s102,closed,f,2026-09-27 16:56:33.600957,2026-09-27 20:22:06.101297
15697,YGG,LONG,0.02754100,0.02770678,0.12,1.8058,22.10,3,profit-monster-trail,Hermes-rs-s44,closed,f,2026-09-27 17:44:41.6739,2026-09-27 19:48:34.624193
15698,HBAR,LONG,0.09506000,0.09491700,-0.02,-0.7522,11.10,5,profit-monster-trail,Hermes-bb-bounce-v2-long+,closed,f,2026-09-27 20:41:26.401433,2026-09-27 21:34:21.083118
15699,YGG,LONG,0.02791700,0.02782245,-0.07,-1.0160,22.10,3,profit-monster-trail,Hermes-rs-s94,closed,f,2026-09-27 21:36:27.737203,2026-09-27 22:02:26.204433
15700,CFX,SHORT,0.05639800,0.05661200,-0.04,-1.8972,11.10,5,profit-monster-trail,Hermes-mover-,closed,f,2026-09-28 00:47:27.15261,2026-09-28 01:08:47.154602
15701,ALT,LONG,0.00795800,0.00787100,-0.12,-3.2797,11.10,3,hard_max_loss,Hermes-rs-s111,closed,f,2026-09-28 00:56:23.905041,2026-09-28 01:46:16.256522
15702,GOAT,SHORT,0.01948400,0.01954400,-0.03,-0.9238,11.10,3,profit-monster-trail,Hermes-rs-r66,rs-r74,closed,f,2026-09-28 01:01:26.198249,2026-09-28 01:21:47.039225
15703,LTC,LONG,70.59100000,70.53500000,-0.02,-0.3967,22.10,5,profit-monster-trail,Hermes-rs-s30,rs-s33,closed,f,2026-09-28 03:31:58.885122,2026-09-28 04:02:34.782991
15704,BTC,LONG,83142.00000000,83143.00000000,0.00,0.0012,11.10,5,HL_CLOSED,Hermes-continuum+,closed,f,2026-09-28 05:58:12.91559,2026-09-28 05:59:24.979936
15705,BTC,LONG,83388.00000000,83230.00000000,-0.02,-0.9474,11.10,5,cut-loser-MAE-GUARD,Hermes-continuum-osc+,closed,f,2026-09-28 13:18:34.748085,2026-09-30 06:11:30.601409
15706,LDO,SHORT,0.44872000,0.44040000,0.21,1.8542,11.10,5,hard_sl,Hermes-pump-chain-,closed,f,2026-09-28 16:46:33.904334,2026-09-28 23:18:49.562939
15707,ETH,LONG,2687.70000000,2704.60000000,0.07,3.1440,11.10,5,profit-monster-trail,Hermes-rs-s94,closed,f,2026-09-28 16:55:30.666645,2026-09-28 17:26:46.147028
15708,WLFI,LONG,0.05670500,0.05716100,0.09,4.0208,11.10,5,profit-monster-trail,Hermes-rs-s38,closed,f,2026-09-28 17:00:34.768141,2026-09-28 17:38:48.363233
15709,LTC,SHORT,69.15300000,68.41500000,0.24,1.0672,22.10,5,hard_sl,Hermes-pump-chain-,closed,f,2026-09-28 17:01:37.419381,2026-09-29 06:12:33.597397
15710,BABY,SHORT,0.01322400,0.01310200,0.14,0.9213,22.10,3,hard_sl,Hermes-pump-chain-,closed,f,2026-09-28 17:03:36.935707,2026-09-28 20:14:43.029448
15711,SYRUP,LONG,0.21776000,0.21818000,0.02,0.5786,11.10,3,profit-monster-trail,Hermes-rs-s35,closed,f,2026-09-28 17:48:29.198729,2026-09-28 18:29:10.203382
15712,NEAR,SHORT,4.99040000,4.98190000,0.01,0.8516,11.10,5,profit-monster-trail,Hermes-rs-r68,closed,f,2026-09-28 17:57:27.348303,2026-09-28 18:06:02.403768
15713,SOL,LONG,119.92000000,117.74000000,-0.07,-1.8179,11.10,5,hard_sl,Hermes-rs-s82,closed,f,2026-09-28 18:25:32.305603,2026-09-28 21:55:28.499603
15714,SYRUP,LONG,0.21753000,0.22122000,0.19,5.0890,11.10,3,profit-monster-trail,Hermes-rs-s56,closed,f,2026-09-28 20:02:30.312174,2026-09-28 20:49:59.451488
15715,POL,LONG,0.11673000,0.11461000,-0.20,-1.8162,11.10,5,hard_sl,Hermes-rs-s31,closed,f,2026-09-28 20:48:02.607396,2026-09-28 21:58:31.767839
15716,IO,SHORT,0.15669000,0.15602000,0.05,0.4276,11.10,3,hard_sl,Hermes-pump-chain-,closed,f,2026-09-28 21:00:30.124476,2026-09-28 23:03:43.446909
15717,WLFI,LONG,0.05604400,0.05685500,0.16,7.2354,11.10,5,profit-monster-trail,Hermes-doji-bottom-long,closed,f,2026-09-28 22:02:25.833346,2026-09-29 00:25:21.102706
15718,CASHCAT,SHORT,0.17885000,0.17583000,0.19,1.6886,11.10,3,hard_sl,Hermes-pump-chain-,closed,f,2026-09-29 00:16:23.849992,2026-09-29 01:03:09.053033
15719,ALGO,SHORT,0.13643000,0.13378000,0.22,1.9424,11.10,5,hard_sl,Hermes-pump-chain-,closed,f,2026-09-29 00:29:26.078549,2026-09-29 01:38:26.452433
15720,LDO,SHORT,0.44371000,0.44327000,0.01,0.4958,11.10,5,profit-monster-trail,Hermes-r2-trend-short5,closed,f,2026-09-29 00:30:32.45666,2026-09-29 01:03:34.28408
15721,GOAT,SHORT,0.01867900,0.01900900,-0.20,-1.7667,11.10,3,hard_sl,Hermes-rs-r33,rs-r34,rs-r35,closed,f,2026-09-29 01:33:50.810918,2026-09-29 01:54:34.2478
15722,AVAX,SHORT,10.38300000,10.57600000,-0.21,-9.2940,11.10,5,hard_sl,Hermes-mover-,closed,f,2026-09-29 04:09:32.37354,2026-09-29 05:26:02.617033
15723,IMX,SHORT,0.17056000,0.17029000,0.02,0.7915,11.10,5,profit-monster-trail,Hermes-rs-r32,closed,f,2026-09-29 04:24:06.331564,2026-09-29 05:25:17.401349
15724,YGG,LONG,0.02574200,0.02569586,-0.04,-0.5377,22.10,3,profit-monster-trail,Hermes-rs-s48,closed,f,2026-09-29 04:52:32.205344,2026-09-29 05:32:18.320325
15725,GOAT,SHORT,0.01894300,0.01939400,-0.08,-0.2492,11.10,3,hard_sl,Hermes-pump-chain-,closed,f,2026-09-29 05:00:25.424806,2026-09-29 08:27:01.090274
15726,WLFI,LONG,0.05659700,0.05693400,0.07,2.9772,11.10,5,profit-monster-trail,Hermes-rs-s35,closed,f,2026-09-29 05:31:29.936218,2026-09-29 07:32:03.63344
15727,BLUR,SHORT,0.01922600,0.01963000,-0.47,-2.1053,22.10,3,hard_sl,Hermes-mover-,closed,f,2026-09-29 05:37:27.477645,2026-09-29 06:09:30.323896
15728,BABY,SHORT,0.01323800,0.01348200,-0.09,-1.8432,22.10,3,hard_sl,Hermes-pump-chain-,closed,f,2026-09-29 05:46:24.472375,2026-09-29 10:21:30.313509
15729,ZRO,LONG,1.55210000,1.56690000,0.11,4.7677,11.10,5,profit-monster-trail,Hermes-rs-s36,closed,f,2026-09-29 06:47:28.071551,2026-09-29 07:00:50.613214
15730,CC,LONG,0.13398000,0.13152000,-0.20,-1.8361,11.10,3,hard_sl,Hermes-rs-s52,closed,f,2026-09-29 07:25:27.429216,2026-09-29 08:53:09.981495
15731,JUP,LONG,0.32790000,0.33020000,0.08,0.7014,11.10,5,hard_sl,Hermes-volume-breakout-long+,closed,f,2026-09-29 07:44:45.870231,2026-09-29 12:26:10.678387
15732,KAS,LONG,0.04694600,0.04604600,-0.21,-1.9171,11.10,3,hard_sl,Hermes-rs-s57,closed,f,2026-09-29 08:31:47.971211,2026-09-29 10:38:37.277752
15733,HYPE,LONG,88.08900000,88.22700000,0.02,0.7833,11.10,5,profit-monster-trail,Hermes-bb-bounce-v2-long+,closed,f,2026-09-29 08:54:27.237171,2026-09-29 10:33:09.058961
15734,ADA,LONG,0.25203000,0.25284000,0.04,1.6070,11.10,5,profit-monster-trail,Hermes-rs-s37,closed,f,2026-09-29 10:22:27.567578,2026-09-29 12:13:46.815085
15735,CASHCAT,SHORT,0.17566000,0.17965000,-0.26,-2.2714,11.10,3,hard_sl,Hermes-pump-chain-,closed,f,2026-09-29 10:26:30.526424,2026-09-29 11:38:49.598277
15736,ALGO,SHORT,0.13147000,0.13098000,0.04,0.3727,11.10,5,hard_sl,Hermes-pump-chain-,closed,f,2026-09-29 10:33:38.665005,2026-09-29 16:27:44.184033
15737,CHIP,SHORT,0.04441300,0.04525100,-0.21,-1.8868,11.10,3,hard_sl,Hermes-pump-chain-,closed,f,2026-09-29 10:39:29.060465,2026-09-29 11:33:46.134172
15738,USUAL,LONG,0.01442000,0.01437000,-0.04,-1.0402,11.10,3,profit-monster-trail,Hermes-rs-s30,closed,f,2026-09-29 11:40:32.865745,2026-09-29 12:03:42.531644
15739,WLFI,LONG,0.05778100,0.05668200,-0.21,-1.9020,11.10,5,hard_sl,Hermes-rs-s34,closed,f,2026-09-29 12:04:47.967047,2026-09-29 15:28:01.696337
15740,ZEN,LONG,7.05460000,7.05290000,0.00,-0.1205,11.10,5,profit-monster-trail,Hermes-rs-s30,closed,f,2026-09-29 12:14:51.206543,2026-09-29 12:20:49.862962
15741,ADA,LONG,0.25220000,0.25264000,0.02,0.8723,11.10,5,profit-monster-trail,Hermes-rs-s39,closed,f,2026-09-29 12:21:31.947174,2026-09-29 12:49:00.789183
15742,ZEN,LONG,7.03910000,7.01250000,-0.04,-1.8894,11.10,5,profit-monster-trail,Hermes-rs-s30,closed,f,2026-09-29 12:27:27.625448,2026-09-29 12:42:55.692462
15743,CASHCAT,SHORT,0.18134000,0.18521000,-0.42,-2.1341,19.90,3,hard_sl,Hermes-pump-chain-,closed,f,2026-09-29 12:37:39.926553,2026-09-29 13:19:29.149038
15744,KAS,LONG,0.04574300,0.04571700,-0.01,-0.1705,11.10,3,profit-monster-trail,Hermes-bb-bounce-v2-long+,closed,f,2026-09-29 12:59:29.025687,2026-09-29 13:16:07.445996
15745,MNT,LONG,0.67271000,0.66317000,-0.06,-1.4182,11.10,5,hard_sl,Hermes-rs-s44,closed,f,2026-09-29 13:04:27.448478,2026-09-29 16:07:39.128851
15746,ADA,LONG,0.25324000,0.24832000,-0.22,-1.9428,11.10,5,hard_sl,Hermes-rs-s47,rs-s53,closed,f,2026-09-29 13:17:06.817743,2026-09-29 15:14:49.531848
15747,USUAL,LONG,0.01447000,0.01417000,-0.23,-2.0733,11.10,3,hard_sl,Hermes-rs-s129,closed,f,2026-09-29 15:17:07.715706,2026-09-29 15:24:58.143109
15748,IOTA,SHORT,0.05431400,0.05321100,0.23,2.0308,11.10,3,hard_sl,Hermes-pump-chain-,closed,f,2026-09-29 15:19:46.578704,2026-09-29 18:22:19.512802
15749,SAGA,LONG,0.02632000,0.02634000,0.01,0.2280,11.10,3,profit-monster-trail,Hermes-rs-s150,closed,f,2026-09-29 15:27:36.759687,2026-09-29 15:42:58.029083
15750,WLD,LONG,0.49993000,0.49943000,-0.01,-0.5001,11.10,5,profit-monster-trail,Hermes-rs-s32,closed,f,2026-09-29 15:28:25.66992,2026-09-29 15:36:57.115194
15751,CRV,SHORT,0.40171000,0.38201000,0.55,4.9040,11.10,5,hard_sl,Hermes-pump-chain-,closed,f,2026-09-29 15:37:25.128638,2026-09-29 18:03:09.827626
15752,ALGO,SHORT,0.12726000,0.12618000,0.10,0.8487,11.10,5,hard_sl,Hermes-pump-chain-,closed,f,2026-09-29 16:51:31.041052,2026-09-29 18:14:14.965478
15753,SOL,LONG,117.66000000,117.68000000,0.00,0.0850,11.10,5,profit-monster-trail,Hermes-doji-bottom-long,closed,f,2026-09-29 16:57:28.067895,2026-09-29 17:47:44.94829
15754,GMX,LONG,7.79160000,7.83870000,0.07,1.8135,11.10,3,profit-monster-trail,Hermes-doji-bottom-long,closed,f,2026-09-29 16:57:40.062453,2026-09-29 19:45:26.760803
15755,NEO,LONG,2.50600000,2.50950000,0.02,0.6983,11.10,5,profit-monster-trail,Hermes-doji-bottom-long,closed,f,2026-09-29 18:06:40.256299,2026-09-29 19:31:20.786145
15756,NXPC,LONG,0.22927000,0.22995000,0.03,0.8898,11.10,3,profit-monster-trail,Hermes-doji-bottom-long,closed,f,2026-09-29 18:11:37.362164,2026-09-29 19:38:25.75667
15757,COMP,LONG,24.87700000,26.97250000,0.94,42.1170,11.10,5,HARD_SL_FAILED,Hermes-volume-breakout-long+,closed,f,2026-09-29 19:41:16.453733,2026-09-30 01:24:58.807887
15758,DYDX,SHORT,0.13916000,0.14147000,-0.18,-1.6600,11.10,5,hard_sl,Hermes-pump-chain-,closed,f,2026-09-29 19:56:30.542718,2026-09-29 20:26:56.49054
15759,SOL,LONG,118.69000000,118.53000000,-0.02,-0.6740,11.10,5,profit-monster-trail,Hermes-bb-bounce-v2-long+,closed,f,2026-09-29 20:01:45.475725,2026-09-29 21:28:08.385108
15760,SAND,LONG,0.04332000,0.04350900,0.05,2.1814,11.10,5,profit-monster-trail,Hermes-bb-bounce-v2-long+,closed,f,2026-09-29 20:01:57.472552,2026-09-29 20:12:39.148973
15761,ALGO,SHORT,0.12493000,0.12706000,-0.19,-1.7050,11.10,5,hard_sl,Hermes-pump-chain-,closed,f,2026-09-29 22:53:27.553339,2026-09-30 01:04:43.067565
15763,COMP,SHORT,25.15800000,25.09900000,0.03,0.2345,11.10,5,hard_sl,Hermes-pump-chain-,closed,f,2026-09-30 14:03:48.894579,2026-09-30 16:03:36.356477
15764,DYDX,SHORT,0.14528000,0.14492000,0.03,0.2478,11.10,5,hard_sl,Hermes-pump-chain-,closed,f,2026-09-30 14:07:36.3931,2026-09-30 14:43:08.215375
15765,DOT,LONG,1.22420000,1.23690000,0.23,1.0374,22.10,5,hard_sl,Hermes-pump-chain-v5,rs-s32,closed,f,2026-09-30 15:43:03.605585,2026-09-30 17:37:05.09825
15766,BLUR,LONG,0.02159900,0.02180000,0.21,0.9306,22.10,3,hard_sl,Hermes-pump-chain-v5,closed,f,2026-09-30 16:32:56.920948,2026-09-30 16:54:49.00849
15767,LDO,LONG,0.46823000,0.46108000,-0.17,-1.5270,11.10,5,hard_sl,Hermes-pump-chain-v5,closed,f,2026-09-30 16:46:08.719654,2026-09-30 17:35:59.239266
15768,MNT,LONG,0.69771000,0.69812000,0.01,0.2938,11.10,5,profit-monster-trail,Hermes-bb-bounce-v2-long+,bb-bounce-v3-long+,closed,f,2026-09-30 17:13:45.927658,2026-10-01 01:31:23.649822
15769,ONDO,SHORT,0.50805000,0.50467000,0.07,3.3264,11.10,5,profit-monster-trail,Hermes-r2-trend-short3,closed,f,2026-09-30 17:51:34.658279,2026-09-30 18:11:52.721001
15770,IOTA,SHORT,0.05321200,0.05319400,0.00,0.0338,11.10,3,hard_sl,Hermes-pump-chain-,closed,f,2026-09-30 18:59:36.30573,2026-09-30 22:32:34.71075
15771,ADA,SHORT,0.24222000,0.24593000,-0.17,-1.5317,11.10,5,hard_sl,Hermes-pump-chain-,closed,f,2026-09-30 19:22:42.728595,2026-09-30 22:27:28.058788
15772,BABY,SHORT,0.01360000,0.01381000,-0.17,-1.5441,11.10,3,hard_sl,Hermes-pump-chain-,closed,f,2026-09-30 19:31:37.139607,2026-10-01 00:45:03.776431
15773,BTC,LONG,83650.00000000,83649.00000000,0.00,-0.0012,11.10,5,HL_CLOSED,Hermes-bb-bounce-v2-long+,closed,f,2026-09-30 20:32:40.311711,2026-09-30 20:34:00.437759
15774,ALGO,SHORT,0.12494000,0.12620000,-0.11,-1.0085,11.10,5,hard_sl,Hermes-pump-chain-,closed,f,2026-09-30 23:21:49.171869,2026-10-01 02:44:41.141201
15775,HBAR,SHORT,0.10545000,0.10506000,0.04,0.3698,11.10,5,trail_sl,Hermes-pump-chain-,closed,f,2026-09-30 23:37:45.942717,2026-10-01 03:14:00.201995
15776,JUP,SHORT,0.32953000,0.33237000,-0.10,-4.3092,11.10,5,hard_max_loss,Hermes-pump-chain-,closed,f,2026-10-01 01:01:36.41323,2026-10-01 03:47:54.780112
15777,LDO,SHORT,0.44223000,0.44043000,0.05,0.0817,11.10,5,trail_sl,Hermes-pump-chain-,closed,f,2026-10-01 02:45:39.687263,2026-10-01 02:47:48.893341
15778,CC,LONG,0.12649000,0.12684000,0.03,0.8301,11.10,3,pump_exit_dead_money,Hermes-pump-chain-v5,closed,f,2026-10-01 02:50:43.898537,2026-10-01 04:51:29.517069
15779,AIXBT,LONG,0.02311900,0.02319258,0.07,0.9548,22.10,3,pump_exit_dead_money,Hermes-pump-chain-v5,closed,f,2026-10-01 03:22:42.140264,2026-10-01 05:26:28.512305
15781,JUP,LONG,0.33090000,0.32887000,-0.07,-3.0674,11.10,5,hard_max_loss,Hermes-pump-chain-v5,closed,f,2026-10-01 05:49:40.370508,2026-10-01 06:39:27.624818
15782,ZORA,LONG,0.00797300,0.00789700,-0.11,-2.8597,11.10,3,hard_max_loss,Hermes-bb-bounce-v3-long+,closed,f,2026-10-01 06:59:47.57263,2026-10-01 07:22:33.282823
15783,HYPER,SHORT,0.07260100,0.07255200,0.01,0.2025,11.10,3,profit-monster-trail,Hermes-accel-300-,closed,f,2026-10-01 07:34:49.793922,2026-10-01 08:40:11.081531
15784,CFX,SHORT,0.05478100,0.05471500,0.01,0.6024,11.10,5,profit-monster-trail,Hermes-accel-300-,closed,f,2026-10-01 07:35:11.794945,2026-10-01 08:29:10.322149
15785,BANANA,SHORT,4.04530000,4.04110000,0.01,0.3115,11.10,3,profit-monster-trail,Hermes-accel-300-,closed,f,2026-10-01 07:36:11.8588,2026-10-01 08:57:16.350596
15786,ALGO,SHORT,0.12576000,0.12644000,-0.06,-2.7036,11.10,5,hard_max_loss,Hermes-pump-chain-,closed,f,2026-10-01 08:09:56.478407,2026-10-01 08:19:28.27273
15787,WLFI,LONG,0.05524800,0.05518100,-0.01,-0.6064,11.10,5,profit-monster-trail,Hermes-bb-bounce-v3-long+,closed,f,2026-10-01 08:25:38.321701,2026-10-01 09:54:39.086735
15788,CHIP,SHORT,0.04257800,0.04298200,-0.11,-2.8465,11.10,3,hard_max_loss,Hermes-pump-chain-,closed,f,2026-10-01 08:35:41.809677,2026-10-01 08:39:30.376261
15789,BTC,SHORT,83317.00000000,83340.00000000,-0.01,-0.0276,22.10,5,HL_CLOSED,Hermes-continuum-trend-,closed,f,2026-10-01 08:37:36.013558,2026-10-01 08:38:52.09108
15790,DYDX,LONG,0.14424000,0.14348000,-0.06,-2.6345,11.10,5,hard_max_loss,Hermes-pump-chain-v5,closed,f,2026-10-01 08:41:30.730646,2026-10-01 09:38:33.00781
15791,ALGO,LONG,0.12710000,0.12629000,-0.07,-3.1865,11.10,5,hard_max_loss,Hermes-pump-chain-v5,closed,f,2026-10-01 08:43:34.79638,2026-10-01 10:04:22.473083
15792,HYPER,LONG,0.07236000,0.07188400,-0.07,-1.9735,11.10,3,hard_max_loss,Hermes-pump-chain-v5,closed,f,2026-10-01 08:43:46.803241,2026-10-01 10:03:25.885033
15793,WLFI,SHORT,0.05485800,0.05514800,-0.06,-2.6432,11.10,5,hard_max_loss,Hermes-accel-300-,closed,f,2026-10-01 10:12:26.777687,2026-10-01 11:28:22.334045
15794,WCT,SHORT,0.04139400,0.04172800,-0.09,-2.4206,11.10,3,hard_max_loss,Hermes-accel-300-,closed,f,2026-10-01 10:12:36.767461,2026-10-01 10:48:32.668939
15795,TURBO,SHORT,0.00101100,0.00101900,-0.09,-2.3739,11.10,3,hard_max_loss,Hermes-accel-300-,closed,f,2026-10-01 10:12:48.748627,2026-10-01 10:48:22.615482
15796,ENS,SHORT,6.87980000,6.93600000,-0.09,-4.0844,11.10,5,hard_max_loss,Hermes-accel-300-,closed,f,2026-10-01 10:13:23.213825,2026-10-01 10:48:19.782782
15797,CFX,SHORT,0.05418500,0.05438500,-0.04,-1.8455,11.10,5,hard_max_loss,Hermes-accel-300-,closed,f,2026-10-01 10:13:35.427307,2026-10-01 10:49:19.668065
15798,ALGO,SHORT,0.12730000,0.12701000,0.03,1.1390,11.10,5,atr_trail_hit,Hermes-pump-chain-,rs-r54,closed,f,2026-10-01 13:08:46.706951,2026-10-01 13:34:21.707678
15799,BTC,LONG,84229.00000000,84591.00000000,0.16,0.7209,22.10,5,HL_CLOSED,Hermes-continuum-osc+,closed,f,2026-10-01 13:49:38.453748,2026-10-01 21:03:18.35432
15800,ETH,LONG,2684.50000000,2704.80000000,0.09,3.7810,11.10,5,profit-monster-trail,Hermes-bb-bounce-v2-long+,closed,f,2026-10-01 15:30:51.648239,2026-10-01 17:51:21.030841
15802,ETH,LONG,2701.00000000,2708.90000000,0.03,1.4624,11.10,5,profit-monster-trail,Hermes-continuation+,closed,f,2026-10-01 18:17:13.156384,2026-10-01 18:41:40.80397
15803,SUSHI,LONG,0.26112000,0.26142000,0.01,0.3447,11.10,3,profit-monster-trail,Hermes-doji-bottom-long,closed,f,2026-10-01 21:32:33.810969,2026-10-02 00:58:05.441821
15804,IMX,LONG,0.17040000,0.17671000,0.82,3.7031,22.10,5,hard_tp,Hermes-volume-breakout-long+,closed,f,2026-10-01 23:55:49.630714,2026-10-02 01:30:19.43643
15805,JUP,LONG,0.32644000,0.32981000,0.12,5.1617,11.10,5,atr_trail_hit,Hermes-volume-breakout-long+,closed,f,2026-10-02 00:05:41.924117,2026-10-02 03:38:20.73039
15806,SAND,LONG,0.04515400,0.04461100,-0.13,-6.0128,11.10,5,hard_max_loss,Hermes-bb-squeeze+,closed,f,2026-10-02 00:13:26.078658,2026-10-02 01:10:35.49237
15807,SAGA,LONG,0.02532000,0.02559000,0.12,3.1991,11.10,3,profit-monster-trail,Hermes-bb-squeeze+,closed,f,2026-10-02 00:23:25.877892,2026-10-02 01:01:07.70729
15808,CHIP,LONG,0.04301800,0.04291900,-0.03,-0.6904,11.10,3,profit-monster-trail,Hermes-bb-squeeze+,closed,f,2026-10-02 01:01:45.059685,2026-10-02 01:15:15.67551
15809,USELESS,LONG,0.24265000,0.24305000,0.02,0.4945,11.10,3,profit-monster-trail,Hermes-bb-squeeze+,closed,f,2026-10-02 01:57:26.775832,2026-10-02 02:20:40.80765
15810,CRV,LONG,0.37973000,0.37918000,-0.02,-0.7242,11.10,5,profit-monster-trail,Hermes-bb-squeeze+,closed,f,2026-10-02 02:08:41.869647,2026-10-02 02:31:44.861681
15811,WLD,LONG,0.51187000,0.51050000,-0.03,-1.3382,11.10,5,profit-monster-trail,Hermes-bb-squeeze+,closed,f,2026-10-02 02:09:32.21496,2026-10-02 02:25:42.275618
15812,MON,LONG,0.03407600,0.03417700,0.03,1.4820,11.10,5,atr_trail_hit,Hermes-bb-squeeze+,closed,f,2026-10-02 02:11:34.623073,2026-10-02 02:41:22.611071
15813,HBAR,LONG,0.10313000,0.10364000,0.06,2.4726,11.10,5,profit-monster-trail,Hermes-bb-squeeze+,closed,f,2026-10-02 02:21:28.120654,2026-10-02 03:08:02.322924
15814,BTC,LONG,85215.00000000,86464.00000000,0.32,7.3285,22.10,5,profit-monster-trail,Hermes-continuum-trend+,closed,f,2026-10-02 03:19:07.170036,2026-10-02 04:37:36.781615
15815,IOTA,LONG,0.05429500,0.05483300,0.11,2.9726,11.10,3,profit-monster-trail,Hermes-doji-bottom-long,closed,f,2026-10-02 03:41:26.969814,2026-10-02 04:23:30.728223
15816,TURBO,LONG,0.00103500,0.00105000,0.16,4.3478,11.10,3,profit-monster-trail,Hermes-bb-bounce-v3-long+,closed,f,2026-10-02 03:51:26.134952,2026-10-02 04:37:43.820874
15817,SAGA,LONG,0.02542000,0.02520000,-0.10,-2.5964,11.10,3,rr_engine_support_br,Hermes-bb-squeeze+,rs-s33,closed,f,2026-10-02 03:52:27.416647,2026-10-02 04:03:19.169216
15818,ONDO,LONG,0.50625000,0.50432000,-0.04,-1.9062,11.10,5,profit-monster-trail,Hermes-bb-squeeze+,closed,f,2026-10-02 04:25:28.007086,2026-10-02 04:35:53.390478
15819,ARB,LONG,0.20651000,0.20622000,-0.02,-0.7021,11.10,5,profit-monster-trail,Hermes-bb-squeeze+,closed,f,2026-10-02 04:25:38.0035,2026-10-02 04:35:33.816262
15820,ADA,LONG,0.25342000,0.25308000,-0.02,-0.6708,11.10,5,profit-monster-trail,Hermes-bb-squeeze+,closed,f,2026-10-02 04:25:49.102182,2026-10-02 04:35:43.478551
15821,CFX,LONG,0.05454400,0.05468400,0.03,1.2834,11.10,5,profit-monster-trail,Hermes-bb-bounce-v2-long+,closed,f,2026-10-02 06:11:31.433704,2026-10-02 07:30:33.866076
15822,HYPE,LONG,90.61100000,89.76200000,-0.11,-4.6849,11.10,5,hard_max_loss,Hermes-bb-squeeze+,closed,f,2026-10-02 06:14:34.572271,2026-10-02 07:27:20.72477
15823,ME,LONG,0.07664000,0.07909000,0.36,3.1968,11.10,3,trail_sl,Hermes-bb-bounce-v2-long+,volume-breakout-long+,closed,f,2026-10-02 06:15:34.439574,2026-10-02 10:23:45.668332
15824,PUMP,LONG,0.00591500,0.00592200,0.01,0.5917,11.10,5,profit-monster-trail,Hermes-bb-squeeze+,closed,f,2026-10-02 06:35:29.96594,2026-10-02 06:54:19.51421
15825,BLUR,LONG,0.02100800,0.02117172,0.17,2.3380,22.10,3,profit-monster-trail,Hermes-bb-squeeze+,closed,f,2026-10-02 07:14:27.950797,2026-10-02 08:00:44.624238
15826,BANANA,LONG,4.05020000,4.07450000,0.04,1.7999,11.10,3,profit-monster-trail,Hermes-bb-bounce-v2-long+,bb-bounce-v3-long+,closed,f,2026-10-02 07:18:37.823732,2026-10-02 09:01:13.622546
15827,HYPER,SHORT,0.07235800,0.07321200,-0.13,-3.5407,11.10,3,hard_max_loss,Hermes-pump-chain-,closed,f,2026-10-02 07:35:28.222822,2026-10-02 08:18:22.156809
15828,DYDX,LONG,0.15219000,0.15268000,0.02,1.6098,11.10,5,profit-monster-trail,Hermes-bb-squeeze+,closed,f,2026-10-02 07:40:27.380589,2026-10-02 07:52:44.018843
15829,SUSHI,LONG,0.26632000,0.26835000,0.08,2.2867,11.10,3,profit-monster-trail,Hermes-bb-squeeze+,closed,f,2026-10-02 08:03:31.386986,2026-10-02 08:27:56.966385
15830,INJ,LONG,7.57860000,7.59460000,0.05,1.0556,22.10,5,profit-monster-trail,Hermes-bb-squeeze+,closed,f,2026-10-02 08:22:06.095285,2026-10-02 08:43:05.430763
15831,GOAT,LONG,0.01899800,0.01906900,0.04,1.1212,11.10,3,profit-monster-trail,Hermes-bb-squeeze+,closed,f,2026-10-02 08:22:18.104097,2026-10-02 08:49:05.916914
15832,BTC,LONG,86180.00000000,85419.00000000,-0.20,-4.4152,22.10,5,cut-loser-MAE-GUARD,Hermes-continuum-osc+,closed,f,2026-10-02 09:01:26.788383,2026-10-02 15:26:28.210802
15833,DOGE,LONG,0.09686900,0.09711900,0.03,1.2904,11.10,5,profit-monster-trail,Hermes-bb-bounce-v3-long+,closed,f,2026-10-02 10:13:32.619996,2026-10-02 12:42:37.460012
15834,HYPER,LONG,0.07307700,0.07333300,0.04,1.0509,11.10,3,profit-monster-trail,Hermes-bb-bounce-v3-long+,closed,f,2026-10-02 10:55:29.348626,2026-10-02 12:42:28.749574
15835,XPL,LONG,0.09928300,0.09917100,-0.01,-0.5640,11.10,5,profit-monster-trail,Hermes-bb-squeeze+,closed,f,2026-10-02 11:17:37.696889,2026-10-02 11:34:03.462159
15836,SYRUP,LONG,0.24377000,0.24124000,-0.23,-3.1136,22.10,3,hard_max_loss,Hermes-bb-squeeze+,closed,f,2026-10-02 11:41:38.906779,2026-10-02 12:06:19.492924
15837,NXPC,LONG,0.23850000,0.23943000,0.01,1.1698,11.10,3,profit-monster-trail,Hermes-warrior-sr-confirm+,closed,f,2026-10-02 11:51:27.803658,2026-10-02 12:30:24.588477
15838,SUSHI,LONG,0.26460000,0.26531000,0.03,0.8050,11.10,3,profit-monster-trail,Hermes-bb-squeeze+,closed,f,2026-10-02 12:35:44.038545,2026-10-02 12:52:30.950671
15839,JUP,LONG,0.33121000,0.33364000,0.08,3.6684,11.10,5,profit-monster-trail,Hermes-bb-squeeze+,closed,f,2026-10-02 12:35:54.409738,2026-10-02 13:15:41.584999
15840,IO,LONG,0.16043000,0.16066000,0.02,0.4301,11.10,3,profit-monster-trail,Hermes-bb-squeeze+,closed,f,2026-10-02 12:43:31.218744,2026-10-02 13:14:39.571286
15841,MNT,LONG,0.68037000,0.68167000,0.02,0.9554,11.10,5,profit-monster-trail,Hermes-bb-squeeze+,closed,f,2026-10-02 12:43:41.239368,2026-10-02 13:15:49.751644
15842,ZRO,LONG,1.89200000,1.90960000,0.10,4.6512,11.10,5,profit-monster-trail,Hermes-bb-squeeze+,closed,f,2026-10-02 12:59:29.205091,2026-10-02 13:38:50.379809
15843,SOL,LONG,122.30000000,122.92000000,0.06,2.5348,11.10,5,profit-monster-trail,Hermes-mtf-regime-trend+,closed,f,2026-10-02 13:27:50.239696,2026-10-02 13:43:50.801862
15845,AIXBT,LONG,0.02347400,0.02370500,0.06,2.9522,22.10,3,profit-monster-trail,Hermes-mtf-regime-trend+,closed,f,2026-10-02 13:29:28.014972,2026-10-02 13:45:53.043266
15846,BLUR,LONG,0.02185000,0.02201500,0.17,2.2654,22.10,3,profit-monster-trail,Hermes-mtf-regime-trend+,closed,f,2026-10-02 13:31:50.554646,2026-10-02 13:49:53.148771
15847,TURBO,LONG,0.00108500,0.00107000,-0.31,-1.3825,22.10,3,hard_sl,Hermes-mtf-regime-trend+,closed,f,2026-10-02 13:52:34.864219,2026-10-02 14:56:05.939028
15848,DOT,LONG,1.22580000,1.21130000,-0.26,-5.9145,22.10,5,hard_max_loss,Hermes-mtf-regime-trend+,closed,f,2026-10-02 13:53:35.358357,2026-10-02 14:34:35.527273
15849,SOL,LONG,122.40000000,121.06000000,-0.13,-5.4739,11.10,5,hard_max_loss,Hermes-mtf-regime-trend+,closed,f,2026-10-02 13:54:32.690396,2026-10-02 14:52:23.59856
15850,HBAR,LONG,0.10575000,0.10432000,0.00,-1.3529,11.10,5,hard_sl,Hermes-mtf-regime-trend+,closed,f,2026-10-02 14:04:38.833382,2026-10-02 14:56:15.951547
15851,JUP,LONG,0.32814000,0.32727000,-0.06,-1.3257,22.10,5,profit-monster-trail,Hermes-mtf-regime-trend+,closed,f,2026-10-02 14:56:38.719438,2026-10-02 15:45:36.878431
15852,COMP,LONG,24.59730000,24.60357778,0.01,0.1276,22.10,5,profit-monster-trail,Hermes-mtf-regime-trend+,closed,f,2026-10-02 14:58:28.984514,2026-10-02 15:40:34.78554
15853,BTC,LONG,85401.00000000,84594.00000000,-0.21,-4.7248,22.10,5,hard_max_loss,Hermes-continuum+,closed,f,2026-10-02 15:37:43.850009,2026-10-02 17:44:05.175794
15854,COMP,LONG,24.67730000,24.41400000,-0.24,-5.3349,22.10,5,hard_max_loss,Hermes-pump-chain-v5,closed,f,2026-10-02 17:33:40.372747,2026-10-02 18:23:33.851781
15855,ACE,LONG,0.18680000,0.18450000,-0.27,-1.2313,22.10,3,hard_sl,Hermes-bb-squeeze+,closed,f,2026-10-02 18:34:50.120408,2026-10-02 18:40:31.362381
15856,GMT,LONG,0.00853100,0.00865300,0.16,4.2902,11.10,3,pump_exit_dead_money,Hermes-pump-chain-v5,closed,f,2026-10-02 23:05:54.458292,2026-10-03 01:06:42.507144
15857,ENS,LONG,6.73040000,6.85320000,0.20,9.1228,11.10,5,pump_exit_dead_money,Hermes-pump-chain+,closed,f,2026-10-02 23:07:30.297394,2026-10-03 01:34:57.702987
15858,ME,LONG,0.07595000,0.07898000,0.88,11.9684,22.10,3,atr_trail_hit,Hermes-pump-chain+,closed,f,2026-10-02 23:10:29.851289,2026-10-03 02:54:33.794731
15859,LDO,LONG,0.43999000,0.44832000,0.38,9.4661,22.10,5,pump_exit_dead_money,Hermes-pump-chain+,closed,f,2026-10-03 00:20:37.78405,2026-10-03 02:22:24.715943
15860,ACE,LONG,0.18980000,0.18770000,-0.01,-3.3193,22.10,3,hard_max_loss,Hermes-bb-squeeze+,closed,f,2026-10-03 01:06:40.056467,2026-10-03 02:28:28.319893
15861,APT,SHORT,0.79270000,0.80030000,-0.21,-4.7937,22.10,5,hard_max_loss,Hermes-pump-chain-,closed,f,2026-10-03 02:10:55.094555,2026-10-03 06:04:44.497106
15862,ALGO,SHORT,0.12691000,0.12644000,0.04,1.8517,11.10,5,atr_trail_hit,Hermes-pump-chain-,closed,f,2026-10-03 03:07:28.796996,2026-10-03 05:10:34.662907
15863,ARB,SHORT,0.19778000,0.19767000,0.01,0.2781,11.10,5,atr_trail_hit,Hermes-pump-chain-,closed,f,2026-10-03 03:09:31.176203,2026-10-03 05:38:48.245974
15864,ACE,LONG,0.19120000,0.18890000,-0.27,-3.6088,22.10,3,hard_max_loss,Hermes-pump-chain+,closed,f,2026-10-03 03:23:30.300813,2026-10-03 03:37:25.92053
15865,DYDX,SHORT,0.15433000,0.14815000,0.45,20.0220,11.10,5,atr_trail_hit,Hermes-pump-chain-,closed,f,2026-10-03 04:35:49.337868,2026-10-03 10:08:33.315044
15866,JUP,LONG,0.31455000,0.31357577,-0.07,-1.5486,22.10,5,pump_exit_dead_money,Hermes-pump-chain+,closed,f,2026-10-03 05:42:42.872196,2026-10-03 07:42:43.003688
15867,INJ,LONG,7.79200000,7.71660000,-0.22,-4.8383,22.10,5,hard_max_loss,Hermes-pump-chain+,closed,f,2026-10-03 05:50:53.336127,2026-10-03 06:10:00.662901
15868,CRV,SHORT,0.37690000,0.38060000,-0.11,-4.9085,11.10,5,hard_max_loss,Hermes-pump-chain-,closed,f,2026-10-03 08:41:54.090032,2026-10-03 10:05:35.750652
15869,POL,LONG,0.10766000,0.10792000,0.03,1.2075,11.10,5,profit-monster-trail,Hermes-bb-bounce-v3-long+,closed,f,2026-10-03 09:01:30.64624,2026-10-03 10:30:39.166294
15870,SEI,LONG,0.07093100,0.07158000,0.20,4.5749,22.10,5,profit-monster-trail,Hermes-bb-squeeze+,closed,f,2026-10-03 09:46:53.825521,2026-10-03 10:51:45.522249
15871,STX,LONG,0.37243000,0.36869000,-0.11,-5.0211,11.10,5,hard_max_loss,Hermes-bb-squeeze+,rs-s102,rs-s114,closed,f,2026-10-03 12:36:41.740548,2026-10-03 12:39:33.862728
15873,SYRUP,LONG,0.24754800,0.24988644,0.21,2.8339,22.10,3,profit-monster-trail,Hermes-bb-squeeze+,closed,f,2026-10-03 13:07:39.132203,2026-10-03 13:47:51.543459
15874,ZEN,LONG,6.82760000,6.86770000,0.07,2.9366,11.10,5,profit-monster-trail,Hermes-bb-bounce-v3-long+,closed,f,2026-10-03 13:23:41.747951,2026-10-03 13:45:50.917464
15875,SEI,LONG,0.07131200,0.07138800,0.02,0.5329,22.10,5,profit-monster-trail,Hermes-bb-bounce-v3-long+,closed,f,2026-10-03 13:23:53.769158,2026-10-03 13:55:53.571586
15876,GMT,LONG,0.00875500,0.00877600,0.03,0.7196,11.10,3,pump_exit_dead_money,Hermes-pump-chain+,closed,f,2026-10-03 13:25:40.630755,2026-10-03 15:26:16.951103
15877,XPL,LONG,0.09542300,0.09606700,0.08,3.3744,11.10,5,profit-monster-trail,Hermes-bb-squeeze+,closed,f,2026-10-03 14:06:36.440893,2026-10-03 15:00:15.589309
15878,ARB,LONG,0.20254000,0.20276000,0.01,0.5431,11.10,5,profit-monster-trail,Hermes-bb-squeeze+,closed,f,2026-10-03 14:09:34.661835,2026-10-03 15:00:24.328966
15879,NEAR,LONG,4.67130000,4.62340000,-0.23,-5.1271,22.10,5,hard_max_loss,Hermes-bb-squeeze+,closed,f,2026-10-03 14:53:32.648564,2026-10-03 15:38:26.241153
15880,SUSHI,LONG,0.25744000,0.25457000,-0.12,-3.3445,11.10,3,hard_max_loss,Hermes-bb-squeeze+,closed,f,2026-10-03 16:12:54.281876,2026-10-03 18:18:28.011582
15881,DYDX,LONG,0.15057000,0.15073000,0.02,0.5313,22.10,5,atr_trail_hit,Hermes-pump-chain+,closed,f,2026-10-03 16:24:37.522551,2026-10-03 17:09:35.515963
15882,COMP,LONG,25.54500000,25.22100000,-0.14,-6.3417,11.10,5,hard_max_loss,Hermes-bb-bounce-v3-long+,closed,f,2026-10-03 16:25:29.487143,2026-10-03 21:03:54.338408
15883,SYRUP,LONG,0.25300000,0.25403000,0.09,1.2213,22.10,3,profit-monster-trail,Hermes-bb-squeeze+,closed,f,2026-10-03 16:27:34.867037,2026-10-03 16:42:49.667254
15884,ZORA,LONG,0.00776900,0.00779300,0.00,0.9268,11.10,3,profit-monster-trail,Hermes-bb-bounce-v3-long+,closed,f,2026-10-03 16:28:31.916273,2026-10-03 17:33:14.911404
15885,MON,LONG,0.03215100,0.03277700,0.02,9.7353,11.10,5,profit-monster-trail,Hermes-bb-squeeze+,closed,f,2026-10-03 16:35:28.938179,2026-10-03 17:04:58.905926
15886,ZEN,LONG,6.90440000,6.90990000,0.01,0.3983,11.10,5,profit-monster-trail,Hermes-bb-bounce-v2-long+,closed,f,2026-10-03 19:35:58.610877,2026-10-03 21:00:40.131579
15887,ENS,LONG,6.85470000,6.83240000,-0.04,-1.6266,11.10,5,UNIVERSAL_MAX_HOLD,Hermes-bb-bounce-v3-long+,closed,f,2026-10-03 19:40:32.875122,2026-10-04 03:41:23.807962
15888,SYRUP,LONG,0.25808500,0.25899000,0.08,1.0520,22.10,3,profit-monster-trail,Hermes-bb-squeeze+,closed,f,2026-10-03 20:04:04.468285,2026-10-03 21:00:30.655448
15889,CRV,LONG,0.38337000,0.37972000,-0.11,-4.7604,11.10,5,hard_max_loss,Hermes-volume-breakout-long+,closed,f,2026-10-03 20:30:46.139234,2026-10-03 22:56:30.893001
15890,IO,SHORT,0.16720000,0.16900000,-0.24,-3.2297,22.10,3,hard_max_loss,Hermes-pump-chain-,closed,f,2026-10-03 21:17:32.016568,2026-10-03 23:16:38.280701
15891,LDO,LONG,0.46487000,0.46590000,0.05,1.1078,22.10,5,profit-monster-trail,Hermes-bb-squeeze+,closed,f,2026-10-03 21:20:33.424671,2026-10-04 00:10:42.903467
15892,CHIP,LONG,0.04400700,0.04409100,0.02,0.5726,11.10,3,profit-monster-trail,Hermes-bb-bounce-v2-long+,closed,f,2026-10-04 01:31:42.618695,2026-10-04 02:08:30.037827
15893,WCT,LONG,0.04302500,0.04317100,0.04,1.0180,11.10,3,profit-monster-trail,Hermes-bb-bounce-v3-long+,closed,f,2026-10-04 02:30:39.848572,2026-10-04 02:40:43.294209
15894,CHIP,LONG,0.04448900,0.04462308,0.07,0.9041,22.10,3,profit-monster-trail,Hermes-bb-squeeze+,closed,f,2026-10-04 02:46:28.263408,2026-10-04 02:54:48.139533
15895,CHIP,LONG,0.04486000,0.04481260,-0.02,-0.3170,22.10,3,profit-monster-trail,Hermes-continuation+,closed,f,2026-10-04 03:29:24.595539,2026-10-04 03:40:05.591161
15896,BLUR,LONG,0.02155300,0.02184358,0.30,4.0446,22.10,3,profit-monster-trail,Hermes-bb-squeeze+,closed,f,2026-10-04 03:42:37.644272,2026-10-04 04:11:19.048473
15897,NEAR,LONG,4.84370000,4.85500000,0.05,1.1665,22.10,5,profit-monster-trail,Hermes-bb-squeeze+,closed,f,2026-10-04 05:30:55.626038,2026-10-04 05:45:50.804343
15898,CHIP,LONG,0.04565200,0.04515700,-0.12,-3.2529,11.10,3,hard_max_loss,Hermes-bb-squeeze+,closed,f,2026-10-04 05:55:21.648264,2026-10-04 08:15:19.842791
15899,ALT,LONG,0.00796000,0.00797000,0.01,0.3769,11.10,3,profit-monster-trail,Hermes-bb-squeeze+,closed,f,2026-10-04 06:21:32.840329,2026-10-04 07:33:31.17017
15900,BLUR,LONG,0.02201500,0.02220463,0.19,2.5841,22.10,3,profit-monster-trail,Hermes-bb-squeeze+,closed,f,2026-10-04 07:05:35.712347,2026-10-04 07:12:24.220563
15901,AIXBT,LONG,0.02321800,0.02298900,-0.11,-2.9589,11.10,3,hard_max_loss,Hermes-bb-squeeze+,closed,f,2026-10-04 07:30:48.45633,2026-10-04 08:41:17.821829
15902,ALT,LONG,0.00797000,0.00800300,0.05,1.2422,11.10,3,profit-monster-trail,Hermes-bb-squeeze+,closed,f,2026-10-04 07:34:28.76668,2026-10-04 08:32:51.416155
15903,USELESS,LONG,0.24509000,0.24219000,-0.13,-3.5497,11.10,3,hard_max_loss,Hermes-bb-squeeze+,closed,f,2026-10-04 08:05:35.744841,2026-10-04 08:19:18.72914
15904,PURR,LONG,0.17459000,0.17191000,-0.13,-4.6051,11.10,3,atr_sl_hit,Hermes-bb-squeeze+,closed,f,2026-10-04 08:11:30.218148,2026-10-04 09:37:20.381874
15905,SUSHI,LONG,0.25651000,0.25374000,-0.12,-3.2396,11.10,3,hard_max_loss,Hermes-bb-bounce-v3-long+,closed,f,2026-10-04 10:05:29.195946,2026-10-04 11:41:28.332264
15906,ME,LONG,0.07782000,0.07698971,-0.24,-3.2008,22.10,3,hard_max_loss,Hermes-bb-bounce-v3-long+,closed,f,2026-10-04 10:09:32.637419,2026-10-04 11:31:33.894523
15907,CFX,LONG,0.05413100,0.05349716,-0.26,-5.8547,22.10,5,hard_max_loss,Hermes-bb-bounce-v3-long+,closed,f,2026-10-04 10:13:34.474626,2026-10-04 16:03:59.961874
15908,DOT,LONG,1.19330000,1.19550000,0.04,0.9218,22.10,5,profit-monster-trail,Hermes-bb-bounce-v3-long+,closed,f,2026-10-04 11:53:26.825646,2026-10-04 15:38:33.626227
15909,SYRUP,LONG,0.25549000,0.25264598,-0.25,-3.3395,22.10,3,hard_max_loss,Hermes-doji-bottom-long,closed,f,2026-10-04 12:13:41.386953,2026-10-04 13:13:32.777573
15910,NXPC,LONG,0.23583000,0.23330000,-0.02,-3.2184,11.10,3,hard_max_loss,Hermes-bb-bounce-v3-long+,closed,f,2026-10-04 13:04:36.385167,2026-10-04 17:31:38.155194
15913,RESOLV,SHORT,0.01890500,0.01881000,0.06,1.5075,11.10,3,profit-monster-trail,Hermes-mtf-regime-trend-,closed,f,2026-10-04 16:16:56.664817,2026-10-04 16:33:54.169633
15914,ETC,LONG,8.85960000,8.89950000,0.05,2.2518,11.10,5,profit-monster-trail,Hermes-bb-bounce-v2-long+,bb-bounce-v3-long+,closed,f,2026-10-04 16:57:33.298558,2026-10-04 19:14:57.456857
15915,HBAR,LONG,0.10219000,0.10332000,0.12,5.5289,11.10,5,profit-monster-trail,Hermes-bb-bounce-v3-long+,closed,f,2026-10-04 17:11:54.10095,2026-10-04 19:08:53.187221
15916,GMX,LONG,8.46280000,8.48580000,0.03,0.8153,11.10,3,profit-monster-trail,Hermes-bb-squeeze+,closed,f,2026-10-04 17:25:35.470593,2026-10-04 17:43:20.241685
15917,IMX,LONG,0.18594000,0.18671000,0.09,2.0706,22.10,5,pump_exit_dead_money,Hermes-pump-chain+,closed,f,2026-10-04 17:58:30.339557,2026-10-04 19:58:32.032289
15918,GMT,LONG,0.00906100,0.00910200,0.05,1.3575,11.10,3,pump_exit_dead_money,Hermes-pump-chain+,closed,f,2026-10-04 17:59:30.791648,2026-10-04 19:59:38.652675
15919,DOT,LONG,1.19550000,1.19890000,0.06,1.4220,22.10,5,profit-monster-trail,Hermes-bb-bounce-v3-long+,closed,f,2026-10-04 18:05:29.520403,2026-10-04 18:23:36.003152
15920,DOT,LONG,1.20080000,1.20350000,0.05,1.1243,22.10,5,profit-monster-trail,Hermes-bb-squeeze+,closed,f,2026-10-04 18:30:12.192576,2026-10-04 19:09:02.766428
15921,SEI,LONG,0.07422900,0.07342400,-0.24,-5.4224,22.10,5,hard_max_loss,Hermes-bb-squeeze+,closed,f,2026-10-04 19:56:44.174286,2026-10-04 21:04:36.765864
15923,BABY,LONG,0.01361500,0.01374900,0.11,2.9526,11.10,3,profit-monster-trail,Hermes-bb-bounce-v2-long+,closed,f,2026-10-04 21:23:46.581499,2026-10-04 23:38:37.8208
15924,USELESS,LONG,0.24017000,0.24144000,0.06,1.5864,11.10,3,profit-monster-trail,Hermes-bb-squeeze+,closed,f,2026-10-04 21:23:56.566987,2026-10-04 22:21:09.48509
15925,SUPER,LONG,0.24884000,0.24864000,-0.01,-0.2411,11.10,3,profit-monster-trail,Hermes-bb-squeeze+,closed,f,2026-10-04 22:18:26.738621,2026-10-04 23:23:30.797971
15926,LDO,LONG,0.46401000,0.46685000,0.14,3.0603,22.10,5,profit-monster-trail,Hermes-bb-squeeze+,closed,f,2026-10-04 22:23:03.535765,2026-10-05 01:04:07.689378
15927,ARB,LONG,0.20414000,0.20401000,-0.01,-0.3184,11.10,5,profit-monster-trail,Hermes-btc-pump-rider+,closed,f,2026-10-04 22:25:42.343557,2026-10-05 02:19:31.610209
15928,SAGA,LONG,0.02291000,0.02295000,0.01,0.5238,11.10,3,profit-monster-trail,Hermes-bb-squeeze+,closed,f,2026-10-04 22:47:46.413464,2026-10-04 23:08:26.267499
15929,HYPE,LONG,90.56300000,90.86000000,0.04,1.6397,11.10,5,profit-monster-trail,Hermes-bb-bounce-v2-long+,closed,f,2026-10-04 23:18:03.759587,2026-10-05 02:27:34.553993
15930,MNT,LONG,0.66292000,0.66492000,0.03,1.5085,11.10,5,profit-monster-trail,Hermes-bb-squeeze+,closed,f,2026-10-04 23:23:44.010422,2026-10-05 00:20:52.774292
15931,RESOLV,LONG,0.01926800,0.01931000,0.02,0.6539,11.10,3,profit-monster-trail,Hermes-bb-squeeze+,closed,f,2026-10-05 00:11:54.957755,2026-10-05 01:28:15.369381
15932,ZORA,LONG,0.00782500,0.00774300,-0.12,-3.1438,11.10,3,hard_max_loss,Hermes-bb-squeeze+,closed,f,2026-10-05 00:21:47.07647,2026-10-05 03:28:30.964221
15933,TURBO,LONG,0.00106600,0.00105500,-0.16,-3.0957,22.10,3,hard_max_loss,Hermes-bb-squeeze+,closed,f,2026-10-05 01:24:42.704115,2026-10-05 03:36:26.85704
15934,LDO,LONG,0.47349000,0.47621000,0.13,2.8723,22.10,5,profit-monster-trail,Hermes-bb-squeeze+,closed,f,2026-10-05 03:03:33.621485,2026-10-05 03:12:48.859296
15935,HBAR,SHORT,0.10352000,0.10301000,0.06,2.4633,11.10,5,UNIVERSAL_MAX_HOLD,Hermes-pump-chain-,closed,f,2026-10-05 03:22:28.071456,2026-10-05 11:22:56.823075
15936,SAGA,LONG,0.02321000,0.02295000,-0.12,-3.3606,11.10,3,hard_max_loss,Hermes-bb-squeeze+,closed,f,2026-10-05 03:33:31.669349,2026-10-05 04:35:51.660538
15937,MET,SHORT,0.29855000,0.29718000,0.05,1.3767,11.10,3,profit-monster-trail,Hermes-mtf-regime-trend-,closed,f,2026-10-05 03:46:51.617579,2026-10-05 04:03:09.319873
15938,HYPE,LONG,90.36200000,90.80800000,0.06,2.4679,11.10,5,profit-monster-trail,Hermes-bb-bounce-v2-long+,closed,f,2026-10-05 03:56:51.420968,2026-10-05 04:51:25.080161
15939,WLD,SHORT,0.56825000,0.57494000,-0.13,-5.8865,11.10,5,hard_max_loss,Hermes-mtf-regime-trend-,closed,f,2026-10-05 05:22:29.920288,2026-10-05 07:09:30.142703
15940,IMX,SHORT,0.18263000,0.18514727,-0.30,-6.8917,22.10,5,hard_max_loss,Hermes-mtf-regime-trend-,closed,f,2026-10-05 05:27:40.378762,2026-10-05 06:02:38.04073
15941,RESOLV,LONG,0.01964700,0.01967500,0.02,0.4275,11.10,3,profit-monster-trail,Hermes-bb-squeeze+,closed,f,2026-10-05 06:51:31.39972,2026-10-05 07:30:30.427727
15942,INJ,LONG,7.64540000,7.55870000,-0.25,-5.6701,22.10,5,hard_max_loss,Hermes-bb-squeeze+,closed,f,2026-10-05 07:13:12.039205,2026-10-05 08:46:42.516715
15943,WLD,LONG,0.58338000,0.58822000,0.09,4.1482,11.10,5,profit-monster-trail,Hermes-bb-squeeze+,closed,f,2026-10-05 07:51:30.349107,2026-10-05 08:27:52.274845
15944,ETH,LONG,2717.20000000,2719.50000000,0.02,0.4232,22.10,5,profit-monster-trail,Hermes-bb-bounce-v2-long+,closed,f,2026-10-05 09:16:35.273482,2026-10-05 14:21:01.265489
15945,SAND,SHORT,0.07245100,0.07307900,-0.10,-4.3340,11.10,5,hard_max_loss,Hermes-mtf-regime-trend-,closed,f,2026-10-05 09:29:49.061416,2026-10-05 09:47:44.656141
15946,ZORA,LONG,0.00780900,0.00773400,-0.11,-0.9604,11.10,3,hard_sl,Hermes-bb-bounce-v2-long+,closed,f,2026-10-05 10:28:39.38802,2026-10-05 13:31:17.178317
15947,DYDX,LONG,0.14790000,0.14610000,-0.27,-1.2167,22.10,5,hard_sl,Hermes-volume-breakout-long+,closed,f,2026-10-05 12:25:45.917752,2026-10-05 13:31:26.958081
15948,BANANA,LONG,4.02030000,4.02780000,0.02,0.5597,11.10,3,profit-monster-trail,Hermes-bb-squeeze+,closed,f,2026-10-05 12:36:54.259467,2026-10-05 14:16:00.569847
15949,SOL,LONG,120.97000000,119.45000000,-0.15,-6.2825,11.10,5,cut-loser-MAE-GUARD,Hermes-btc-pump-rider+,closed,f,2026-10-05 14:13:37.474236,2026-10-05 14:35:06.567104
15951,LDO,LONG,0.45907000,0.46153000,0.12,2.6793,22.10,5,profit-monster-trail,Hermes-doji-bottom-long,closed,f,2026-10-05 14:56:30.920048,2026-10-05 15:08:19.610794
15952,GMX,LONG,8.66480000,8.72570000,0.08,2.1085,11.10,3,profit-monster-trail,Hermes-bb-squeeze+,closed,f,2026-10-05 15:21:44.110671,2026-10-05 16:04:39.18271
15953,GMX,LONG,8.71180000,8.73340000,0.03,0.7438,11.10,3,profit-monster-trail,Hermes-bb-squeeze+,closed,f,2026-10-05 16:06:45.257471,2026-10-05 16:23:43.451427
15954,TURBO,LONG,0.00106200,0.00105100,-0.12,-3.1073,11.10,3,hard_max_loss,Hermes-bb-squeeze+,closed,f,2026-10-05 20:21:58.563187,2026-10-06 00:36:36.677893
15955,CRV,LONG,0.37997000,0.37530000,-0.14,-6.1452,11.10,5,hard_max_loss,Hermes-mover+,closed,f,2026-10-05 20:22:55.917547,2026-10-05 22:08:44.087267
15956,MERL,LONG,0.03191500,0.03158700,-0.11,-3.0832,11.10,3,hard_max_loss,Hermes-bb-squeeze+,closed,f,2026-10-05 20:36:00.567388,2026-10-05 23:06:22.747771
15957,BLUR,LONG,0.02105000,0.02111300,0.05,0.8979,22.10,3,profit-monster-trail,Hermes-trend-ride+,closed,f,2026-10-05 21:47:43.932673,2026-10-05 22:10:45.825385
15958,IO,LONG,0.17296000,0.17090000,0.00,-3.5731,11.10,3,hard_max_loss,Hermes-trend-ride+,closed,f,2026-10-05 21:53:35.086424,2026-10-06 00:37:35.259226
15959,INJ,LONG,7.64660000,7.68160000,0.10,2.2886,22.10,5,profit-monster-trail,Hermes-trend-ride+,closed,f,2026-10-05 22:18:28.002673,2026-10-05 22:47:03.590077
15960,HBAR,LONG,0.10237000,0.10133000,-0.11,-5.0796,11.10,5,hard_max_loss,Hermes-trend-ride+,closed,f,2026-10-05 22:18:38.005114,2026-10-06 00:45:37.827313
15961,ZRO,LONG,2.11170000,2.11260000,0.01,0.2131,22.10,5,profit-monster-trail,Hermes-trend-ride+,closed,f,2026-10-05 22:47:43.707485,2026-10-05 23:14:14.263295
15962,POL,LONG,0.10948000,0.10817000,-0.13,-5.9828,11.10,5,hard_max_loss,Hermes-bb-squeeze+,closed,f,2026-10-06 00:20:33.543663,2026-10-06 06:09:39.890189
15963,USELESS,LONG,0.23809000,0.23562000,-0.12,-3.1123,11.10,3,hard_max_loss,Hermes-trend-ride+,closed,f,2026-10-06 01:27:35.368185,2026-10-06 01:53:41.563877
15964,SUPER,LONG,0.24033000,0.23797000,-0.11,-2.9459,11.10,3,hard_max_loss,Hermes-trend-ride+,closed,f,2026-10-06 01:48:50.34676,2026-10-06 02:49:25.460672
15965,LTC,SHORT,69.24600000,70.01700000,-0.25,-5.5671,22.10,5,hard_max_loss,Hermes-pump-chain-,closed,f,2026-10-06 03:29:41.410386,2026-10-06 09:17:15.249996
15966,ENS,LONG,6.87510000,6.88060000,0.01,0.4000,11.10,5,profit-monster-trail,Hermes-oversold-bounce+,closed,f,2026-10-06 12:57:56.17915,2026-10-06 15:15:12.271021
15967,AVAX,LONG,11.46400000,11.56500000,0.10,4.4051,11.10,5,profit-monster-trail,Hermes-mover+,closed,f,2026-10-06 14:22:55.232194,2026-10-06 15:14:13.228772
15968,ZRO,LONG,2.18060000,2.20280000,0.23,5.0903,22.10,5,profit-monster-trail,Hermes-oversold-bounce+,closed,f,2026-10-06 17:27:44.067051,2026-10-06 17:38:05.685491
15969,DOGE,SHORT,0.09464500,0.09396600,0.08,3.5871,11.10,5,rr_engine_resistance_break,Hermes-pump-chain-,closed,f,2026-10-06 17:44:02.764617,2026-10-06 19:09:53.105988
15970,IO,SHORT,0.17154000,0.17334000,-0.12,-3.1480,11.10,3,hard_max_loss,Hermes-pump-chain-,closed,f,2026-10-06 19:25:10.74566,2026-10-06 21:32:39.667617
15971,LTC,SHORT,69.31500000,67.42400000,0.61,13.6406,22.10,5,atr_trail_hit,Hermes-pump-chain-,closed,f,2026-10-06 20:07:49.950455,2026-10-07 02:03:36.07112
15972,APT,SHORT,0.82450000,0.78510000,0.53,23.8935,11.10,5,trail_sl,Hermes-pump-chain-,closed,f,2026-10-07 01:32:33.927261,2026-10-07 02:10:03.949058
15973,INJ,SHORT,7.53630000,7.55790000,-0.03,-1.4331,11.10,5,hard_max_loss,Hermes-pump-chain-,closed,f,2026-10-07 05:22:37.271502,2026-10-07 05:24:26.728306
15974,IMX,LONG,0.17677000,0.17618000,-0.07,-1.6688,22.10,5,hard_max_loss,Hermes-pump-chain+,closed,f,2026-10-07 05:32:37.036991,2026-10-07 05:58:35.95316
15975,ADA,SHORT,0.25692000,0.25765000,-0.06,-1.4207,22.10,5,hard_max_loss,Hermes-pump-chain-,closed,f,2026-10-07 08:08:07.270476,2026-10-07 08:23:33.688328
15976,LDO,SHORT,0.43473000,0.43613000,-0.07,-1.6102,22.10,5,hard_max_loss,Hermes-pump-chain-,closed,f,2026-10-07 08:19:37.975034,2026-10-07 08:33:46.747906
15977,LDO,LONG,0.43314000,0.43041000,-0.14,-3.1514,22.10,5,hard_max_loss,Hermes-pump-chain+,closed,f,2026-10-07 10:31:50.886553,2026-10-07 10:38:31.530593
15978,GRASS,SHORT,0.64535000,0.64536000,0.00,-0.0046,11.10,3,atr_trail_hit,Hermes-pump-chain-,closed,f,2026-10-07 12:47:18.116585,2026-10-07 12:47:20.425017
15979,FIL,SHORT,1.05540000,1.06110000,-0.12,-2.7004,22.10,5,hard_max_loss,Hermes-pump-chain-,closed,f,2026-10-07 13:31:50.845742,2026-10-07 13:53:29.056404
15980,APT,SHORT,0.75140000,0.75490000,-0.10,-0.4658,22.10,5,hard_sl,Hermes-pump-chain-,closed,f,2026-10-07 13:41:32.332835,2026-10-07 13:51:28.270451
15981,FOGO,LONG,0.00490700,0.00488000,-0.06,-1.6507,11.10,3,hard_max_loss,Hermes-pump-chain+,closed,f,2026-10-07 18:09:33.712164,2026-10-07 18:18:23.283347
15982,DOT,LONG,1.10530000,1.10900000,0.07,1.6738,22.10,5,pump_exit_dead_money,Hermes-pump-chain+,closed,f,2026-10-07 18:51:30.036683,2026-10-07 21:36:31.714219
15983,GOAT,LONG,0.01719200,0.01709300,-0.06,-1.7275,11.10,3,hard_max_loss,Hermes-pump-chain-v5,closed,f,2026-10-07 20:29:37.672597,2026-10-07 21:28:35.49468
15984,CRV,LONG,0.35971000,0.39017000,0.94,42.3397,11.10,5,atr_trail_hit,Hermes-pump-chain+,closed,f,2026-10-07 22:17:44.816786,2026-10-08 01:21:41.145872
15985,IMX,SHORT,0.17711000,0.17895000,-0.23,-5.1945,22.10,5,hard_max_loss,Hermes-pump-chain-,closed,f,2026-10-08 13:46:30.627699,2026-10-08 13:53:43.635497
15986,GRASS,LONG,0.60762000,0.60253000,-0.09,-2.5131,11.10,3,pump_exit_momentum,Hermes-pump-chain+,pump-chain-v5,closed,f,2026-10-08 14:05:10.245625,2026-10-08 15:04:20.84906
15987,FOGO,LONG,0.00488500,0.00483500,-0.11,-3.0706,11.10,3,hard_max_loss,Hermes-pump-chain+,closed,f,2026-10-08 14:17:30.666502,2026-10-08 15:04:10.792794
15988,IOTA,LONG,0.05394800,0.05331800,-0.13,-3.5034,11.10,3,hard_max_loss,Hermes-pump-chain+,pump-chain-v5,closed,f,2026-10-08 14:19:34.340501,2026-10-08 15:02:02.794176
15989,BLUR,LONG,0.01934900,0.01914600,-0.15,-3.1474,22.10,3,stale_exit,Hermes-pump-chain-v5,closed,f,2026-10-08 14:43:42.0843,2026-10-08 15:04:07.724629
15990,IMX,LONG,0.17271000,0.17643000,0.48,10.7695,22.10,5,stale_exit,Hermes-pump-chain+,closed,f,2026-10-08 18:27:46.834393,2026-10-08 18:56:24.19931
15991,GRASS,LONG,0.58714000,0.59628000,0.17,4.6701,11.10,3,stale_exit,Hermes-pump-chain+,closed,f,2026-10-08 19:45:36.515872,2026-10-08 20:16:25.079085
15992,BABY,LONG,0.01276400,0.01287600,0.10,2.6324,11.10,3,stale_exit,Hermes-pump-chain+,closed,f,2026-10-08 19:59:33.058936,2026-10-08 20:16:21.350243
15993,BANANA,LONG,3.77630000,3.74930000,-0.16,-2.1529,22.10,3,hard_max_loss,Hermes-pump-chain+,closed,f,2026-10-08 20:02:00.61961,2026-10-08 21:06:28.668882
(1855 rows)
