id,token,strategy,direction,pnl_pct,pnl_usdt,leverage,amount_usdt,exit_reason,volatility_regime,entry_rsi_14,entry_atr_14,entry_price,mfe_pct,mae_pct,trade_duration,status,paper,open_time,close_time,_signal_metadata
15748,IOTA,Hermes-pump-chain-,SHORT,2.0308,0.23,3,11.10,hard_sl,EXTREME,26.47,0.00031993,0.05431400,3.251463711013742,0.14913282026733024,10952.935,closed,f,2026-09-29 15:19:46.578704,2026-09-29 18:22:19.512802,"{""rsi_14"": 54.55, ""z_score"": -1.8998, ""is_stale"": true, ""btc_score"": 11.0, ""macd_hist"": -0.00009856, ""btc_regime"": ""BEAR_TREND"", ""macd_value"": -0.00027173, ""wave_phase"": ""accelerating"", ""bb_position"": 0.025, ""macd_signal"": -0.00017317, ""gap_at_entry"": -1.6198, ""volume_spike"": 0.97, ""z_score_tier"": ""low"", ""btc_trend_bias"": -0.755, ""momentum_score"": 1.5, ""momentum_state"": ""falling"", ""btc_linreg_bias"": -0.375, ""price_at_signal"": 0.054535, ""final_confidence"": 99, ""speed_percentile"": 3.7, ""staleness_minutes"": 5.49, ""price_acceleration"": 0.004}"
15985,IMX,Hermes-pump-chain-,SHORT,-5.1945,-0.23,5,22.10,hard_max_loss,EXTREME,21.77,0.00084286,0.17711000,0.13550900570266514,0.6154367342329669,433.0078,closed,f,2026-10-08 13:46:30.627699,2026-10-08 13:53:43.635497,"{""rsi_14"": 45.0, ""z_score"": -2.7693, ""is_stale"": false, ""btc_score"": 0.4, ""macd_hist"": -0.0002658, ""btc_regime"": ""TRANSITIONING"", ""macd_value"": -0.00020414, ""wave_phase"": ""falling"", ""bb_position"": -0.1923, ""macd_signal"": 0.00006166, ""gap_at_entry"": -0.2135, ""volume_spike"": 1.24, ""z_score_tier"": ""extreme_low"", ""btc_trend_bias"": -0.992, ""momentum_score"": 30.6, ""momentum_state"": ""falling"", ""btc_linreg_bias"": -0.125, ""price_at_signal"": 0.17469, ""final_confidence"": 57.51512280557643, ""speed_percentile"": 74.3, ""staleness_minutes"": 4.22, ""price_acceleration"": -0.0023}"
15988,IOTA,"Hermes-pump-chain+,pump-chain-v5",LONG,-3.5034,-0.13,3,11.10,hard_max_loss,EXTREME,84.01,0.00024286,0.05394800,0.07599911025431781,0.8285756654556293,2548.4536,closed,f,2026-10-08 14:19:34.340501,2026-10-08 15:02:02.794176,"{""rsi_14"": 72.73, ""z_score"": 1.5271, ""is_stale"": false, ""btc_score"": 49.8, ""macd_hist"": 0.00003745, ""btc_regime"": ""TRANSITIONING"", ""macd_value"": 0.00020506, ""wave_phase"": ""accelerating"", ""bb_position"": 0.8818, ""macd_signal"": 0.0001676, ""gap_at_entry"": 0.844, ""volume_spike"": 1.63, ""z_score_tier"": ""high"", ""btc_trend_bias"": 0.0, ""momentum_score"": 22.8, ""momentum_state"": ""rising"", ""btc_linreg_bias"": 0.0, ""price_at_signal"": 0.054153, ""final_confidence"": 113.25444452031601, ""speed_percentile"": 55.4, ""staleness_minutes"": 1.25, ""price_acceleration"": 0.005}"
15986,GRASS,"Hermes-pump-chain+,pump-chain-v5",LONG,-2.5131,-0.09,3,11.10,pump_exit_momentum,EXTREME,79.25,0.00332429,0.60762000,1.1339323919554904,0.3505480398933669,3550.6035,closed,f,2026-10-08 14:05:10.245625,2026-10-08 15:04:20.84906,"{""rsi_14"": 55.25, ""z_score"": 1.4593, ""is_stale"": false, ""btc_score"": 25.2, ""macd_hist"": 0.00067483, ""btc_regime"": ""BEAR_TREND"", ""macd_value"": 0.00301936, ""wave_phase"": ""accelerating"", ""bb_position"": 0.8648, ""macd_signal"": 0.00234453, ""gap_at_entry"": 0.0393, ""volume_spike"": 0.41, ""z_score_tier"": ""high"", ""btc_trend_bias"": -0.441, ""momentum_score"": 36.3, ""momentum_state"": ""flat"", ""btc_linreg_bias"": -1.0, ""price_at_signal"": 0.60756, ""final_confidence"": 64.52066536458494, ""speed_percentile"": 87.4, ""staleness_minutes"": 1.73, ""price_acceleration"": 0.0114}"
15989,BLUR,Hermes-pump-chain-v5,LONG,-3.1474,-0.15,3,22.10,stale_exit,HIGH,65.27,0.00007664,0.01934900,0.23773838441261785,0.5426637035505759,1225.6404,closed,f,2026-10-08 14:43:42.0843,2026-10-08 15:04:07.724629,"{""rsi_14"": 43.75, ""z_score"": 0.5377, ""is_stale"": false, ""btc_score"": 52.8, ""macd_hist"": -0.00000785, ""btc_regime"": ""TRANSITIONING"", ""macd_value"": 0.00001389, ""wave_phase"": ""bottoming"", ""bb_position"": 0.6344, ""macd_signal"": 0.00002174, ""gap_at_entry"": 1.2409, ""volume_spike"": 0.02, ""z_score_tier"": ""neutral"", ""btc_trend_bias"": 0.0, ""momentum_score"": 17.3, ""momentum_state"": ""flat"", ""btc_linreg_bias"": 0.375, ""price_at_signal"": 0.019353, ""final_confidence"": 104.22938491213247, ""speed_percentile"": 42.3, ""staleness_minutes"": 1.42, ""price_acceleration"": 0.0051}"
15987,FOGO,Hermes-pump-chain+,LONG,-3.0706,-0.11,3,11.10,hard_max_loss,EXTREME,98.15,0.00002836,0.00488500,0.7369498464687911,0.3480040941658067,2800.1262,closed,f,2026-10-08 14:17:30.666502,2026-10-08 15:04:10.792794,"{""rsi_14"": 73.33, ""z_score"": 1.686, ""is_stale"": false, ""btc_score"": 57.9, ""macd_hist"": 0.00000603, ""btc_regime"": ""RANGING"", ""macd_value"": 0.00002541, ""wave_phase"": ""accelerating"", ""bb_position"": 0.9215, ""macd_signal"": 0.00001938, ""gap_at_entry"": 0.4924, ""volume_spike"": 0.52, ""z_score_tier"": ""high"", ""btc_trend_bias"": 0.064, ""momentum_score"": 37.8, ""momentum_state"": ""rising"", ""btc_linreg_bias"": -0.375, ""price_at_signal"": 0.004887, ""final_confidence"": 93.90461136643412, ""speed_percentile"": 90.3, ""staleness_minutes"": 1.84, ""price_acceleration"": 0.0151}"
15990,IMX,Hermes-pump-chain+,LONG,10.7695,0.48,5,22.10,stale_exit,EXTREME,89.67,0.00160000,0.17271000,2.2118001273811534,0.3937235828846123,1717.3649,closed,f,2026-10-08 18:27:46.834393,2026-10-08 18:56:24.19931,"{""rsi_14"": 48.89, ""z_score"": 2.3857, ""is_stale"": false, ""btc_score"": 50.3, ""macd_hist"": 0.00054758, ""btc_regime"": ""TRANSITIONING"", ""macd_value"": 0.00178171, ""wave_phase"": ""accelerating"", ""bb_position"": 1.0964, ""macd_signal"": 0.00123413, ""gap_at_entry"": 1.4517, ""volume_spike"": 0.14, ""z_score_tier"": ""extreme_high"", ""btc_trend_bias"": 0.0, ""momentum_score"": 20.8, ""momentum_state"": ""rising"", ""btc_linreg_bias"": -0.25, ""price_at_signal"": 0.17348, ""final_confidence"": 253.3060481280615, ""speed_percentile"": 49.1, ""staleness_minutes"": 3.15, ""price_acceleration"": 0.0058}"
15913,RESOLV,Hermes-mtf-regime-trend-,SHORT,1.5075,0.06,3,11.10,profit-monster-trail,HIGH,82.02,0.00005564,0.01890500,0.7617,0.0106,,closed,f,2026-10-04 16:16:56.664817,2026-10-04 16:33:54.169633,"{""rsi_14"": 72.87, ""z_score"": 1.7271, ""is_stale"": false, ""btc_score"": 35.0, ""macd_hist"": 0.00002075, ""btc_regime"": ""RANGING"", ""macd_value"": 0.00003637, ""wave_phase"": ""decelerating"", ""bb_position"": 0.9318, ""macd_signal"": 0.00001563, ""gap_at_entry"": -1.2607, ""volume_spike"": 1.91, ""z_score_tier"": ""high"", ""btc_trend_bias"": -0.222, ""momentum_score"": 13.9, ""momentum_state"": ""rising"", ""btc_linreg_bias"": 0.25, ""price_at_signal"": 0.018678, ""final_confidence"": 92.0, ""speed_percentile"": 34.2, ""staleness_minutes"": 4.44, ""price_acceleration"": -0.005}"
15914,ETC,"Hermes-bb-bounce-v2-long+,bb-bounce-v3-long+",LONG,2.2518,0.05,5,11.10,profit-monster-trail,FLAT,69.28,0.01066429,8.85960000,0.6806,0.0926,,closed,f,2026-10-04 16:57:33.298558,2026-10-04 19:14:57.456857,"{""rsi_14"": 52.27, ""z_score"": 1.7313, ""is_stale"": false, ""btc_score"": 62.7, ""macd_hist"": 0.00302719, ""btc_regime"": ""TRANSITIONING"", ""macd_value"": 0.00330115, ""wave_phase"": ""accelerating"", ""bb_position"": 0.9328, ""macd_signal"": 0.00027397, ""gap_at_entry"": 0.1066, ""volume_spike"": 0.04, ""z_score_tier"": ""high"", ""btc_trend_bias"": 0.171, ""momentum_score"": 21.8, ""momentum_state"": ""rising"", ""btc_linreg_bias"": 0.25, ""price_at_signal"": 8.8656, ""final_confidence"": 92.6, ""speed_percentile"": 53.4, ""staleness_minutes"": 1.14, ""price_acceleration"": 0.0028}"
15915,HBAR,Hermes-bb-bounce-v3-long+,LONG,5.5289,0.12,5,11.10,profit-monster-trail,NORMAL,59.29,0.00012393,0.10219000,1.3602,0.1957,,closed,f,2026-10-04 17:11:54.10095,2026-10-04 19:08:53.187221,"{""rsi_14"": 50.88, ""z_score"": 0.6001, ""is_stale"": true, ""btc_score"": 48.7, ""macd_hist"": 0.00000753, ""btc_regime"": ""RANGING"", ""macd_value"": 0.00003917, ""wave_phase"": ""accelerating"", ""bb_position"": 0.65, ""macd_signal"": 0.00003164, ""gap_at_entry"": 0.2263, ""volume_spike"": 0.01, ""z_score_tier"": ""neutral"", ""btc_trend_bias"": 0.0, ""momentum_score"": 14.4, ""momentum_state"": ""flat"", ""btc_linreg_bias"": 0.25, ""price_at_signal"": 0.10234, ""final_confidence"": 99, ""speed_percentile"": 35.4, ""staleness_minutes"": 1.18, ""price_acceleration"": 0.0011}"
15916,GMX,Hermes-bb-squeeze+,LONG,0.8153,0.03,3,11.10,profit-monster-trail,HIGH,78.31,0.01263571,8.46280000,0.6724,0.0898,,closed,f,2026-10-04 17:25:35.470593,2026-10-04 17:43:20.241685,"{""rsi_14"": 61.14, ""z_score"": 3.6011, ""is_stale"": false, ""btc_score"": 48.7, ""macd_hist"": 0.00320723, ""btc_regime"": ""RANGING"", ""macd_value"": 0.00808734, ""wave_phase"": ""falling"", ""bb_position"": 1.4003, ""macd_signal"": 0.0048801, ""gap_at_entry"": 1.0651, ""volume_spike"": 1.0, ""z_score_tier"": ""extreme_high"", ""btc_trend_bias"": 0.0, ""momentum_score"": 30.5, ""momentum_state"": ""rising"", ""btc_linreg_bias"": 0.125, ""price_at_signal"": 8.452, ""final_confidence"": 95.0, ""speed_percentile"": 74.5, ""staleness_minutes"": 1.09, ""price_acceleration"": -0.0051}"
15910,NXPC,Hermes-bb-bounce-v3-long+,LONG,-3.2184,-0.02,3,11.10,hard_max_loss,NORMAL,43.79,0.00030393,0.23583000,0.25230038587117176,0.9667981172878787,16021.7705,closed,f,2026-10-04 13:04:36.385167,2026-10-04 17:31:38.155194,"{""rsi_14"": 44.0, ""z_score"": 0.8867, ""is_stale"": true, ""btc_score"": 19.5, ""macd_hist"": -0.00001041, ""btc_regime"": ""BEAR_TREND"", ""macd_value"": 0.00007463, ""wave_phase"": ""decelerating"", ""bb_position"": 0.7217, ""macd_signal"": 0.00008504, ""gap_at_entry"": -0.2637, ""volume_spike"": 0.32, ""z_score_tier"": ""neutral"", ""btc_trend_bias"": -0.566, ""momentum_score"": 2.8, ""momentum_state"": ""flat"", ""btc_linreg_bias"": -0.25, ""price_at_signal"": 0.235925, ""final_confidence"": 99, ""speed_percentile"": 7.0, ""staleness_minutes"": 3.0, ""price_acceleration"": -0.0004}"
15770,IOTA,Hermes-pump-chain-,SHORT,0.0338,0.00,3,11.10,hard_sl,EXTREME,38.91,0.00017771,0.05321200,1.1538750657746437,0.8682252123581093,12778.405,closed,f,2026-09-30 18:59:36.30573,2026-09-30 22:32:34.71075,"{""rsi_14"": 41.77, ""z_score"": -1.5698, ""is_stale"": false, ""btc_score"": 34.1, ""macd_hist"": -0.00002504, ""btc_regime"": ""BEAR_TREND"", ""macd_value"": -0.00008047, ""wave_phase"": ""falling"", ""bb_position"": 0.1076, ""macd_signal"": -0.00005543, ""gap_at_entry"": -0.3207, ""volume_spike"": 1.0, ""z_score_tier"": ""low"", ""btc_trend_bias"": -0.243, ""momentum_score"": 30.7, ""momentum_state"": ""falling"", ""btc_linreg_bias"": -0.375, ""price_at_signal"": 0.053198, ""final_confidence"": 99, ""speed_percentile"": 74.2, ""staleness_minutes"": 1.32, ""price_acceleration"": -0.0113}"
15771,ADA,Hermes-pump-chain-,SHORT,-1.5317,-0.17,5,11.10,hard_sl,EXTREME,31.77,0.00062571,0.24222000,0.20848815126743364,1.3149203203699205,11085.33,closed,f,2026-09-30 19:22:42.728595,2026-09-30 22:27:28.058788,"{""rsi_14"": 43.24, ""z_score"": -2.4748, ""is_stale"": false, ""btc_score"": 0.8, ""macd_hist"": -0.00010606, ""btc_regime"": ""TRANSITIONING"", ""macd_value"": -0.0001176, ""wave_phase"": ""accelerating"", ""bb_position"": -0.1187, ""macd_signal"": -0.00001154, ""gap_at_entry"": -1.469, ""volume_spike"": 0.45, ""z_score_tier"": ""extreme_low"", ""btc_trend_bias"": -0.983, ""momentum_score"": 16.5, ""momentum_state"": ""falling"", ""btc_linreg_bias"": -0.125, ""price_at_signal"": 0.242625, ""final_confidence"": 99, ""speed_percentile"": 39.6, ""staleness_minutes"": 5.7, ""price_acceleration"": 0.0016}"
15244,YGG,Hermes-open-skies+,LONG,4.8649,0.18,3,11.10,atr_sl_hit,HIGH,,,0.02201500,2.9116511469452644,0.8675902793549852,4519.207,closed,f,2026-09-11 12:57:04.097576,2026-09-11 14:12:23.304765,"{""z_score"": 0.3279, ""is_stale"": false, ""macd_hist"": -0.00001298, ""macd_value"": 0.00013048, ""wave_phase"": ""bottoming"", ""bb_position"": 0.582, ""macd_signal"": 0.00014346, ""z_score_tier"": ""neutral"", ""momentum_score"": 12.0, ""momentum_state"": ""flat"", ""price_at_signal"": 0.022076, ""speed_percentile"": 28.6, ""price_acceleration"": 0.0047}"
15918,GMT,Hermes-pump-chain+,LONG,1.3575,0.05,3,11.10,pump_exit_dead_money,EXTREME,86.54,0.00001679,0.00906100,1.1146672552698422,0.09932678512305847,7207.861,closed,f,2026-10-04 17:59:30.791648,2026-10-04 19:59:38.652675,"{""rsi_14"": 61.11, ""z_score"": 1.5061, ""is_stale"": false, ""btc_score"": 64.2, ""macd_hist"": 0.0000028, ""btc_regime"": ""TRANSITIONING"", ""macd_value"": 0.00000517, ""wave_phase"": ""accelerating"", ""bb_position"": 0.8765, ""macd_signal"": 0.00000237, ""gap_at_entry"": -0.6844, ""volume_spike"": 0.19, ""z_score_tier"": ""high"", ""btc_trend_bias"": 0.205, ""momentum_score"": 31.2, ""momentum_state"": ""rising"", ""btc_linreg_bias"": 0.25, ""price_at_signal"": 0.00906, ""final_confidence"": 99, ""speed_percentile"": 75.8, ""staleness_minutes"": 1.26, ""price_acceleration"": 0.0071}"
15921,SEI,Hermes-bb-squeeze+,LONG,-5.4224,-0.24,5,22.10,hard_max_loss,HIGH,60.54,0.00013871,0.07422900,0.08217812445269586,1.0831346239340407,4072.5916,closed,f,2026-10-04 19:56:44.174286,2026-10-04 21:04:36.765864,"{""rsi_14"": 68.58, ""z_score"": 4.0153, ""is_stale"": true, ""btc_score"": 54.8, ""macd_hist"": 0.00003145, ""btc_regime"": ""RANGING_BULL"", ""macd_value"": 0.00014042, ""wave_phase"": ""falling"", ""bb_position"": 1.5038, ""macd_signal"": 0.00010897, ""gap_at_entry"": 0.9075, ""volume_spike"": 0.7, ""z_score_tier"": ""extreme_high"", ""btc_trend_bias"": 0.0, ""momentum_score"": 21.5, ""momentum_state"": ""rising"", ""btc_linreg_bias"": 0.25, ""price_at_signal"": 0.07462, ""final_confidence"": 95.0, ""speed_percentile"": 52.8, ""staleness_minutes"": 1.32, ""price_acceleration"": -0.0038}"
15736,ALGO,Hermes-pump-chain-,SHORT,0.3727,0.04,5,11.10,hard_sl,EXTREME,59.18,0.00069607,0.13147000,2.468243705788391,1.730432798357039,21245.52,closed,f,2026-09-29 10:33:38.665005,2026-09-29 16:27:44.184033,"{""rsi_14"": 53.85, ""z_score"": -1.4307, ""is_stale"": false, ""btc_score"": 96.6, ""macd_hist"": -0.00012348, ""btc_regime"": ""BULL_TREND"", ""macd_value"": -0.00018649, ""wave_phase"": ""accelerating"", ""bb_position"": 0.1423, ""macd_signal"": -0.00006302, ""gap_at_entry"": -0.6417, ""volume_spike"": 0.04, ""z_score_tier"": ""low"", ""btc_trend_bias"": 0.923, ""momentum_score"": 25.8, ""momentum_state"": ""falling"", ""btc_linreg_bias"": 0.375, ""price_at_signal"": 0.131445, ""final_confidence"": 99, ""speed_percentile"": 62.7, ""staleness_minutes"": 9.39, ""price_acceleration"": 0.0179}"
15917,IMX,Hermes-pump-chain+,LONG,2.0706,0.09,5,22.10,pump_exit_dead_money,EXTREME,77.01,0.00024071,0.18594000,0.6615037108744805,0.1667204474561712,7201.693,closed,f,2026-10-04 17:58:30.339557,2026-10-04 19:58:32.032289,"{""rsi_14"": 60.87, ""z_score"": 1.2311, ""is_stale"": false, ""btc_score"": 48.9, ""macd_hist"": 0.00004906, ""btc_regime"": ""TRANSITIONING"", ""macd_value"": 0.00016332, ""wave_phase"": ""accelerating"", ""bb_position"": 0.8078, ""macd_signal"": 0.00011426, ""gap_at_entry"": -0.2946, ""volume_spike"": 1.0, ""z_score_tier"": ""high"", ""btc_trend_bias"": 0.0, ""momentum_score"": 31.7, ""momentum_state"": ""flat"", ""btc_linreg_bias"": 0.25, ""price_at_signal"": 0.18573, ""final_confidence"": 99, ""speed_percentile"": 77.0, ""staleness_minutes"": 2.17, ""price_acceleration"": 0.0049}"
15923,BABY,Hermes-bb-bounce-v2-long+,LONG,2.9526,0.11,3,11.10,profit-monster-trail,NORMAL,57.14,0.00001521,0.01361500,1.1605,0.022,,closed,f,2026-10-04 21:23:46.581499,2026-10-04 23:38:37.8208,"{""rsi_14"": 57.5, ""z_score"": 0.555, ""is_stale"": true, ""btc_score"": 100.0, ""macd_hist"": 0.00000257, ""btc_regime"": ""BULL_TREND"", ""macd_value"": 0.00000491, ""wave_phase"": ""falling"", ""bb_position"": 0.6388, ""macd_signal"": 0.00000234, ""gap_at_entry"": 0.142, ""volume_spike"": 0.34, ""z_score_tier"": ""neutral"", ""btc_trend_bias"": 1.0, ""momentum_score"": 19.4, ""momentum_state"": ""flat"", ""btc_linreg_bias"": 1.0, ""price_at_signal"": 0.013614, ""final_confidence"": 92.0, ""speed_percentile"": 47.8, ""staleness_minutes"": 0.86, ""price_acceleration"": -0.0046}"
15752,ALGO,Hermes-pump-chain-,SHORT,0.8487,0.10,5,11.10,hard_sl,EXTREME,7.32,0.00082571,0.12726000,2.5970454188276095,0.019644821625017482,4963.9243,closed,f,2026-09-29 16:51:31.041052,2026-09-29 18:14:14.965478,"{""rsi_14"": 52.0, ""z_score"": -1.8848, ""is_stale"": false, ""btc_score"": 18.5, ""macd_hist"": -0.00044025, ""btc_regime"": ""RANGING"", ""macd_value"": -0.00055656, ""wave_phase"": ""bottoming"", ""bb_position"": 0.0288, ""macd_signal"": -0.0001163, ""gap_at_entry"": -2.5673, ""volume_spike"": 0.76, ""z_score_tier"": ""low"", ""btc_trend_bias"": -0.589, ""momentum_score"": 5.0, ""momentum_state"": ""falling"", ""btc_linreg_bias"": 0.0, ""price_at_signal"": 0.127165, ""final_confidence"": 99, ""speed_percentile"": 11.2, ""staleness_minutes"": 1.21, ""price_acceleration"": 0.0056}"
15924,USELESS,Hermes-bb-squeeze+,LONG,1.5864,0.06,3,11.10,profit-monster-trail,HIGH,98.64,0.00070000,0.24017000,0.789,0.9264,,closed,f,2026-10-04 21:23:56.566987,2026-10-04 22:21:09.48509,"{""rsi_14"": 65.87, ""z_score"": 2.1014, ""is_stale"": false, ""btc_score"": 100.0, ""macd_hist"": 0.00027819, ""btc_regime"": ""BULL_TREND"", ""macd_value"": 0.00055924, ""wave_phase"": ""accelerating"", ""bb_position"": 1.0254, ""macd_signal"": 0.00028104, ""gap_at_entry"": 0.6556, ""volume_spike"": 0.34, ""z_score_tier"": ""extreme_high"", ""btc_trend_bias"": 1.0, ""momentum_score"": 31.2, ""momentum_state"": ""rising"", ""btc_linreg_bias"": 1.0, ""price_at_signal"": 0.24069, ""final_confidence"": 91.0, ""speed_percentile"": 76.4, ""staleness_minutes"": 4.71, ""price_acceleration"": 0.0091}"
15772,BABY,Hermes-pump-chain-,SHORT,-1.5441,-0.17,3,11.10,hard_sl,EXTREME,41.18,0.00003336,0.01360000,0.8382352941176436,1.3529411764705892,18806.637,closed,f,2026-09-30 19:31:37.139607,2026-10-01 00:45:03.776431,"{""rsi_14"": 29.67, ""z_score"": -1.3241, ""is_stale"": false, ""btc_score"": 9.9, ""macd_hist"": -0.00000559, ""btc_regime"": ""BEAR_TREND"", ""macd_value"": -0.0000179, ""wave_phase"": ""accelerating"", ""bb_position"": 0.169, ""macd_signal"": -0.00001231, ""gap_at_entry"": -1.6801, ""volume_spike"": 0.32, ""z_score_tier"": ""low"", ""btc_trend_bias"": -0.78, ""momentum_score"": 31.5, ""momentum_state"": ""falling"", ""btc_linreg_bias"": -0.25, ""price_at_signal"": 0.013591, ""final_confidence"": 99, ""speed_percentile"": 76.1, ""staleness_minutes"": 3.32, ""price_acceleration"": 0.0053}"
15927,ARB,Hermes-btc-pump-rider+,LONG,-0.3184,-0.01,5,11.10,profit-monster-trail,NORMAL,83.33,0.00068571,0.20414000,0.3331,0.8279,,closed,f,2026-10-04 22:25:42.343557,2026-10-05 02:19:31.610209,"{""rsi_14"": 65.0, ""z_score"": 1.6385, ""is_stale"": true, ""btc_score"": 99.9, ""macd_hist"": 0.00006979, ""btc_regime"": ""TRANSITIONING"", ""macd_value"": 0.00027261, ""wave_phase"": ""bottoming"", ""bb_position"": 0.9096, ""macd_signal"": 0.00020282, ""gap_at_entry"": 0.6542, ""volume_spike"": 0.14, ""z_score_tier"": ""high"", ""btc_trend_bias"": 0.998, ""momentum_score"": 8.8, ""momentum_state"": ""rising"", ""btc_linreg_bias"": 1.0, ""price_at_signal"": 0.2044, ""final_confidence"": 89.0, ""speed_percentile"": 21.7, ""staleness_minutes"": 0.93, ""price_acceleration"": 0.0016}"
15928,SAGA,Hermes-bb-squeeze+,LONG,0.5238,0.01,3,11.10,profit-monster-trail,NORMAL,82.35,0.00002929,0.02291000,0.5674,0.2182,,closed,f,2026-10-04 22:47:46.413464,2026-10-04 23:08:26.267499,"{""rsi_14"": 61.54, ""z_score"": 3.273, ""is_stale"": false, ""btc_score"": 99.8, ""macd_hist"": 0.00000087, ""btc_regime"": ""BULL_TREND"", ""macd_value"": 0.00004563, ""wave_phase"": ""accelerating"", ""bb_position"": 1.3183, ""macd_signal"": 0.00004476, ""gap_at_entry"": 1.0838, ""volume_spike"": 0.33, ""z_score_tier"": ""extreme_high"", ""btc_trend_bias"": 0.996, ""momentum_score"": 32.1, ""momentum_state"": ""rising"", ""btc_linreg_bias"": 1.0, ""price_at_signal"": 0.0229, ""final_confidence"": 89.0, ""speed_percentile"": 78.3, ""staleness_minutes"": 0.79, ""price_acceleration"": 0.0124}"
15929,HYPE,Hermes-bb-bounce-v2-long+,LONG,1.6397,0.04,5,11.10,profit-monster-trail,FLAT,75.83,0.12196429,90.56300000,0.5135,0.6609,,closed,f,2026-10-04 23:18:03.759587,2026-10-05 02:27:34.553993,"{""rsi_14"": 60.72, ""z_score"": 1.2367, ""is_stale"": true, ""btc_score"": 99.1, ""macd_hist"": 0.0192515, ""btc_regime"": ""BULL_TREND"", ""macd_value"": 0.02086445, ""wave_phase"": ""decelerating"", ""bb_position"": 0.8092, ""macd_signal"": 0.00161295, ""gap_at_entry"": 0.0132, ""volume_spike"": 1.0, ""z_score_tier"": ""high"", ""btc_trend_bias"": 0.98, ""momentum_score"": 11.6, ""momentum_state"": ""rising"", ""btc_linreg_bias"": 0.25, ""price_at_signal"": 90.5265, ""final_confidence"": 92.0, ""speed_percentile"": 28.6, ""staleness_minutes"": 1.78, ""price_acceleration"": -0.0003}"
15925,SUPER,Hermes-bb-squeeze+,LONG,-0.2411,-0.01,3,11.10,profit-monster-trail,HIGH,100.00,0.00043429,0.24884000,0.4099,0.434,,closed,f,2026-10-04 22:18:26.738621,2026-10-04 23:23:30.797971,"{""rsi_14"": 28.42, ""z_score"": 2.5381, ""is_stale"": false, ""btc_score"": 89.6, ""macd_hist"": 0.00020731, ""btc_regime"": ""BULL_TREND"", ""macd_value"": 0.00046797, ""wave_phase"": ""accelerating"", ""bb_position"": 1.1345, ""macd_signal"": 0.00026066, ""gap_at_entry"": 1.5699, ""volume_spike"": 0.35, ""z_score_tier"": ""extreme_high"", ""btc_trend_bias"": 0.77, ""momentum_score"": 12.3, ""momentum_state"": ""rising"", ""btc_linreg_bias"": 0.375, ""price_at_signal"": 0.248225, ""final_confidence"": 95.0, ""speed_percentile"": 30.4, ""staleness_minutes"": 0.28, ""price_acceleration"": 0.0091}"
15931,RESOLV,Hermes-bb-squeeze+,LONG,0.6539,0.02,3,11.10,profit-monster-trail,HIGH,92.55,0.00002371,0.01926800,0.5709,0.9705,,closed,f,2026-10-05 00:11:54.957755,2026-10-05 01:28:15.369381,"{""rsi_14"": 72.82, ""z_score"": 3.2074, ""is_stale"": true, ""btc_score"": 78.5, ""macd_hist"": 0.00001931, ""btc_regime"": ""BULL_TREND"", ""macd_value"": 0.00003382, ""wave_phase"": ""falling"", ""bb_position"": 1.3018, ""macd_signal"": 0.00001451, ""gap_at_entry"": 1.5306, ""volume_spike"": 0.57, ""z_score_tier"": ""extreme_high"", ""btc_trend_bias"": 0.523, ""momentum_score"": 24.2, ""momentum_state"": ""rising"", ""btc_linreg_bias"": 0.25, ""price_at_signal"": 0.01918, ""final_confidence"": 99, ""speed_percentile"": 59.6, ""staleness_minutes"": 1.41, ""price_acceleration"": -0.0001}"
15926,LDO,Hermes-bb-squeeze+,LONG,3.0603,0.14,5,22.10,profit-monster-trail,NORMAL,95.77,0.00082000,0.46401000,0.8082,0.8383,,closed,f,2026-10-04 22:23:03.535765,2026-10-05 01:04:07.689378,"{""rsi_14"": 59.06, ""z_score"": 2.6769, ""is_stale"": false, ""btc_score"": 96.4, ""macd_hist"": 0.00035756, ""btc_regime"": ""BULL_TREND"", ""macd_value"": 0.00069921, ""wave_phase"": ""accelerating"", ""bb_position"": 1.1692, ""macd_signal"": 0.00034165, ""gap_at_entry"": 1.7111, ""volume_spike"": 0.04, ""z_score_tier"": ""extreme_high"", ""btc_trend_bias"": 0.921, ""momentum_score"": 14.4, ""momentum_state"": ""rising"", ""btc_linreg_bias"": 1.0, ""price_at_signal"": 0.46508, ""final_confidence"": 99, ""speed_percentile"": 35.4, ""staleness_minutes"": 2.22, ""price_acceleration"": 0.0085}"
15933,TURBO,Hermes-bb-squeeze+,LONG,-3.0957,-0.16,3,22.10,hard_max_loss,NORMAL,100.00,0.00000157,0.00106600,0.09380863039398835,0.9380863039399648,7904.153,closed,f,2026-10-05 01:24:42.704115,2026-10-05 03:36:26.85704,"{""rsi_14"": 33.33, ""z_score"": 2.8604, ""is_stale"": true, ""btc_score"": 98.9, ""macd_hist"": 0.00000053, ""btc_regime"": ""BULL_TREND"", ""macd_value"": 0.00000139, ""wave_phase"": ""bottoming"", ""bb_position"": 1.2151, ""macd_signal"": 0.00000085, ""gap_at_entry"": 1.1032, ""volume_spike"": 0.19, ""z_score_tier"": ""extreme_high"", ""btc_trend_bias"": 0.974, ""momentum_score"": 8.8, ""momentum_state"": ""rising"", ""btc_linreg_bias"": 0.375, ""price_at_signal"": 0.001066, ""final_confidence"": 90.0, ""speed_percentile"": 21.7, ""staleness_minutes"": 1.11, ""price_acceleration"": 0.0006}"
15774,ALGO,Hermes-pump-chain-,SHORT,-1.0085,-0.11,5,11.10,hard_sl,EXTREME,18.29,0.00033143,0.12494000,1.1045301744837461,1.168560909236447,12171.97,closed,f,2026-09-30 23:21:49.171869,2026-10-01 02:44:41.141201,"{""rsi_14"": 36.09, ""z_score"": -0.8684, ""is_stale"": false, ""btc_score"": 40.0, ""macd_hist"": -0.00001608, ""btc_regime"": ""TRANSITIONING"", ""macd_value"": -0.00020349, ""wave_phase"": ""accelerating"", ""bb_position"": 0.2829, ""macd_signal"": -0.00018741, ""gap_at_entry"": 0.0112, ""volume_spike"": 1.0, ""z_score_tier"": ""neutral"", ""btc_trend_bias"": -0.111, ""momentum_score"": 17.0, ""momentum_state"": ""flat"", ""btc_linreg_bias"": -0.125, ""price_at_signal"": 0.124725, ""final_confidence"": 99, ""speed_percentile"": 40.3, ""staleness_minutes"": 1.24, ""price_acceleration"": 0.0129}"
15932,ZORA,Hermes-bb-squeeze+,LONG,-3.1438,-0.12,3,11.10,hard_max_loss,NORMAL,65.29,0.00001064,0.00782500,0.16613418530350316,0.9712460063897832,11203.888,closed,f,2026-10-05 00:21:47.07647,2026-10-05 03:28:30.964221,"{""rsi_14"": 71.43, ""z_score"": 2.5613, ""is_stale"": true, ""btc_score"": 67.6, ""macd_hist"": 0.00000627, ""btc_regime"": ""RANGING"", ""macd_value"": 0.00001551, ""wave_phase"": ""accelerating"", ""bb_position"": 1.1403, ""macd_signal"": 0.00000924, ""gap_at_entry"": 1.2508, ""volume_spike"": 0.56, ""z_score_tier"": ""extreme_high"", ""btc_trend_bias"": 0.281, ""momentum_score"": 20.9, ""momentum_state"": ""rising"", ""btc_linreg_bias"": -0.25, ""price_at_signal"": 0.00785, ""final_confidence"": 96.0, ""speed_percentile"": 51.6, ""staleness_minutes"": 1.13, ""price_acceleration"": 0.0055}"
15936,SAGA,Hermes-bb-squeeze+,LONG,-3.3606,-0.12,3,11.10,hard_max_loss,HIGH,75.76,0.00005071,0.02321000,0.0861697544161964,0.904782421370107,3739.9912,closed,f,2026-10-05 03:33:31.669349,2026-10-05 04:35:51.660538,"{""rsi_14"": 48.15, ""z_score"": 2.3055, ""is_stale"": false, ""btc_score"": 18.4, ""macd_hist"": 0.00001872, ""btc_regime"": ""BEAR_TREND"", ""macd_value"": 0.00003053, ""wave_phase"": ""falling"", ""bb_position"": 1.0764, ""macd_signal"": 0.00001181, ""gap_at_entry"": 0.844, ""volume_spike"": 0.06, ""z_score_tier"": ""extreme_high"", ""btc_trend_bias"": -0.591, ""momentum_score"": 34.9, ""momentum_state"": ""rising"", ""btc_linreg_bias"": -0.25, ""price_at_signal"": 0.02305, ""final_confidence"": 89.0, ""speed_percentile"": 83.9, ""staleness_minutes"": 1.02, ""price_acceleration"": -0.0143}"
15254,W,Hermes-open-skies+,LONG,-1.9057,-0.21,5,11.10,hard_sl,HIGH,,,0.00997000,0.30090270812437825,1.103309929789358,1034.2574,closed,f,2026-09-11 15:37:35.974879,2026-09-11 15:54:50.232382,"{""z_score"": 0.1466, ""is_stale"": false, ""macd_hist"": -0.00000619, ""macd_value"": 0.00005206, ""wave_phase"": ""accelerating"", ""bb_position"": 0.5367, ""macd_signal"": 0.00005826, ""z_score_tier"": ""neutral"", ""momentum_score"": 0.5, ""momentum_state"": ""falling"", ""price_at_signal"": 0.01001, ""speed_percentile"": 1.2, ""price_acceleration"": 0.0067}"
15938,HYPE,Hermes-bb-bounce-v2-long+,LONG,2.4679,0.06,5,11.10,profit-monster-trail,FLAT,33.51,0.12592857,90.36200000,0.8079,0.244,,closed,f,2026-10-05 03:56:51.420968,2026-10-05 04:51:25.080161,"{""rsi_14"": 54.38, ""z_score"": -2.5106, ""is_stale"": false, ""btc_score"": 7.2, ""macd_hist"": -0.02355955, ""btc_regime"": ""BEAR_TREND"", ""macd_value"": -0.00953883, ""wave_phase"": ""accelerating"", ""bb_position"": -0.1276, ""macd_signal"": 0.01402072, ""gap_at_entry"": -0.2151, ""volume_spike"": 1.55, ""z_score_tier"": ""extreme_low"", ""btc_trend_bias"": -0.839, ""momentum_score"": 28.6, ""momentum_state"": ""falling"", ""btc_linreg_bias"": -0.25, ""price_at_signal"": 90.3365, ""final_confidence"": 92.0, ""speed_percentile"": 70.2, ""staleness_minutes"": 1.24, ""price_acceleration"": 0.0038}"
15940,IMX,Hermes-mtf-regime-trend-,SHORT,-6.8917,-0.30,5,22.10,hard_max_loss,NORMAL,14.47,0.00055214,0.18263000,0.180693204840386,0.9253682308492717,2097.6619,closed,f,2026-10-05 05:27:40.378762,2026-10-05 06:02:38.04073,"{""rsi_14"": 43.17, ""z_score"": -0.7757, ""is_stale"": false, ""btc_score"": 12.9, ""macd_hist"": -0.00010371, ""btc_regime"": ""BEAR_TREND"", ""macd_value"": 0.00025895, ""wave_phase"": ""accelerating"", ""bb_position"": 0.3061, ""macd_signal"": 0.00036266, ""gap_at_entry"": -0.3848, ""volume_spike"": 1.0, ""z_score_tier"": ""neutral"", ""btc_trend_bias"": -0.713, ""momentum_score"": 27.7, ""momentum_state"": ""flat"", ""btc_linreg_bias"": -0.375, ""price_at_signal"": 0.18244, ""final_confidence"": 98.0, ""speed_percentile"": 67.1, ""staleness_minutes"": 2.25, ""price_acceleration"": 0.0092}"
15935,HBAR,Hermes-pump-chain-,SHORT,2.4633,0.06,5,11.10,UNIVERSAL_MAX_HOLD,NORMAL,24.30,0.00019071,0.10352000,0.8355873261205609,0.9756568778979879,28828.752,closed,f,2026-10-05 03:22:28.071456,2026-10-05 11:22:56.823075,"{""rsi_14"": 56.63, ""z_score"": -2.3178, ""is_stale"": true, ""btc_score"": 28.0, ""macd_hist"": -0.00011068, ""btc_regime"": ""TRANSITIONING"", ""macd_value"": -0.00018619, ""wave_phase"": ""bottoming"", ""bb_position"": -0.0795, ""macd_signal"": -0.00007551, ""gap_at_entry"": -0.521, ""volume_spike"": 0.28, ""z_score_tier"": ""extreme_low"", ""btc_trend_bias"": -0.378, ""momentum_score"": 1.8, ""momentum_state"": ""falling"", ""btc_linreg_bias"": -0.25, ""price_at_signal"": 0.10373, ""final_confidence"": 99, ""speed_percentile"": 4.3, ""staleness_minutes"": 2.03, ""price_acceleration"": 0.0018}"
15939,WLD,Hermes-mtf-regime-trend-,SHORT,-5.8865,-0.13,5,11.10,hard_max_loss,EXTREME,39.43,0.00130571,0.56825000,0.09854817421909456,0.9538055433347964,6420.2227,closed,f,2026-10-05 05:22:29.920288,2026-10-05 07:09:30.142703,"{""rsi_14"": 52.01, ""z_score"": -0.6766, ""is_stale"": false, ""btc_score"": 11.3, ""macd_hist"": -0.00020933, ""btc_regime"": ""BEAR_TREND"", ""macd_value"": -0.00000931, ""wave_phase"": ""accelerating"", ""bb_position"": 0.3309, ""macd_signal"": 0.00020002, ""gap_at_entry"": -1.1746, ""volume_spike"": 1.0, ""z_score_tier"": ""neutral"", ""btc_trend_bias"": -0.748, ""momentum_score"": 23.9, ""momentum_state"": ""falling"", ""btc_linreg_bias"": -0.375, ""price_at_signal"": 0.56874, ""final_confidence"": 92.0, ""speed_percentile"": 57.8, ""staleness_minutes"": 1.16, ""price_acceleration"": 0.0044}"
15758,DYDX,Hermes-pump-chain-,SHORT,-1.6600,-0.18,5,11.10,hard_sl,EXTREME,16.04,0.00054857,0.13916000,0.25150905432596793,1.2000574877838492,1825.9479,closed,f,2026-09-29 19:56:30.542718,2026-09-29 20:26:56.49054,"{""rsi_14"": 55.95, ""z_score"": -1.709, ""is_stale"": false, ""btc_score"": 56.2, ""macd_hist"": -0.00012766, ""btc_regime"": ""TRANSITIONING"", ""macd_value"": -0.00033572, ""wave_phase"": ""falling"", ""bb_position"": 0.0728, ""macd_signal"": -0.00020806, ""gap_at_entry"": -0.1963, ""volume_spike"": 0.53, ""z_score_tier"": ""low"", ""btc_trend_bias"": 0.026, ""momentum_score"": 25.9, ""momentum_state"": ""falling"", ""btc_linreg_bias"": 0.0, ""price_at_signal"": 0.1391, ""final_confidence"": 99, ""speed_percentile"": 61.5, ""staleness_minutes"": 2.27, ""price_acceleration"": -0.0125}"
15776,JUP,Hermes-pump-chain-,SHORT,-4.3092,-0.10,5,11.10,hard_max_loss,EXTREME,22.82,0.00065214,0.32953000,1.0044608988559403,1.0469456498649619,9978.367,closed,f,2026-10-01 01:01:36.41323,2026-10-01 03:47:54.780112,"{""rsi_14"": 36.39, ""z_score"": -1.5844, ""is_stale"": false, ""btc_score"": 19.9, ""macd_hist"": -0.00013294, ""btc_regime"": ""RANGING"", ""macd_value"": -0.00009029, ""wave_phase"": ""accelerating"", ""bb_position"": 0.1039, ""macd_signal"": 0.00004265, ""gap_at_entry"": 0.037, ""volume_spike"": 0.46, ""z_score_tier"": ""low"", ""btc_trend_bias"": -0.557, ""momentum_score"": 24.2, ""momentum_state"": ""falling"", ""btc_linreg_bias"": 0.0, ""price_at_signal"": 0.329165, ""final_confidence"": 99, ""speed_percentile"": 59.1, ""staleness_minutes"": 1.11, ""price_acceleration"": 0.0052}"
15943,WLD,Hermes-bb-squeeze+,LONG,4.1482,0.09,5,11.10,profit-monster-trail,HIGH,95.41,0.00200071,0.58338000,1.0439,0.5931,,closed,f,2026-10-05 07:51:30.349107,2026-10-05 08:27:52.274845,"{""rsi_14"": 71.82, ""z_score"": 2.3161, ""is_stale"": false, ""btc_score"": 78.5, ""macd_hist"": 0.00032208, ""btc_regime"": ""TRANSITIONING"", ""macd_value"": 0.00139659, ""wave_phase"": ""accelerating"", ""bb_position"": 1.079, ""macd_signal"": 0.00107451, ""gap_at_entry"": 1.4089, ""volume_spike"": 0.38, ""z_score_tier"": ""extreme_high"", ""btc_trend_bias"": 0.522, ""momentum_score"": 19.9, ""momentum_state"": ""rising"", ""btc_linreg_bias"": 0.0, ""price_at_signal"": 0.58197, ""final_confidence"": 90.0, ""speed_percentile"": 48.4, ""staleness_minutes"": 1.19, ""price_acceleration"": 0.013}"
15942,INJ,Hermes-bb-squeeze+,LONG,-5.6701,-0.25,5,22.10,hard_max_loss,HIGH,87.49,0.01598571,7.64540000,0.3027964527689766,0.7788997305569448,5610.4775,closed,f,2026-10-05 07:13:12.039205,2026-10-05 08:46:42.516715,"{""rsi_14"": 78.73, ""z_score"": 2.1762, ""is_stale"": true, ""btc_score"": 87.3, ""macd_hist"": 0.00435703, ""btc_regime"": ""TRANSITIONING"", ""macd_value"": 0.01339359, ""wave_phase"": ""accelerating"", ""bb_position"": 1.044, ""macd_signal"": 0.00903656, ""gap_at_entry"": 0.4528, ""volume_spike"": 0.2, ""z_score_tier"": ""extreme_high"", ""btc_trend_bias"": 0.717, ""momentum_score"": 0.2, ""momentum_state"": ""rising"", ""btc_linreg_bias"": 0.25, ""price_at_signal"": 7.62485, ""final_confidence"": 89.0, ""speed_percentile"": 0.6, ""staleness_minutes"": 0.28, ""price_acceleration"": 0.001}"
15945,SAND,Hermes-mtf-regime-trend-,SHORT,-4.3340,-0.10,5,11.10,hard_max_loss,EXTREME,34.67,0.00017107,0.07245100,0.2553449917875593,0.6459538170625612,1075.5947,closed,f,2026-10-05 09:29:49.061416,2026-10-05 09:47:44.656141,"{""rsi_14"": 28.95, ""z_score"": -1.0768, ""is_stale"": true, ""btc_score"": 23.5, ""macd_hist"": -0.0000472, ""btc_regime"": ""BEAR_TREND"", ""macd_value"": 0.00000994, ""wave_phase"": ""bottoming"", ""bb_position"": 0.2308, ""macd_signal"": 0.00005714, ""gap_at_entry"": -0.5405, ""volume_spike"": 0.13, ""z_score_tier"": ""low"", ""btc_trend_bias"": -0.479, ""momentum_score"": 4.8, ""momentum_state"": ""flat"", ""btc_linreg_bias"": -0.375, ""price_at_signal"": 0.072397, ""final_confidence"": 99, ""speed_percentile"": 11.8, ""staleness_minutes"": 4.2, ""price_acceleration"": 0.0011}"
15761,ALGO,Hermes-pump-chain-,SHORT,-1.7050,-0.19,5,11.10,hard_sl,EXTREME,28.44,0.00037143,0.12493000,0.4882734331225482,1.0886096213879883,7875.514,closed,f,2026-09-29 22:53:27.553339,2026-09-30 01:04:43.067565,"{""rsi_14"": 46.67, ""z_score"": -1.7346, ""is_stale"": false, ""btc_score"": 43.3, ""macd_hist"": 0.00000491, ""btc_regime"": ""RANGING"", ""macd_value"": -0.00000385, ""wave_phase"": ""accelerating"", ""bb_position"": 0.0664, ""macd_signal"": -0.00000877, ""gap_at_entry"": -1.1283, ""volume_spike"": 1.33, ""z_score_tier"": ""low"", ""btc_trend_bias"": -0.037, ""momentum_score"": 38.1, ""momentum_state"": ""flat"", ""btc_linreg_bias"": 0.25, ""price_at_signal"": 0.12488, ""final_confidence"": 99, ""speed_percentile"": 91.3, ""staleness_minutes"": 1.16, ""price_acceleration"": 0.0122}"
15946,ZORA,Hermes-bb-bounce-v2-long+,LONG,-0.9604,-0.11,3,11.10,hard_sl,NORMAL,78.00,0.00001193,0.00780900,0.10244589576129245,0.5634524266871529,10957.79,closed,f,2026-10-05 10:28:39.38802,2026-10-05 13:31:17.178317,"{""rsi_14"": 55.81, ""z_score"": 2.0601, ""is_stale"": false, ""btc_score"": 56.8, ""macd_hist"": 0.00000308, ""btc_regime"": ""TRANSITIONING"", ""macd_value"": 0.00000549, ""wave_phase"": ""falling"", ""bb_position"": 1.015, ""macd_signal"": 0.00000241, ""gap_at_entry"": 0.0834, ""volume_spike"": 0.18, ""z_score_tier"": ""extreme_high"", ""btc_trend_bias"": 0.039, ""momentum_score"": 33.9, ""momentum_state"": ""rising"", ""btc_linreg_bias"": 0.25, ""price_at_signal"": 0.007821, ""final_confidence"": 92.0, ""speed_percentile"": 82.0, ""staleness_minutes"": 5.13, ""price_acceleration"": -0.0119}"
15777,LDO,Hermes-pump-chain-,SHORT,0.0817,0.05,5,11.10,trail_sl,EXTREME,27.54,0.00152500,0.44223000,0.011306333808198107,0.002261266761642132,129.20609,closed,f,2026-10-01 02:45:39.687263,2026-10-01 02:47:48.893341,"{""rsi_14"": 43.38, ""z_score"": -1.3312, ""is_stale"": false, ""btc_score"": 10.4, ""macd_hist"": -0.00004289, ""btc_regime"": ""BEAR_TREND"", ""macd_value"": -0.00108945, ""wave_phase"": ""decelerating"", ""bb_position"": 0.1672, ""macd_signal"": -0.00104655, ""gap_at_entry"": -1.8032, ""volume_spike"": 0.01, ""z_score_tier"": ""low"", ""btc_trend_bias"": -0.77, ""momentum_score"": 5.9, ""momentum_state"": ""falling"", ""btc_linreg_bias"": -0.125, ""price_at_signal"": 0.44858, ""final_confidence"": 99, ""speed_percentile"": 14.5, ""staleness_minutes"": 5.25, ""price_acceleration"": -0.011}"
15947,DYDX,Hermes-volume-breakout-long+,LONG,-1.2167,-0.27,5,22.10,hard_sl,HIGH,48.17,0.00052071,0.14790000,0.027045300878961794,0.9939148073022306,3941.0403,closed,f,2026-10-05 12:25:45.917752,2026-10-05 13:31:26.958081,"{""rsi_14"": 60.61, ""z_score"": 1.8172, ""is_stale"": false, ""btc_score"": 52.2, ""macd_hist"": 0.00010562, ""btc_regime"": ""RANGING_BULL"", ""macd_value"": 0.00017155, ""wave_phase"": ""accelerating"", ""bb_position"": 0.9543, ""macd_signal"": 0.00006592, ""gap_at_entry"": 0.444, ""volume_spike"": 0.0, ""z_score_tier"": ""high"", ""btc_trend_bias"": 0.0, ""momentum_score"": 28.5, ""momentum_state"": ""rising"", ""btc_linreg_bias"": 0.125, ""price_at_signal"": 0.14825, ""final_confidence"": 97.0, ""speed_percentile"": 69.6, ""staleness_minutes"": 4.21, ""price_acceleration"": 0.0085}"
15948,BANANA,Hermes-bb-squeeze+,LONG,0.5597,0.02,3,11.10,profit-monster-trail,NORMAL,59.00,0.00572857,4.02030000,0.4589,0.5373,,closed,f,2026-10-05 12:36:54.259467,2026-10-05 14:16:00.569847,"{""rsi_14"": 62.2, ""z_score"": 2.2338, ""is_stale"": true, ""btc_score"": 30.7, ""macd_hist"": 0.00318011, ""btc_regime"": ""RANGING"", ""macd_value"": 0.00803328, ""wave_phase"": ""accelerating"", ""bb_position"": 1.0585, ""macd_signal"": 0.00485317, ""gap_at_entry"": 1.0385, ""volume_spike"": 0.33, ""z_score_tier"": ""extreme_high"", ""btc_trend_bias"": -0.317, ""momentum_score"": 15.5, ""momentum_state"": ""rising"", ""btc_linreg_bias"": 0.0, ""price_at_signal"": 4.03795, ""final_confidence"": 90.0, ""speed_percentile"": 37.9, ""staleness_minutes"": 1.39, ""price_acceleration"": 0.0038}"
15764,DYDX,Hermes-pump-chain-,SHORT,0.2478,0.03,5,11.10,hard_sl,EXTREME,38.86,0.00069929,0.14528000,1.3009361233480197,0.5437775330396565,2131.8223,closed,f,2026-09-30 14:07:36.3931,2026-09-30 14:43:08.215375,"{""rsi_14"": 40.44, ""z_score"": -0.7937, ""is_stale"": false, ""btc_score"": 38.5, ""macd_hist"": 0.00000877, ""btc_regime"": ""RANGING_BEAR"", ""macd_value"": 0.00006966, ""wave_phase"": ""falling"", ""bb_position"": 0.3016, ""macd_signal"": 0.00006089, ""gap_at_entry"": 0.8571, ""volume_spike"": 1.0, ""z_score_tier"": ""neutral"", ""btc_trend_bias"": -0.145, ""momentum_score"": 13.8, ""momentum_state"": ""flat"", ""btc_linreg_bias"": -0.25, ""price_at_signal"": 0.14526, ""final_confidence"": 99, ""speed_percentile"": 32.9, ""staleness_minutes"": 1.28, ""price_acceleration"": -0.0016}"
15766,BLUR,Hermes-pump-chain-v5,LONG,0.9306,0.21,3,22.10,hard_sl,EXTREME,72.19,0.00020129,0.02159900,2.3751099587943867,0.2963100143525235,1312.0875,closed,f,2026-09-30 16:32:56.920948,2026-09-30 16:54:49.00849,"{""rsi_14"": 46.98, ""z_score"": 0.9574, ""is_stale"": false, ""btc_score"": 100.0, ""macd_hist"": 0.00002684, ""btc_regime"": ""BULL_TREND"", ""macd_value"": -0.00000673, ""wave_phase"": ""accelerating"", ""bb_position"": 0.7394, ""macd_signal"": -0.00003357, ""gap_at_entry"": 1.3788, ""volume_spike"": 0.05, ""z_score_tier"": ""neutral"", ""btc_trend_bias"": 0.999, ""momentum_score"": 30.8, ""momentum_state"": ""rising"", ""btc_linreg_bias"": 0.25, ""price_at_signal"": 0.021656, ""final_confidence"": 99, ""speed_percentile"": 73.3, ""staleness_minutes"": 1.22, ""price_acceleration"": 0.0085}"
15951,LDO,Hermes-doji-bottom-long,LONG,2.6793,0.12,5,22.10,profit-monster-trail,HIGH,65.45,0.00172500,0.45907000,0.5903,0.061,,closed,f,2026-10-05 14:56:30.920048,2026-10-05 15:08:19.610794,"{""rsi_14"": 42.78, ""z_score"": -0.3724, ""is_stale"": true, ""btc_score"": 4.5, ""macd_hist"": 0.00015918, ""btc_regime"": ""BEAR_TREND"", ""macd_value"": -0.00192306, ""wave_phase"": ""falling"", ""bb_position"": 0.4069, ""macd_signal"": -0.00208224, ""gap_at_entry"": -1.446, ""volume_spike"": 0.0, ""z_score_tier"": ""neutral"", ""btc_trend_bias"": -0.9, ""momentum_score"": 8.3, ""momentum_state"": ""falling"", ""btc_linreg_bias"": -0.25, ""price_at_signal"": 0.45928, ""final_confidence"": 95.0, ""speed_percentile"": 20.5, ""staleness_minutes"": 5.21, ""price_acceleration"": -0.0027}"
15767,LDO,Hermes-pump-chain-v5,LONG,-1.5270,-0.17,5,11.10,hard_sl,EXTREME,59.76,0.00160143,0.46823000,0.1836704183841333,1.1426008585524137,2990.5195,closed,f,2026-09-30 16:46:08.719654,2026-09-30 17:35:59.239266,"{""rsi_14"": 46.28, ""z_score"": 2.3049, ""is_stale"": false, ""btc_score"": 75.5, ""macd_hist"": 0.00011218, ""btc_regime"": ""BULL_TREND"", ""macd_value"": 0.00057827, ""wave_phase"": ""falling"", ""bb_position"": 1.0762, ""macd_signal"": 0.00046608, ""gap_at_entry"": -0.1223, ""volume_spike"": 0.65, ""z_score_tier"": ""extreme_high"", ""btc_trend_bias"": 0.456, ""momentum_score"": 27.6, ""momentum_state"": ""rising"", ""btc_linreg_bias"": 0.25, ""price_at_signal"": 0.46921, ""final_confidence"": 99, ""speed_percentile"": 66.5, ""staleness_minutes"": 1.25, ""price_acceleration"": -0.0058}"
15953,GMX,Hermes-bb-squeeze+,LONG,0.7438,0.03,3,11.10,profit-monster-trail,HIGH,67.68,0.02701429,8.71180000,0.7989,0.0585,,closed,f,2026-10-05 16:06:45.257471,2026-10-05 16:23:43.451427,"{""rsi_14"": 67.5, ""z_score"": 2.7071, ""is_stale"": false, ""btc_score"": 16.3, ""macd_hist"": 0.00716144, ""btc_regime"": ""BEAR_TREND"", ""macd_value"": 0.02110301, ""wave_phase"": ""bottoming"", ""bb_position"": 1.1768, ""macd_signal"": 0.01394157, ""gap_at_entry"": 1.6256, ""volume_spike"": 0.28, ""z_score_tier"": ""extreme_high"", ""btc_trend_bias"": -0.638, ""momentum_score"": 10.0, ""momentum_state"": ""rising"", ""btc_linreg_bias"": -0.375, ""price_at_signal"": 8.7672, ""final_confidence"": 89.0, ""speed_percentile"": 24.2, ""staleness_minutes"": 3.04, ""price_acceleration"": 0.006}"
15954,TURBO,Hermes-bb-squeeze+,LONG,-3.1073,-0.12,3,11.10,hard_max_loss,NORMAL,100.00,0.00000179,0.00106200,0.28248587570621136,0.9416195856873848,15278.114,closed,f,2026-10-05 20:21:58.563187,2026-10-06 00:36:36.677893,"{""rsi_14"": 75.0, ""z_score"": 2.3305, ""is_stale"": true, ""btc_score"": 54.3, ""macd_hist"": 0.00000083, ""btc_regime"": ""RANGING_BULL"", ""macd_value"": 0.00000223, ""wave_phase"": ""bottoming"", ""bb_position"": 1.0826, ""macd_signal"": 0.00000139, ""gap_at_entry"": 1.203, ""volume_spike"": 0.17, ""z_score_tier"": ""extreme_high"", ""btc_trend_bias"": 0.0, ""momentum_score"": 10.4, ""momentum_state"": ""rising"", ""btc_linreg_bias"": 0.25, ""price_at_signal"": 0.001062, ""final_confidence"": 89.0, ""speed_percentile"": 25.6, ""staleness_minutes"": 1.39, ""price_acceleration"": 0.0013}"
15765,DOT,"Hermes-pump-chain-v5,rs-s32",LONG,1.0374,0.23,5,22.10,hard_sl,EXTREME,77.35,0.00604286,1.22420000,2.6098676686816,0.10210749877470784,6841.4927,closed,f,2026-09-30 15:43:03.605585,2026-09-30 17:37:05.09825,"{""rsi_14"": 54.4, ""z_score"": 1.2742, ""is_stale"": false, ""btc_score"": 97.9, ""macd_hist"": 0.00100545, ""btc_regime"": ""TRANSITIONING"", ""macd_value"": 0.0003986, ""wave_phase"": ""accelerating"", ""bb_position"": 0.8186, ""macd_signal"": -0.00060685, ""gap_at_entry"": -0.6295, ""volume_spike"": 1.0, ""z_score_tier"": ""high"", ""btc_trend_bias"": 0.954, ""momentum_score"": 34.9, ""momentum_state"": ""flat"", ""btc_linreg_bias"": 0.25, ""price_at_signal"": 1.2264, ""final_confidence"": 99, ""speed_percentile"": 79.5, ""staleness_minutes"": 3.24, ""price_acceleration"": 0.0266}"
15778,CC,Hermes-pump-chain-v5,LONG,0.8301,0.03,3,11.10,pump_exit_dead_money,EXTREME,74.55,0.00038536,0.12649000,1.158194323661967,0.08301051466518618,7245.6187,closed,f,2026-10-01 02:50:43.898537,2026-10-01 04:51:29.517069,"{""rsi_14"": 63.6, ""z_score"": 1.4036, ""is_stale"": false, ""btc_score"": 6.2, ""macd_hist"": 0.00006367, ""btc_regime"": ""TRANSITIONING"", ""macd_value"": 0.00016737, ""wave_phase"": ""falling"", ""bb_position"": 0.8509, ""macd_signal"": 0.0001037, ""gap_at_entry"": 0.1919, ""volume_spike"": 0.23, ""z_score_tier"": ""high"", ""btc_trend_bias"": -0.862, ""momentum_score"": 26.9, ""momentum_state"": ""rising"", ""btc_linreg_bias"": -0.125, ""price_at_signal"": 0.12668, ""final_confidence"": 99, ""speed_percentile"": 66.0, ""staleness_minutes"": 6.08, ""price_acceleration"": -0.0163}"
15957,BLUR,Hermes-trend-ride+,LONG,0.8979,0.05,3,22.10,profit-monster-trail,NORMAL,94.32,0.00002293,0.02105000,0.6841,0,,closed,f,2026-10-05 21:47:43.932673,2026-10-05 22:10:45.825385,"{""rsi_14"": 48.65, ""z_score"": 1.413, ""is_stale"": false, ""btc_score"": 96.8, ""macd_hist"": 0.00000712, ""btc_regime"": ""BULL_TREND"", ""macd_value"": 0.00001965, ""wave_phase"": ""falling"", ""bb_position"": 0.8532, ""macd_signal"": 0.00001253, ""gap_at_entry"": 0.4197, ""volume_spike"": 0.48, ""z_score_tier"": ""high"", ""btc_trend_bias"": 0.929, ""momentum_score"": 24.1, ""momentum_state"": ""flat"", ""btc_linreg_bias"": 0.125, ""price_at_signal"": 0.021051, ""final_confidence"": 90.0, ""speed_percentile"": 58.6, ""staleness_minutes"": 0.6, ""price_acceleration"": -0.006}"
15958,IO,Hermes-trend-ride+,LONG,-3.5731,0.00,3,11.10,hard_max_loss,HIGH,65.00,0.00044143,0.17296000,0.10407030527288721,0.9944495837187786,9840.173,closed,f,2026-10-05 21:53:35.086424,2026-10-06 00:37:35.259226,"{""rsi_14"": 62.5, ""z_score"": -0.5647, ""is_stale"": false, ""btc_score"": 96.8, ""macd_hist"": 0.00000286, ""btc_regime"": ""BULL_TREND"", ""macd_value"": 0.00000882, ""wave_phase"": ""falling"", ""bb_position"": 0.3588, ""macd_signal"": 0.00000596, ""gap_at_entry"": 0.9054, ""volume_spike"": 0.29, ""z_score_tier"": ""neutral"", ""btc_trend_bias"": 0.929, ""momentum_score"": 37.3, ""momentum_state"": ""flat"", ""btc_linreg_bias"": 0.125, ""price_at_signal"": 0.17301, ""final_confidence"": 98.0, ""speed_percentile"": 89.7, ""staleness_minutes"": 6.02, ""price_acceleration"": -0.01}"
15779,AIXBT,Hermes-pump-chain-v5,LONG,0.9548,0.07,3,22.10,pump_exit_dead_money,EXTREME,81.82,0.00005571,0.02311900,1.1592196894329376,0.16004152428739266,7426.372,closed,f,2026-10-01 03:22:42.140264,2026-10-01 05:26:28.512305,"{""rsi_14"": 50.46, ""z_score"": 1.4178, ""is_stale"": true, ""btc_score"": 35.7, ""macd_hist"": 0.00000396, ""btc_regime"": ""RANGING_BEAR"", ""macd_value"": 0.00003771, ""wave_phase"": ""bottoming"", ""bb_position"": 0.8544, ""macd_signal"": 0.00003375, ""gap_at_entry"": 0.6626, ""volume_spike"": 0.11, ""z_score_tier"": ""high"", ""btc_trend_bias"": -0.208, ""momentum_score"": 13.6, ""momentum_state"": ""rising"", ""btc_linreg_bias"": -0.25, ""price_at_signal"": 0.023138, ""final_confidence"": 99, ""speed_percentile"": 33.3, ""staleness_minutes"": 1.34, ""price_acceleration"": 0.0002}"
15955,CRV,Hermes-mover+,LONG,-6.1452,-0.14,5,11.10,hard_max_loss,HIGH,72.37,0.00102857,0.37997000,0.047372160960079346,0.9921835934415865,6348.17,closed,f,2026-10-05 20:22:55.917547,2026-10-05 22:08:44.087267,"{""rsi_14"": 66.67, ""z_score"": 1.0385, ""is_stale"": true, ""btc_score"": 70.7, ""macd_hist"": 0.0001824, ""btc_regime"": ""BULL_TREND"", ""macd_value"": 0.00117933, ""wave_phase"": ""accelerating"", ""bb_position"": 0.7596, ""macd_signal"": 0.00099693, ""gap_at_entry"": 1.2329, ""volume_spike"": 0.17, ""z_score_tier"": ""high"", ""btc_trend_bias"": 0.348, ""momentum_score"": 14.3, ""momentum_state"": ""rising"", ""btc_linreg_bias"": 0.25, ""price_at_signal"": 0.37956, ""final_confidence"": 99, ""speed_percentile"": 35.1, ""staleness_minutes"": 1.3, ""price_acceleration"": 0.0055}"
15960,HBAR,Hermes-trend-ride+,LONG,-5.0796,-0.11,5,11.10,hard_max_loss,NORMAL,41.53,0.00019107,0.10237000,0.0732636514603807,0.9524274689850577,8819.822,closed,f,2026-10-05 22:18:38.005114,2026-10-06 00:45:37.827313,"{""rsi_14"": 68.0, ""z_score"": 0.5531, ""is_stale"": true, ""btc_score"": 98.0, ""macd_hist"": 0.00000404, ""btc_regime"": ""BULL_TREND"", ""macd_value"": 0.000097, ""wave_phase"": ""accelerating"", ""bb_position"": 0.6383, ""macd_signal"": 0.00009296, ""gap_at_entry"": 0.464, ""volume_spike"": 0.05, ""z_score_tier"": ""neutral"", ""btc_trend_bias"": 0.955, ""momentum_score"": 19.1, ""momentum_state"": ""rising"", ""btc_linreg_bias"": 0.375, ""price_at_signal"": 0.10246, ""final_confidence"": 95.0, ""speed_percentile"": 46.9, ""staleness_minutes"": 1.77, ""price_acceleration"": 0.0013}"
15961,ZRO,Hermes-trend-ride+,LONG,0.2131,0.01,5,22.10,profit-monster-trail,EXTREME,51.80,0.01206786,2.11170000,0.4215,0.0308,,closed,f,2026-10-05 22:47:43.707485,2026-10-05 23:14:14.263295,"{""rsi_14"": 56.76, ""z_score"": 0.9414, ""is_stale"": false, ""btc_score"": 81.5, ""macd_hist"": -0.0008702, ""btc_regime"": ""BULL_TREND"", ""macd_value"": 0.0014341, ""wave_phase"": ""accelerating"", ""bb_position"": 0.7354, ""macd_signal"": 0.0023043, ""gap_at_entry"": 1.0783, ""volume_spike"": 0.1, ""z_score_tier"": ""neutral"", ""btc_trend_bias"": 0.589, ""momentum_score"": 39.9, ""momentum_state"": ""flat"", ""btc_linreg_bias"": 0.25, ""price_at_signal"": 2.1053, ""final_confidence"": 99, ""speed_percentile"": 94.9, ""staleness_minutes"": 6.13, ""price_acceleration"": 0.0184}"
15956,MERL,Hermes-bb-squeeze+,LONG,-3.0832,-0.11,3,11.10,hard_max_loss,HIGH,57.09,0.00003743,0.03191500,0.37913206955977774,0.9368635437881894,9022.181,closed,f,2026-10-05 20:36:00.567388,2026-10-05 23:06:22.747771,"{""rsi_14"": 77.96, ""z_score"": 2.0832, ""is_stale"": false, ""btc_score"": 80.3, ""macd_hist"": 0.00000869, ""btc_regime"": ""BULL_TREND"", ""macd_value"": 0.00006399, ""wave_phase"": ""falling"", ""bb_position"": 1.0208, ""macd_signal"": 0.0000553, ""gap_at_entry"": 0.5789, ""volume_spike"": 0.6, ""z_score_tier"": ""extreme_high"", ""btc_trend_bias"": 0.562, ""momentum_score"": 22.4, ""momentum_state"": ""rising"", ""btc_linreg_bias"": 0.25, ""price_at_signal"": 0.031948, ""final_confidence"": 95.0, ""speed_percentile"": 54.8, ""staleness_minutes"": 1.04, ""price_acceleration"": -0.0032}"
15930,MNT,Hermes-bb-squeeze+,LONG,1.5085,0.03,5,11.10,profit-monster-trail,NORMAL,86.45,0.00073000,0.66292000,0.4797,0.0015,,closed,f,2026-10-04 23:23:44.010422,2026-10-05 00:20:52.774292,"{""rsi_14"": 61.29, ""z_score"": 3.3637, ""is_stale"": true, ""btc_score"": 96.2, ""macd_hist"": 0.00015691, ""btc_regime"": ""BULL_TREND"", ""macd_value"": 0.00056037, ""wave_phase"": ""bottoming"", ""bb_position"": 1.3409, ""macd_signal"": 0.00040347, ""gap_at_entry"": 1.0745, ""volume_spike"": 1.16, ""z_score_tier"": ""extreme_high"", ""btc_trend_bias"": 0.917, ""momentum_score"": 12.6, ""momentum_state"": ""rising"", ""btc_linreg_bias"": 0.375, ""price_at_signal"": 0.6632, ""final_confidence"": 94.0, ""speed_percentile"": 31.1, ""staleness_minutes"": 1.26, ""price_acceleration"": 0.0015}"
15189,SEI,Hermes-pullback-entry-,SHORT,2.1801,0.24,5,11.10,hard_tp,HIGH,,,0.04623700,1.3106386660034224,0.12111512425114193,13706.025,closed,f,2026-09-10 08:59:22.637929,2026-09-10 12:47:48.663571,"{""z_score"": 0.6073, ""is_stale"": false, ""macd_hist"": 0.00000253, ""macd_value"": -0.0000205, ""wave_phase"": ""accelerating"", ""bb_position"": 0.6518, ""macd_signal"": -0.00002303, ""z_score_tier"": ""neutral"", ""momentum_score"": 14.6, ""momentum_state"": ""flat"", ""price_at_signal"": 0.046326, ""speed_percentile"": 34.8, ""price_acceleration"": 0.0046}"
15949,SOL,Hermes-btc-pump-rider+,LONG,-6.2825,-0.15,5,11.10,cut-loser-MAE-GUARD,NORMAL,82.35,0.30000000,120.97000000,0.0951,0.963,,closed,f,2026-10-05 14:13:37.474236,2026-10-05 14:35:06.567104,"{""rsi_14"": 60.77, ""z_score"": 2.5398, ""is_stale"": true, ""btc_score"": 99.9, ""macd_hist"": 0.03553935, ""btc_regime"": ""BULL_TREND"", ""macd_value"": 0.13090404, ""wave_phase"": ""accelerating"", ""bb_position"": 1.135, ""macd_signal"": 0.09536469, ""gap_at_entry"": 0.3776, ""volume_spike"": 0.72, ""z_score_tier"": ""extreme_high"", ""btc_trend_bias"": 0.997, ""momentum_score"": 12.0, ""momentum_state"": ""rising"", ""btc_linreg_bias"": 1.0, ""price_at_signal"": 121.12, ""final_confidence"": 88.0, ""speed_percentile"": 29.2, ""staleness_minutes"": 0.94, ""price_acceleration"": 0.0052}"
15962,POL,Hermes-bb-squeeze+,LONG,-5.9828,-0.13,5,11.10,hard_max_loss,HIGH,64.14,0.00019893,0.10948000,0.16898063573255812,0.9910485933503734,20946.346,closed,f,2026-10-06 00:20:33.543663,2026-10-06 06:09:39.890189,"{""rsi_14"": 65.08, ""z_score"": 2.4871, ""is_stale"": false, ""btc_score"": 45.3, ""macd_hist"": 0.00005327, ""btc_regime"": ""TRANSITIONING"", ""macd_value"": 0.00015303, ""wave_phase"": ""falling"", ""bb_position"": 1.1218, ""macd_signal"": 0.00009975, ""gap_at_entry"": 0.779, ""volume_spike"": 0.97, ""z_score_tier"": ""extreme_high"", ""btc_trend_bias"": 0.0, ""momentum_score"": 35.9, ""momentum_state"": ""rising"", ""btc_linreg_bias"": -0.25, ""price_at_signal"": 0.109705, ""final_confidence"": 89.0, ""speed_percentile"": 88.0, ""staleness_minutes"": 4.99, ""price_acceleration"": -0.0057}"
15963,USELESS,Hermes-trend-ride+,LONG,-3.1123,-0.12,3,11.10,hard_max_loss,EXTREME,16.83,0.00091821,0.23809000,0.07980175563862227,0.9975219454827957,1566.1957,closed,f,2026-10-06 01:27:35.368185,2026-10-06 01:53:41.563877,"{""rsi_14"": 54.08, ""z_score"": -1.8375, ""is_stale"": false, ""btc_score"": 51.1, ""macd_hist"": -0.00027147, ""btc_regime"": ""TRANSITIONING"", ""macd_value"": -0.00044631, ""wave_phase"": ""accelerating"", ""bb_position"": 0.0406, ""macd_signal"": -0.00017484, ""gap_at_entry"": 0.4675, ""volume_spike"": 0.0, ""z_score_tier"": ""low"", ""btc_trend_bias"": 0.0, ""momentum_score"": 21.6, ""momentum_state"": ""falling"", ""btc_linreg_bias"": 0.25, ""price_at_signal"": 0.23939, ""final_confidence"": 90.0, ""speed_percentile"": 53.1, ""staleness_minutes"": 0.99, ""price_acceleration"": 0.0111}"
15964,SUPER,Hermes-trend-ride+,LONG,-2.9459,-0.11,3,11.10,hard_max_loss,HIGH,46.00,0.00064286,0.24033000,0.426496900095701,0.940373652893931,3635.114,closed,f,2026-10-06 01:48:50.34676,2026-10-06 02:49:25.460672,"{""rsi_14"": 58.82, ""z_score"": 0.9077, ""is_stale"": true, ""btc_score"": 7.5, ""macd_hist"": 0.00001805, ""btc_regime"": ""BEAR_TREND"", ""macd_value"": 0.00017603, ""wave_phase"": ""bottoming"", ""bb_position"": 0.7269, ""macd_signal"": 0.00015797, ""gap_at_entry"": 0.7244, ""volume_spike"": 0.55, ""z_score_tier"": ""neutral"", ""btc_trend_bias"": -0.832, ""momentum_score"": 2.1, ""momentum_state"": ""rising"", ""btc_linreg_bias"": -0.125, ""price_at_signal"": 0.2396, ""final_confidence"": 93.0, ""speed_percentile"": 5.1, ""staleness_minutes"": 1.07, ""price_acceleration"": 0.0005}"
15965,LTC,Hermes-pump-chain-,SHORT,-5.5671,-0.25,5,22.10,hard_max_loss,NORMAL,9.90,0.12117857,69.24600000,0.2296161511134099,0.9856164977038451,20853.84,closed,f,2026-10-06 03:29:41.410386,2026-10-06 09:17:15.249996,"{""rsi_14"": 50.0, ""z_score"": -1.7801, ""is_stale"": true, ""btc_score"": 10.0, ""macd_hist"": -0.01529689, ""btc_regime"": ""BEAR_TREND"", ""macd_value"": -0.05467506, ""wave_phase"": ""accelerating"", ""bb_position"": 0.055, ""macd_signal"": -0.03937816, ""gap_at_entry"": -0.6138, ""volume_spike"": 0.07, ""z_score_tier"": ""low"", ""btc_trend_bias"": -0.777, ""momentum_score"": 4.0, ""momentum_state"": ""flat"", ""btc_linreg_bias"": -0.25, ""price_at_signal"": 69.325, ""final_confidence"": 99, ""speed_percentile"": 9.7, ""staleness_minutes"": 1.14, ""price_acceleration"": 0.0031}"
15966,ENS,Hermes-oversold-bounce+,LONG,0.4000,0.01,5,11.10,profit-monster-trail,NORMAL,52.75,0.01497143,6.87510000,0.3534,0.7898,,closed,f,2026-10-06 12:57:56.17915,2026-10-06 15:15:12.271021,"{""rsi_14"": 28.57, ""z_score"": 0.1683, ""is_stale"": false, ""btc_score"": 92.3, ""macd_hist"": 0.00292346, ""btc_regime"": ""BULL_TREND"", ""macd_value"": -0.003773, ""wave_phase"": ""falling"", ""bb_position"": 0.5421, ""macd_signal"": -0.00669645, ""gap_at_entry"": -0.437, ""volume_spike"": 0.2, ""z_score_tier"": ""neutral"", ""btc_trend_bias"": 0.829, ""momentum_score"": 26.7, ""momentum_state"": ""rising"", ""btc_linreg_bias"": 0.125, ""price_at_signal"": 6.8513, ""final_confidence"": 98.0, ""speed_percentile"": 65.7, ""staleness_minutes"": 1.04, ""price_acceleration"": -0.0092}"
15967,AVAX,Hermes-mover+,LONG,4.4051,0.10,5,11.10,profit-monster-trail,HIGH,75.31,0.04421429,11.46400000,1.3826,0.2661,,closed,f,2026-10-06 14:22:55.232194,2026-10-06 15:14:13.228772,"{""rsi_14"": 62.63, ""z_score"": 1.207, ""is_stale"": false, ""btc_score"": 38.5, ""macd_hist"": 0.00418164, ""btc_regime"": ""RANGING"", ""macd_value"": 0.01663663, ""wave_phase"": ""accelerating"", ""bb_position"": 0.8017, ""macd_signal"": 0.01245499, ""gap_at_entry"": 0.5282, ""volume_spike"": 0.02, ""z_score_tier"": ""high"", ""btc_trend_bias"": -0.144, ""momentum_score"": 36.2, ""momentum_state"": ""falling"", ""btc_linreg_bias"": 0.125, ""price_at_signal"": 11.4845, ""final_confidence"": 95.0, ""speed_percentile"": 88.0, ""staleness_minutes"": 1.25, ""price_acceleration"": 0.009}"
15968,ZRO,Hermes-oversold-bounce+,LONG,5.0903,0.23,5,22.10,profit-monster-trail,EXTREME,31.47,0.01537857,2.18060000,1.3918,0,,closed,f,2026-10-06 17:27:44.067051,2026-10-06 17:38:05.685491,"{""rsi_14"": 58.7, ""z_score"": -0.0993, ""is_stale"": false, ""btc_score"": 8.0, ""macd_hist"": 0.00122018, ""btc_regime"": ""BEAR_TREND"", ""macd_value"": -0.00905174, ""wave_phase"": ""decelerating"", ""bb_position"": 0.4752, ""macd_signal"": -0.01027192, ""gap_at_entry"": -1.6905, ""volume_spike"": 0.44, ""z_score_tier"": ""neutral"", ""btc_trend_bias"": -0.822, ""momentum_score"": 10.2, ""momentum_state"": ""rising"", ""btc_linreg_bias"": -0.375, ""price_at_signal"": 2.17955, ""final_confidence"": 98.0, ""speed_percentile"": 24.0, ""staleness_minutes"": 1.3, ""price_acceleration"": -0.0104}"
15969,DOGE,Hermes-pump-chain-,SHORT,3.5871,0.08,5,11.10,rr_engine_resistance_break,NORMAL,35.32,0.00028286,0.09464500,0.47334777325796806,0.3719161075598195,5150.3413,closed,f,2026-10-06 17:44:02.764617,2026-10-06 19:09:53.105988,"{""rsi_14"": 43.31, ""z_score"": -0.7803, ""is_stale"": false, ""btc_score"": 19.2, ""macd_hist"": 0.00000478, ""btc_regime"": ""BEAR_TREND"", ""macd_value"": -0.00007225, ""wave_phase"": ""accelerating"", ""bb_position"": 0.3049, ""macd_signal"": -0.00007703, ""gap_at_entry"": -0.8314, ""volume_spike"": 0.01, ""z_score_tier"": ""neutral"", ""btc_trend_bias"": -0.573, ""momentum_score"": 23.3, ""momentum_state"": ""flat"", ""btc_linreg_bias"": -0.25, ""price_at_signal"": 0.094619, ""final_confidence"": 99, ""speed_percentile"": 56.6, ""staleness_minutes"": 1.54, ""price_acceleration"": 0.0047}"
15971,LTC,Hermes-pump-chain-,SHORT,13.6406,0.61,5,22.10,atr_trail_hit,NORMAL,28.49,0.15689286,69.31500000,3.52016158118733,0.0728558032171962,21346.121,closed,f,2026-10-06 20:07:49.950455,2026-10-07 02:03:36.07112,"{""rsi_14"": 49.15, ""z_score"": -1.6026, ""is_stale"": true, ""btc_score"": 34.0, ""macd_hist"": -0.01252907, ""btc_regime"": ""BEAR_TREND"", ""macd_value"": -0.07953061, ""wave_phase"": ""bottoming"", ""bb_position"": 0.0993, ""macd_signal"": -0.06700154, ""gap_at_entry"": -0.5758, ""volume_spike"": 0.27, ""z_score_tier"": ""low"", ""btc_trend_bias"": -0.243, ""momentum_score"": 10.4, ""momentum_state"": ""falling"", ""btc_linreg_bias"": -0.25, ""price_at_signal"": 69.1205, ""final_confidence"": 111.94263865759822, ""speed_percentile"": 25.6, ""staleness_minutes"": 2.13, ""price_acceleration"": 0.0003}"
15970,IO,Hermes-pump-chain-,SHORT,-3.1480,-0.12,3,11.10,hard_max_loss,EXTREME,38.00,0.00102143,0.17154000,0.5421476040573547,0.8219657222805146,7648.922,closed,f,2026-10-06 19:25:10.74566,2026-10-06 21:32:39.667617,"{""rsi_14"": 41.03, ""z_score"": -2.2894, ""is_stale"": true, ""btc_score"": 5.1, ""macd_hist"": -0.00014914, ""btc_regime"": ""BEAR_TREND"", ""macd_value"": -0.00031781, ""wave_phase"": ""bottoming"", ""bb_position"": -0.0724, ""macd_signal"": -0.00016866, ""gap_at_entry"": -0.2117, ""volume_spike"": 0.13, ""z_score_tier"": ""extreme_low"", ""btc_trend_bias"": -0.887, ""momentum_score"": 10.8, ""momentum_state"": ""falling"", ""btc_linreg_bias"": -0.375, ""price_at_signal"": 0.17212, ""final_confidence"": 211.13252563354692, ""speed_percentile"": 26.3, ""staleness_minutes"": 0.24, ""price_acceleration"": 0.0011}"
15972,APT,Hermes-pump-chain-,SHORT,23.8935,0.53,5,11.10,trail_sl,EXTREME,13.10,0.00280000,0.82450000,5.9672528805336595,0.1334141904184342,2250.0217,closed,f,2026-10-07 01:32:33.927261,2026-10-07 02:10:03.949058,"{""rsi_14"": 42.31, ""z_score"": -2.0034, ""is_stale"": true, ""btc_score"": 0.0, ""macd_hist"": -0.00059436, ""btc_regime"": ""BEAR_TREND"", ""macd_value"": -0.00113792, ""wave_phase"": ""accelerating"", ""bb_position"": -0.0009, ""macd_signal"": -0.00054356, ""gap_at_entry"": -0.7735, ""volume_spike"": 0.55, ""z_score_tier"": ""extreme_low"", ""btc_trend_bias"": -1.0, ""momentum_score"": 4.4, ""momentum_state"": ""falling"", ""btc_linreg_bias"": -0.375, ""price_at_signal"": 0.8236, ""final_confidence"": 65.86999629462026, ""speed_percentile"": 10.9, ""staleness_minutes"": 4.18, ""price_acceleration"": 0.002}"
15974,IMX,Hermes-pump-chain+,LONG,-1.6688,-0.07,5,22.10,hard_max_loss,EXTREME,89.68,0.00072857,0.17677000,0.16405498670588034,0.18102619222719618,1558.9161,closed,f,2026-10-07 05:32:37.036991,2026-10-07 05:58:35.95316,"{""rsi_14"": 65.52, ""z_score"": 1.4264, ""is_stale"": false, ""btc_score"": 37.8, ""macd_hist"": 0.00005202, ""btc_regime"": ""RANGING"", ""macd_value"": 0.00026715, ""wave_phase"": ""accelerating"", ""bb_position"": 0.8566, ""macd_signal"": 0.00021513, ""gap_at_entry"": -1.5735, ""volume_spike"": 0.22, ""z_score_tier"": ""high"", ""btc_trend_bias"": -0.16, ""momentum_score"": 23.9, ""momentum_state"": ""rising"", ""btc_linreg_bias"": 0.0, ""price_at_signal"": 0.17655, ""final_confidence"": 259.09806073784233, ""speed_percentile"": 57.1, ""staleness_minutes"": 1.26, ""price_acceleration"": 0.0087}"
15975,ADA,Hermes-pump-chain-,SHORT,-1.4207,-0.06,5,22.10,hard_max_loss,HIGH,31.96,0.00051000,0.25692000,-0.04670714619337109,0.1946131091390318,926.41785,closed,f,2026-10-07 08:08:07.270476,2026-10-07 08:23:33.688328,"{""rsi_14"": 56.25, ""z_score"": -2.2225, ""is_stale"": false, ""btc_score"": 11.3, ""macd_hist"": -0.00012878, ""btc_regime"": ""RANGING"", ""macd_value"": -0.00003267, ""wave_phase"": ""falling"", ""bb_position"": -0.0556, ""macd_signal"": 0.00009611, ""gap_at_entry"": -0.1153, ""volume_spike"": 0.94, ""z_score_tier"": ""extreme_low"", ""btc_trend_bias"": -0.749, ""momentum_score"": 19.9, ""momentum_state"": ""falling"", ""btc_linreg_bias"": 0.0, ""price_at_signal"": 0.257025, ""final_confidence"": 67.13123273086228, ""speed_percentile"": 48.6, ""staleness_minutes"": 1.67, ""price_acceleration"": -0.0026}"
15976,LDO,Hermes-pump-chain-,SHORT,-1.6102,-0.07,5,22.10,hard_max_loss,EXTREME,7.49,0.00120357,0.43473000,-0.025303061670461893,0.1426172566880614,848.7729,closed,f,2026-10-07 08:19:37.975034,2026-10-07 08:33:46.747906,"{""rsi_14"": 47.17, ""z_score"": -1.9008, ""is_stale"": true, ""btc_score"": 2.6, ""macd_hist"": -0.00024125, ""btc_regime"": ""BEAR_TREND"", ""macd_value"": -0.00055613, ""wave_phase"": ""accelerating"", ""bb_position"": 0.0248, ""macd_signal"": -0.00031488, ""gap_at_entry"": -0.9122, ""volume_spike"": 0.0, ""z_score_tier"": ""low"", ""btc_trend_bias"": -0.942, ""momentum_score"": 3.0, ""momentum_state"": ""falling"", ""btc_linreg_bias"": -0.25, ""price_at_signal"": 0.43586, ""final_confidence"": 77.20559574432325, ""speed_percentile"": 7.4, ""staleness_minutes"": 1.2, ""price_acceleration"": 0.0012}"
15977,LDO,Hermes-pump-chain+,LONG,-3.1514,-0.14,5,22.10,hard_max_loss,EXTREME,71.20,0.00169500,0.43314000,0.2724292376598695,0.1223622847116476,400.64404,closed,f,2026-10-07 10:31:50.886553,2026-10-07 10:38:31.530593,"{""rsi_14"": 60.56, ""z_score"": 1.1167, ""is_stale"": false, ""btc_score"": 17.3, ""macd_hist"": 0.00011511, ""btc_regime"": ""BEAR_TREND"", ""macd_value"": 0.00075395, ""wave_phase"": ""accelerating"", ""bb_position"": 0.7792, ""macd_signal"": 0.00063884, ""gap_at_entry"": -0.3394, ""volume_spike"": 0.32, ""z_score_tier"": ""high"", ""btc_trend_bias"": -0.616, ""momentum_score"": 29.3, ""momentum_state"": ""rising"", ""btc_linreg_bias"": -0.25, ""price_at_signal"": 0.43482, ""final_confidence"": 55.21619878674195, ""speed_percentile"": 70.3, ""staleness_minutes"": 3.45, ""price_acceleration"": 0.0069}"
15978,GRASS,Hermes-pump-chain-,SHORT,-0.0046,0.00,3,11.10,atr_trail_hit,EXTREME,40.92,0.00299071,0.64535000,7.027194545595414,-0.13945920818160873,2.308432,closed,f,2026-10-07 12:47:18.116585,2026-10-07 12:47:20.425017,"{""rsi_14"": 52.92, ""z_score"": -1.0945, ""is_stale"": false, ""btc_score"": 4.4, ""macd_hist"": -0.00020516, ""btc_regime"": ""BEAR_TREND"", ""macd_value"": -0.00074576, ""wave_phase"": ""accelerating"", ""bb_position"": 0.2264, ""macd_signal"": -0.00054061, ""gap_at_entry"": -1.4067, ""volume_spike"": 0.36, ""z_score_tier"": ""low"", ""btc_trend_bias"": -0.901, ""momentum_score"": 14.6, ""momentum_state"": ""falling"", ""btc_linreg_bias"": -0.375, ""price_at_signal"": 0.6456, ""final_confidence"": 62.19046273101352, ""speed_percentile"": 35.2, ""staleness_minutes"": 0.3, ""price_acceleration"": 0.0107}"
15980,APT,Hermes-pump-chain-,SHORT,-0.4658,-0.10,5,22.10,hard_sl,EXTREME,23.28,0.00255000,0.75140000,0.5589566143199337,0.05323396326857426,595.9376,closed,f,2026-10-07 13:41:32.332835,2026-10-07 13:51:28.270451,"{""rsi_14"": 47.62, ""z_score"": -3.9654, ""is_stale"": false, ""btc_score"": 1.5, ""macd_hist"": -0.00034853, ""btc_regime"": ""BEAR_TREND"", ""macd_value"": -0.00113954, ""wave_phase"": ""accelerating"", ""bb_position"": -0.4913, ""macd_signal"": -0.00079101, ""gap_at_entry"": -1.5637, ""volume_spike"": 0.61, ""z_score_tier"": ""extreme_low"", ""btc_trend_bias"": -0.967, ""momentum_score"": 26.0, ""momentum_state"": ""falling"", ""btc_linreg_bias"": -0.375, ""price_at_signal"": 0.7505, ""final_confidence"": 91.2184013734398, ""speed_percentile"": 63.4, ""staleness_minutes"": 1.22, ""price_acceleration"": 0.0065}"
15981,FOGO,Hermes-pump-chain+,LONG,-1.6507,-0.06,3,11.10,hard_max_loss,EXTREME,82.35,0.00002786,0.00490700,-0.04075810067251407,0.4483391073976018,529.57117,closed,f,2026-10-07 18:09:33.712164,2026-10-07 18:18:23.283347,"{""rsi_14"": 70.0, ""z_score"": 2.2393, ""is_stale"": false, ""btc_score"": 48.2, ""macd_hist"": 0.00000891, ""btc_regime"": ""TRANSITIONING"", ""macd_value"": 0.00000671, ""wave_phase"": ""accelerating"", ""bb_position"": 1.0598, ""macd_signal"": -0.0000022, ""gap_at_entry"": 0.2249, ""volume_spike"": 0.13, ""z_score_tier"": ""extreme_high"", ""btc_trend_bias"": 0.0, ""momentum_score"": 32.9, ""momentum_state"": ""rising"", ""btc_linreg_bias"": -0.25, ""price_at_signal"": 0.004908, ""final_confidence"": 107.84113942978152, ""speed_percentile"": 78.9, ""staleness_minutes"": 1.36, ""price_acceleration"": 0.0164}"
15982,DOT,Hermes-pump-chain+,LONG,1.6738,0.07,5,22.10,pump_exit_dead_money,HIGH,75.32,0.00342857,1.10530000,0.8685424771555282,0.2668958653759168,9901.678,closed,f,2026-10-07 18:51:30.036683,2026-10-07 21:36:31.714219,"{""rsi_14"": 66.67, ""z_score"": 1.7499, ""is_stale"": false, ""btc_score"": 54.1, ""macd_hist"": 0.00029513, ""btc_regime"": ""RANGING_BULL"", ""macd_value"": 0.00121572, ""wave_phase"": ""accelerating"", ""bb_position"": 0.9375, ""macd_signal"": 0.00092059, ""gap_at_entry"": 0.2769, ""volume_spike"": 1.15, ""z_score_tier"": ""high"", ""btc_trend_bias"": 0.0, ""momentum_score"": 12.1, ""momentum_state"": ""rising"", ""btc_linreg_bias"": 0.25, ""price_at_signal"": 1.10465, ""final_confidence"": 87.59545245063114, ""speed_percentile"": 29.1, ""staleness_minutes"": 1.22, ""price_acceleration"": 0.0067}"
15983,GOAT,Hermes-pump-chain-v5,LONG,-1.7275,-0.06,3,11.10,hard_max_loss,HIGH,97.58,0.00002871,0.01719200,-0.017449976733361627,0.48859934853418613,3537.822,closed,f,2026-10-07 20:29:37.672597,2026-10-07 21:28:35.49468,"{""rsi_14"": 43.97, ""z_score"": 1.1896, ""is_stale"": true, ""btc_score"": 82.3, ""macd_hist"": 0.00000768, ""btc_regime"": ""BULL_TREND"", ""macd_value"": 0.00002835, ""wave_phase"": ""decelerating"", ""bb_position"": 0.7974, ""macd_signal"": 0.00002067, ""gap_at_entry"": 0.2973, ""volume_spike"": 0.58, ""z_score_tier"": ""high"", ""btc_trend_bias"": 0.607, ""momentum_score"": 13.0, ""momentum_state"": ""flat"", ""btc_linreg_bias"": 0.375, ""price_at_signal"": 0.01715, ""final_confidence"": 91.12318411348151, ""speed_percentile"": 32.0, ""staleness_minutes"": 1.3, ""price_acceleration"": -0.0007}"
15984,CRV,Hermes-pump-chain+,LONG,42.3397,0.94,5,11.10,atr_trail_hit,EXTREME,82.38,0.00100857,0.35971000,9.863501153707157,0.013900086180532789,11036.329,closed,f,2026-10-07 22:17:44.816786,2026-10-08 01:21:41.145872,"{""rsi_14"": 52.17, ""z_score"": 2.5764, ""is_stale"": false, ""btc_score"": 47.3, ""macd_hist"": 0.00035254, ""btc_regime"": ""RANGING_BEAR"", ""macd_value"": 0.00075039, ""wave_phase"": ""accelerating"", ""bb_position"": 1.1441, ""macd_signal"": 0.00039785, ""gap_at_entry"": 1.1884, ""volume_spike"": 0.41, ""z_score_tier"": ""extreme_high"", ""btc_trend_bias"": 0.0, ""momentum_score"": 38.3, ""momentum_state"": ""rising"", ""btc_linreg_bias"": -0.25, ""price_at_signal"": 0.35976, ""final_confidence"": 91.96495094191009, ""speed_percentile"": 93.2, ""staleness_minutes"": 1.25, ""price_acceleration"": 0.0058}"
15919,DOT,Hermes-bb-bounce-v3-long+,LONG,1.4220,0.06,5,22.10,profit-monster-trail,NORMAL,59.76,0.00236429,1.19550000,0.5772,0.0293,,closed,f,2026-10-04 18:05:29.520403,2026-10-04 18:23:36.003152,"{""rsi_14"": 47.49, ""z_score"": -0.7761, ""is_stale"": false, ""btc_score"": 35.2, ""macd_hist"": -0.00019388, ""btc_regime"": ""RANGING"", ""macd_value"": -0.00009602, ""wave_phase"": ""falling"", ""bb_position"": 0.306, ""macd_signal"": 0.00009786, ""gap_at_entry"": -0.1467, ""volume_spike"": 0.04, ""z_score_tier"": ""neutral"", ""btc_trend_bias"": -0.218, ""momentum_score"": 21.8, ""momentum_state"": ""flat"", ""btc_linreg_bias"": 0.25, ""price_at_signal"": 1.19145, ""final_confidence"": 99, ""speed_percentile"": 53.4, ""staleness_minutes"": 4.97, ""price_acceleration"": -0.0055}"
15751,CRV,Hermes-pump-chain-,SHORT,4.9040,0.55,5,11.10,hard_sl,EXTREME,32.04,0.00477857,0.40171000,6.049139926812872,0.4455950810286062,8744.699,closed,f,2026-09-29 15:37:25.128638,2026-09-29 18:03:09.827626,"{""rsi_14"": 58.44, ""z_score"": -1.3976, ""is_stale"": false, ""btc_score"": 0.0, ""macd_hist"": -0.00096219, ""btc_regime"": ""BEAR_TREND"", ""macd_value"": -0.00116938, ""wave_phase"": ""accelerating"", ""bb_position"": 0.1506, ""macd_signal"": -0.00020719, ""gap_at_entry"": 0.4181, ""volume_spike"": 0.39, ""z_score_tier"": ""low"", ""btc_trend_bias"": -1.0, ""momentum_score"": 9.7, ""momentum_state"": ""falling"", ""btc_linreg_bias"": -1.0, ""price_at_signal"": 0.4025, ""final_confidence"": 99, ""speed_percentile"": 23.6, ""staleness_minutes"": 9.2, ""price_acceleration"": 0.018}"
15920,DOT,Hermes-bb-squeeze+,LONG,1.1243,0.05,5,22.10,profit-monster-trail,NORMAL,73.16,0.00245357,1.20080000,0.5954,0.179,,closed,f,2026-10-04 18:30:12.192576,2026-10-04 19:09:02.766428,"{""rsi_14"": 61.36, ""z_score"": 2.0457, ""is_stale"": false, ""btc_score"": 30.7, ""macd_hist"": 0.00024366, ""btc_regime"": ""RANGING"", ""macd_value"": 0.0024988, ""wave_phase"": ""accelerating"", ""bb_position"": 1.0114, ""macd_signal"": 0.00225514, ""gap_at_entry"": 0.8765, ""volume_spike"": 0.13, ""z_score_tier"": ""extreme_high"", ""btc_trend_bias"": -0.319, ""momentum_score"": 24.5, ""momentum_state"": ""rising"", ""btc_linreg_bias"": 0.125, ""price_at_signal"": 1.20425, ""final_confidence"": 89.0, ""speed_percentile"": 60.2, ""staleness_minutes"": 0.21, ""price_acceleration"": 0.0057}"
15773,BTC,Hermes-bb-bounce-v2-long+,LONG,-0.0012,0.00,5,11.10,HL_CLOSED,NORMAL,81.16,96.49142857,83650.00000000,0.0005977286312014345,0.0005977286312014345,80.126045,closed,f,2026-09-30 20:32:40.311711,2026-09-30 20:34:00.437759,"{""rsi_14"": 77.32, ""z_score"": 1.5369, ""is_stale"": true, ""btc_score"": 26.0, ""macd_hist"": 16.26494244, ""btc_regime"": ""BEAR_TREND"", ""macd_value"": 49.64502484, ""wave_phase"": ""accelerating"", ""bb_position"": 0.8842, ""macd_signal"": 33.3800824, ""gap_at_entry"": -0.2169, ""volume_spike"": 0.41, ""z_score_tier"": ""high"", ""btc_trend_bias"": -0.423, ""momentum_score"": 10.9, ""momentum_state"": ""flat"", ""btc_linreg_bias"": -0.375, ""price_at_signal"": 83751.5, ""final_confidence"": 93.8, ""speed_percentile"": 26.4, ""staleness_minutes"": 6.23, ""price_acceleration"": 0.0013}"
15934,LDO,Hermes-bb-squeeze+,LONG,2.8723,0.13,5,22.10,profit-monster-trail,NORMAL,99.51,0.00126714,0.47349000,0.906,0,,closed,f,2026-10-05 03:03:33.621485,2026-10-05 03:12:48.859296,"{""rsi_14"": 64.89, ""z_score"": 2.8106, ""is_stale"": false, ""btc_score"": 65.8, ""macd_hist"": 0.00055959, ""btc_regime"": ""RANGING"", ""macd_value"": 0.00134554, ""wave_phase"": ""accelerating"", ""bb_position"": 1.2027, ""macd_signal"": 0.00078595, ""gap_at_entry"": 1.9306, ""volume_spike"": 0.69, ""z_score_tier"": ""extreme_high"", ""btc_trend_bias"": 0.24, ""momentum_score"": 24.4, ""momentum_state"": ""rising"", ""btc_linreg_bias"": 0.0, ""price_at_signal"": 0.47412, ""final_confidence"": 90.0, ""speed_percentile"": 59.6, ""staleness_minutes"": 4.02, ""price_acceleration"": 0.0073}"
15775,HBAR,Hermes-pump-chain-,SHORT,0.3698,0.04,5,11.10,trail_sl,EXTREME,45.88,0.00033321,0.10545000,1.697486960644855,0.04741583688952904,12974.26,closed,f,2026-09-30 23:37:45.942717,2026-10-01 03:14:00.201995,"{""rsi_14"": 50.0, ""z_score"": -2.5047, ""is_stale"": false, ""btc_score"": 3.6, ""macd_hist"": -0.00002168, ""btc_regime"": ""TRANSITIONING"", ""macd_value"": -0.00004841, ""wave_phase"": ""accelerating"", ""bb_position"": -0.1262, ""macd_signal"": -0.00002673, ""gap_at_entry"": -1.5315, ""volume_spike"": 0.3, ""z_score_tier"": ""extreme_low"", ""btc_trend_bias"": -0.919, ""momentum_score"": 40.2, ""momentum_state"": ""falling"", ""btc_linreg_bias"": -0.25, ""price_at_signal"": 0.105145, ""final_confidence"": 99, ""speed_percentile"": 95.6, ""staleness_minutes"": 1.92, ""price_acceleration"": 0.0156}"
15937,MET,Hermes-mtf-regime-trend-,SHORT,1.3767,0.05,3,11.10,profit-monster-trail,NORMAL,28.96,0.00089821,0.29855000,0.7603,0.0033,,closed,f,2026-10-05 03:46:51.617579,2026-10-05 04:03:09.319873,"{""rsi_14"": 37.66, ""z_score"": -1.5851, ""is_stale"": true, ""btc_score"": 5.6, ""macd_hist"": -0.00022089, ""btc_regime"": ""BEAR_TREND"", ""macd_value"": -0.00055042, ""wave_phase"": ""decelerating"", ""bb_position"": 0.1037, ""macd_signal"": -0.00032954, ""gap_at_entry"": -0.9228, ""volume_spike"": 0.59, ""z_score_tier"": ""low"", ""btc_trend_bias"": -0.876, ""momentum_score"": 4.5, ""momentum_state"": ""falling"", ""btc_linreg_bias"": -0.25, ""price_at_signal"": 0.299785, ""final_confidence"": 96.0, ""speed_percentile"": 11.2, ""staleness_minutes"": 2.41, ""price_acceleration"": -0.0016}"
15941,RESOLV,Hermes-bb-squeeze+,LONG,0.4275,0.02,3,11.10,profit-monster-trail,HIGH,61.98,0.00008643,0.01964700,0.5548,0.2545,,closed,f,2026-10-05 06:51:31.39972,2026-10-05 07:30:30.427727,"{""rsi_14"": 50.39, ""z_score"": 2.5103, ""is_stale"": false, ""btc_score"": 49.3, ""macd_hist"": 0.00000024, ""btc_regime"": ""RANGING"", ""macd_value"": 0.00001228, ""wave_phase"": ""accelerating"", ""bb_position"": 1.1276, ""macd_signal"": 0.00001204, ""gap_at_entry"": 0.8487, ""volume_spike"": 1.0, ""z_score_tier"": ""extreme_high"", ""btc_trend_bias"": 0.0, ""momentum_score"": 38.7, ""momentum_state"": ""rising"", ""btc_linreg_bias"": 0.0, ""price_at_signal"": 0.019574, ""final_confidence"": 89.0, ""speed_percentile"": 91.9, ""staleness_minutes"": 1.09, ""price_acceleration"": 0.0246}"
15757,COMP,Hermes-volume-breakout-long+,LONG,42.1170,0.94,5,11.10,HARD_SL_FAILED,EXTREME,55.01,0.07857143,24.87700000,6.339188808939992,1.2501507416489124,20622.354,closed,f,2026-09-29 19:41:16.453733,2026-09-30 01:24:58.807887,"{""rsi_14"": 58.06, ""z_score"": 1.4564, ""is_stale"": true, ""btc_score"": 35.3, ""macd_hist"": 0.00465756, ""btc_regime"": ""RANGING"", ""macd_value"": 0.03843915, ""wave_phase"": ""accelerating"", ""bb_position"": 0.8641, ""macd_signal"": 0.03378159, ""gap_at_entry"": 0.5799, ""volume_spike"": 0.84, ""z_score_tier"": ""high"", ""btc_trend_bias"": -0.215, ""momentum_score"": 0.2, ""momentum_state"": ""flat"", ""btc_linreg_bias"": 0.25, ""price_at_signal"": 24.95, ""final_confidence"": 99, ""speed_percentile"": 0.6, ""staleness_minutes"": 1.24, ""price_acceleration"": 0.0039}"
15763,COMP,Hermes-pump-chain-,SHORT,0.2345,0.03,5,11.10,hard_sl,EXTREME,29.59,0.09489286,25.15800000,1.6118133396931391,0.23451784720565028,7187.462,closed,f,2026-09-30 14:03:48.894579,2026-09-30 16:03:36.356477,"{""rsi_14"": 49.3, ""z_score"": -0.9596, ""is_stale"": false, ""btc_score"": 46.5, ""macd_hist"": 0.00813827, ""btc_regime"": ""TRANSITIONING"", ""macd_value"": -0.01206459, ""wave_phase"": ""falling"", ""bb_position"": 0.2601, ""macd_signal"": -0.02020286, ""gap_at_entry"": -0.6018, ""volume_spike"": 0.27, ""z_score_tier"": ""neutral"", ""btc_trend_bias"": 0.0, ""momentum_score"": 21.5, ""momentum_state"": ""falling"", ""btc_linreg_bias"": 0.0, ""price_at_signal"": 25.2105, ""final_confidence"": 99, ""speed_percentile"": 49.7, ""staleness_minutes"": 1.46, ""price_acceleration"": -0.024}"
15944,ETH,Hermes-bb-bounce-v2-long+,LONG,0.4232,0.02,5,22.10,profit-monster-trail,FLAT,43.90,3.40000000,2717.20000000,0.4067,0.2815,,closed,f,2026-10-05 09:16:35.273482,2026-10-05 14:21:01.265489,"{""rsi_14"": 56.82, ""z_score"": -0.9053, ""is_stale"": true, ""btc_score"": 23.7, ""macd_hist"": 0.2686895, ""btc_regime"": ""RANGING"", ""macd_value"": 0.05306953, ""wave_phase"": ""falling"", ""bb_position"": 0.2737, ""macd_signal"": -0.21561997, ""gap_at_entry"": -0.0201, ""volume_spike"": 0.68, ""z_score_tier"": ""neutral"", ""btc_trend_bias"": -0.474, ""momentum_score"": 7.4, ""momentum_state"": ""flat"", ""btc_linreg_bias"": 0.0, ""price_at_signal"": 2719.05, ""final_confidence"": 92.0, ""speed_percentile"": 18.0, ""staleness_minutes"": 1.17, ""price_acceleration"": -0.0033}"
15781,JUP,Hermes-pump-chain-v5,LONG,-3.0674,-0.07,5,11.10,hard_max_loss,EXTREME,36.63,0.00054464,0.33090000,0.025687518887865284,0.49864007252947723,2987.2544,closed,f,2026-10-01 05:49:40.370508,2026-10-01 06:39:27.624818,"{""rsi_14"": 77.18, ""z_score"": 1.2407, ""is_stale"": true, ""btc_score"": 99.1, ""macd_hist"": 0.00007369, ""btc_regime"": ""BULL_TREND"", ""macd_value"": 0.00007522, ""wave_phase"": ""bottoming"", ""bb_position"": 0.8102, ""macd_signal"": 0.00000153, ""gap_at_entry"": 0.5155, ""volume_spike"": 0.49, ""z_score_tier"": ""high"", ""btc_trend_bias"": 0.979, ""momentum_score"": 4.1, ""momentum_state"": ""flat"", ""btc_linreg_bias"": 0.375, ""price_at_signal"": 0.331975, ""final_confidence"": 99, ""speed_percentile"": 10.1, ""staleness_minutes"": 6.25, ""price_acceleration"": 0.001}"
15959,INJ,Hermes-trend-ride+,LONG,2.2886,0.10,5,22.10,profit-monster-trail,HIGH,66.67,0.01661071,7.64660000,0.4728,0,,closed,f,2026-10-05 22:18:28.002673,2026-10-05 22:47:03.590077,"{""rsi_14"": 75.23, ""z_score"": 0.4218, ""is_stale"": true, ""btc_score"": 98.0, ""macd_hist"": 0.00117771, ""btc_regime"": ""BULL_TREND"", ""macd_value"": 0.01093035, ""wave_phase"": ""decelerating"", ""bb_position"": 0.6055, ""macd_signal"": 0.00975264, ""gap_at_entry"": 0.5856, ""volume_spike"": 0.05, ""z_score_tier"": ""neutral"", ""btc_trend_bias"": 0.955, ""momentum_score"": 21.2, ""momentum_state"": ""flat"", ""btc_linreg_bias"": 0.375, ""price_at_signal"": 7.67675, ""final_confidence"": 99, ""speed_percentile"": 52.0, ""staleness_minutes"": 1.63, ""price_acceleration"": -0.0004}"
15952,GMX,Hermes-bb-squeeze+,LONG,2.1085,0.08,3,11.10,profit-monster-trail,HIGH,89.80,0.02591429,8.66480000,1.1818,0.2677,,closed,f,2026-10-05 15:21:44.110671,2026-10-05 16:04:39.18271,"{""rsi_14"": 24.02, ""z_score"": 2.435, ""is_stale"": true, ""btc_score"": 7.9, ""macd_hist"": 0.00692658, ""btc_regime"": ""BEAR_TREND"", ""macd_value"": 0.00674599, ""wave_phase"": ""bottoming"", ""bb_position"": 1.1088, ""macd_signal"": -0.00018059, ""gap_at_entry"": 1.2829, ""volume_spike"": 0.01, ""z_score_tier"": ""extreme_high"", ""btc_trend_bias"": -0.824, ""momentum_score"": 10.1, ""momentum_state"": ""rising"", ""btc_linreg_bias"": -1.0, ""price_at_signal"": 8.6369, ""final_confidence"": 90.0, ""speed_percentile"": 24.8, ""staleness_minutes"": 1.13, ""price_acceleration"": 0.0012}"
15782,ZORA,Hermes-bb-bounce-v3-long+,LONG,-2.8597,-0.11,3,11.10,hard_max_loss,HIGH,42.65,0.00001186,0.00797300,0.13796563401480738,0.4013545716794061,1365.7102,closed,f,2026-10-01 06:59:47.57263,2026-10-01 07:22:33.282823,"{""rsi_14"": 32.14, ""z_score"": 0.7303, ""is_stale"": true, ""btc_score"": 60.5, ""macd_hist"": 0.0000002, ""btc_regime"": ""RANGING"", ""macd_value"": 0.00000225, ""wave_phase"": ""falling"", ""bb_position"": 0.6826, ""macd_signal"": 0.00000204, ""gap_at_entry"": 0.0781, ""volume_spike"": 0.13, ""z_score_tier"": ""neutral"", ""btc_trend_bias"": 0.121, ""momentum_score"": 1.8, ""momentum_state"": ""flat"", ""btc_linreg_bias"": 0.0, ""price_at_signal"": 0.008, ""final_confidence"": 99, ""speed_percentile"": 4.4, ""staleness_minutes"": 5.25, ""price_acceleration"": -0.0019}"
15973,INJ,Hermes-pump-chain-,SHORT,-1.4331,-0.03,5,11.10,hard_max_loss,EXTREME,50.40,0.04230357,7.53630000,-0.0006634555418425948,0.0006634555418425948,109.4568,closed,f,2026-10-07 05:22:37.271502,2026-10-07 05:24:26.728306,"{""rsi_14"": 57.14, ""z_score"": -1.295, ""is_stale"": true, ""btc_score"": 21.0, ""macd_hist"": -0.00752341, ""btc_regime"": ""BEAR_TREND"", ""macd_value"": -0.00185259, ""wave_phase"": ""falling"", ""bb_position"": 0.1763, ""macd_signal"": 0.00567083, ""gap_at_entry"": -1.1232, ""volume_spike"": 0.31, ""z_score_tier"": ""low"", ""btc_trend_bias"": -0.532, ""momentum_score"": 5.9, ""momentum_state"": ""falling"", ""btc_linreg_bias"": -0.125, ""price_at_signal"": 7.5313, ""final_confidence"": 50.8553018199789, ""speed_percentile"": 14.3, ""staleness_minutes"": 1.22, ""price_acceleration"": -0.0023}"
15979,FIL,Hermes-pump-chain-,SHORT,-2.7004,-0.12,5,22.10,hard_max_loss,EXTREME,39.18,0.00311429,1.05540000,0.8195944665529491,0.15633882888005984,1298.2107,closed,f,2026-10-07 13:31:50.845742,2026-10-07 13:53:29.056404,"{""rsi_14"": 63.48, ""z_score"": -2.3182, ""is_stale"": true, ""btc_score"": 0.3, ""macd_hist"": -0.00038222, ""btc_regime"": ""BEAR_TREND"", ""macd_value"": -0.00025519, ""wave_phase"": ""falling"", ""bb_position"": -0.0795, ""macd_signal"": 0.00012703, ""gap_at_entry"": -1.2405, ""volume_spike"": 0.0, ""z_score_tier"": ""extreme_low"", ""btc_trend_bias"": -0.993, ""momentum_score"": 1.4, ""momentum_state"": ""falling"", ""btc_linreg_bias"": -0.375, ""price_at_signal"": 1.05195, ""final_confidence"": 53.00230109568645, ""speed_percentile"": 3.4, ""staleness_minutes"": 5.49, ""price_acceleration"": -0.0003}"
15857,ENS,Hermes-pump-chain+,LONG,9.1228,0.20,5,11.10,pump_exit_dead_money,EXTREME,69.08,0.01233571,6.73040000,2.8274693926066754,0.16492333293713263,8847.405,closed,f,2026-10-02 23:07:30.297394,2026-10-03 01:34:57.702987,"{""rsi_14"": 65.14, ""z_score"": 1.5948, ""is_stale"": false, ""btc_score"": 53.5, ""macd_hist"": 0.00056022, ""btc_regime"": ""RANGING_BULL"", ""macd_value"": 0.00735937, ""wave_phase"": ""falling"", ""bb_position"": 0.8987, ""macd_signal"": 0.00679915, ""gap_at_entry"": -0.1311, ""volume_spike"": 0.08, ""z_score_tier"": ""high"", ""btc_trend_bias"": 0.0, ""momentum_score"": 23.3, ""momentum_state"": ""rising"", ""btc_linreg_bias"": 0.125, ""price_at_signal"": 6.7205, ""final_confidence"": 99, ""speed_percentile"": 55.7, ""staleness_minutes"": 4.9, ""price_acceleration"": -0.0091}"
15786,ALGO,Hermes-pump-chain-,SHORT,-2.7036,-0.06,5,11.10,hard_max_loss,EXTREME,24.44,0.00051607,0.12576000,0.05168575063613986,0.28228371501271804,571.7943,closed,f,2026-10-01 08:09:56.478407,2026-10-01 08:19:28.27273,"{""rsi_14"": 44.17, ""z_score"": -1.8305, ""is_stale"": true, ""btc_score"": 0.4, ""macd_hist"": -0.00004891, ""btc_regime"": ""BEAR_TREND"", ""macd_value"": -0.00019442, ""wave_phase"": ""falling"", ""bb_position"": 0.0424, ""macd_signal"": -0.00014551, ""gap_at_entry"": -0.8397, ""volume_spike"": 1.46, ""z_score_tier"": ""low"", ""btc_trend_bias"": -0.991, ""momentum_score"": 17.7, ""momentum_state"": ""falling"", ""btc_linreg_bias"": -1.0, ""price_at_signal"": 0.12668, ""final_confidence"": 99, ""speed_percentile"": 43.4, ""staleness_minutes"": 1.35, ""price_acceleration"": -0.0086}"
15132,CC,Hermes-ema300-dip-long,LONG,-3.8239,-0.14,3,11.10,atr_sl_hit,HIGH,,,0.10905000,0.10545621274644658,1.2196240256762954,13553.317,closed,f,2026-09-09 05:29:33.810481,2026-09-09 09:15:27.128299,"{""rsi_14"": 36.23, ""z_score"": -0.9675, ""is_stale"": true, ""macd_hist"": -0.00001664, ""macd_value"": -0.00001643, ""wave_phase"": ""accelerating"", ""bb_position"": 0.2581, ""macd_signal"": 0.00000022, ""z_score_tier"": ""neutral"", ""momentum_score"": 1.0, ""momentum_state"": ""falling"", ""price_at_signal"": 0.109075, ""speed_percentile"": 2.5, ""price_acceleration"": 0.003}"
15788,CHIP,Hermes-pump-chain-,SHORT,-2.8465,-0.11,3,11.10,hard_max_loss,EXTREME,25.23,0.00019193,0.04257800,-0.04932124571374932,0.30297336652732426,228.56659,closed,f,2026-10-01 08:35:41.809677,2026-10-01 08:39:30.376261,"{""rsi_14"": 44.88, ""z_score"": -1.3309, ""is_stale"": false, ""btc_score"": 15.7, ""macd_hist"": -0.00000201, ""btc_regime"": ""BEAR_TREND"", ""macd_value"": -0.00002871, ""wave_phase"": ""accelerating"", ""bb_position"": 0.1673, ""macd_signal"": -0.0000267, ""gap_at_entry"": -2.2578, ""volume_spike"": 0.7, ""z_score_tier"": ""low"", ""btc_trend_bias"": -0.652, ""momentum_score"": 41.5, ""momentum_state"": ""falling"", ""btc_linreg_bias"": -0.375, ""price_at_signal"": 0.042494, ""final_confidence"": 99, ""speed_percentile"": 96.2, ""staleness_minutes"": 1.18, ""price_acceleration"": 0.0196}"
15789,BTC,Hermes-continuum-trend-,SHORT,-0.0276,-0.01,5,22.10,HL_CLOSED,FLAT,18.99,142.41428571,83317.00000000,0.037807410252409475,0.037807410252409475,76.07752,closed,f,2026-10-01 08:37:36.013558,2026-10-01 08:38:52.09108,"{""rsi_14"": 53.2, ""z_score"": 0.6378, ""is_stale"": false, ""btc_score"": 10.7, ""macd_hist"": 12.55185989, ""btc_regime"": ""BEAR_TREND"", ""macd_value"": -3.70363668, ""wave_phase"": ""accelerating"", ""bb_position"": 0.6595, ""macd_signal"": -16.25549657, ""gap_at_entry"": -0.5688, ""volume_spike"": 1.2, ""z_score_tier"": ""neutral"", ""btc_trend_bias"": -0.763, ""momentum_score"": 27.3, ""momentum_state"": ""flat"", ""btc_linreg_bias"": -0.375, ""price_at_signal"": 83351.5, ""final_confidence"": 99, ""speed_percentile"": 64.8, ""staleness_minutes"": 4.09, ""price_acceleration"": 0.0108}"
15489,W,Hermes-volume-breakout-long+,LONG,2.7933,0.31,5,11.10,hard_tp,EXTREME,75.00,0.00010500,0.01074000,2.979515828677848,0.1862197392923574,958.97504,closed,f,2026-09-18 16:01:53.827151,2026-09-18 16:17:52.802166,"{""rsi_14"": 77.5, ""z_score"": 0.4819, ""is_stale"": false, ""btc_score"": 57.8, ""macd_hist"": -0.00000046, ""btc_regime"": ""RANGING_BULL"", ""macd_value"": 0.00003091, ""wave_phase"": ""accelerating"", ""bb_position"": 0.6205, ""macd_signal"": 0.00003137, ""z_score_tier"": ""neutral"", ""btc_trend_bias"": 0.063, ""momentum_score"": 26.0, ""momentum_state"": ""falling"", ""btc_linreg_bias"": 0.25, ""price_at_signal"": 0.01078, ""speed_percentile"": 62.7, ""price_acceleration"": 0.016}"
15444,NEAR,Hermes-open-skies+,LONG,8.2130,0.19,5,11.10,atr_sl_hit,EXTREME,80.06,0.01630714,2.62390000,3.0355577575364916,0.5145013148366935,3585.1528,closed,f,2026-09-16 23:47:38.666497,2026-09-17 00:47:23.819321,"{""rsi_14"": 75.44, ""z_score"": 1.5374, ""is_stale"": false, ""btc_score"": 95.7, ""macd_hist"": -0.00124364, ""btc_regime"": ""BULL_TREND"", ""macd_value"": 0.00419152, ""wave_phase"": ""accelerating"", ""bb_position"": 0.8844, ""macd_signal"": 0.00543517, ""z_score_tier"": ""high"", ""btc_trend_bias"": 0.905, ""momentum_score"": 9.9, ""momentum_state"": ""rising"", ""btc_linreg_bias"": 0.375, ""price_at_signal"": 2.6144, ""speed_percentile"": 24.2, ""price_acceleration"": 0.0105}"
15131,ETH,Hermes-pullback-entry+,LONG,-0.9372,-0.02,5,11.10,rr_engine_resistance,NORMAL,,,2507.50000000,0.576271186440678,0.9870388833499502,32690.205,closed,f,2026-09-09 05:21:25.442973,2026-09-09 14:26:15.648381,"{""rsi_14"": 57.58, ""z_score"": 0.9134, ""is_stale"": false, ""macd_hist"": -0.58613641, ""macd_value"": -0.10260761, ""wave_phase"": ""falling"", ""bb_position"": 0.7284, ""macd_signal"": 0.4835288, ""z_score_tier"": ""neutral"", ""momentum_score"": 25.5, ""momentum_state"": ""rising"", ""price_at_signal"": 2505.15, ""speed_percentile"": 61.5, ""price_acceleration"": -0.0053}"
15235,FOGO,Hermes-pullback-entry-,SHORT,-2.4737,-0.09,3,11.10,rr_engine_resistance,NORMAL,,,0.00618500,0.6467259498787389,0.8084074373484236,2159.5146,closed,f,2026-09-11 09:32:28.701489,2026-09-11 10:08:28.216168,"{""z_score"": 1.0217, ""is_stale"": true, ""macd_hist"": 0.00000012, ""macd_value"": 0.00000133, ""wave_phase"": ""decelerating"", ""bb_position"": 0.7554, ""macd_signal"": 0.00000121, ""z_score_tier"": ""high"", ""momentum_score"": 1.2, ""momentum_state"": ""flat"", ""price_at_signal"": 0.006185, ""speed_percentile"": 3.1, ""price_acceleration"": -0.0014}"
15753,SOL,Hermes-doji-bottom-long,LONG,0.0850,0.00,5,11.10,profit-monster-trail,NORMAL,32.30,0.35142857,117.66000000,0.531191568927418,0.02124766275709672,,closed,f,2026-09-29 16:57:28.067895,2026-09-29 17:47:44.94829,"{""rsi_14"": 30.77, ""z_score"": -1.3978, ""is_stale"": false, ""btc_score"": 11.3, ""macd_hist"": -0.04665008, ""btc_regime"": ""BEAR_TREND"", ""macd_value"": -0.18077487, ""wave_phase"": ""falling"", ""bb_position"": 0.1506, ""macd_signal"": -0.13412479, ""gap_at_entry"": -1.227, ""volume_spike"": 0.38, ""z_score_tier"": ""low"", ""btc_trend_bias"": -0.749, ""momentum_score"": 11.4, ""momentum_state"": ""flat"", ""btc_linreg_bias"": -0.125, ""price_at_signal"": 117.835, ""final_confidence"": 95.0, ""speed_percentile"": 27.3, ""staleness_minutes"": 1.15, ""price_acceleration"": -0.0052}"
15145,LTC,Hermes-pullback-entry-,SHORT,0.6639,0.02,5,16.60,rr_engine_support_tp,NORMAL,,,54.22100000,0.17613101934674757,0.09498164917651833,113.49269,closed,f,2026-09-09 14:43:33.428855,2026-09-09 14:45:26.921544,"{""rsi_14"": 80.31, ""z_score"": 1.798, ""is_stale"": false, ""macd_hist"": 0.04798141, ""macd_value"": 0.05677691, ""wave_phase"": ""falling"", ""bb_position"": 0.9495, ""macd_signal"": 0.00879549, ""z_score_tier"": ""high"", ""momentum_score"": 23.4, ""momentum_state"": ""rising"", ""price_at_signal"": 54.008, ""speed_percentile"": 57.1, ""price_acceleration"": -0.0086}"
15146,INJ,Hermes-accel-300-v3-short-,SHORT,2.0876,0.09,5,22.10,atr_sl_hit,EXTREME,,,6.10740000,1.5628581720535744,0.12116448898058094,2269.909,closed,f,2026-09-09 14:58:31.147121,2026-09-09 15:36:21.056004,"{""rsi_14"": 18.52, ""z_score"": -1.8632, ""is_stale"": false, ""macd_hist"": -0.00805251, ""macd_value"": -0.01402427, ""wave_phase"": ""accelerating"", ""bb_position"": 0.0342, ""macd_signal"": -0.00597175, ""z_score_tier"": ""low"", ""momentum_score"": 22.8, ""momentum_state"": ""falling"", ""price_at_signal"": 6.11885, ""speed_percentile"": 55.3, ""price_acceleration"": 0.0016}"
15147,CAKE,Hermes-pump-chain-,SHORT,0.4788,0.02,3,11.10,atr_sl_hit,HIGH,,,2.25550000,1.2347594768344048,0.13079139880292617,2798.0842,closed,f,2026-09-09 15:15:45.008652,2026-09-09 16:02:23.092934,"{""rsi_14"": 21.19, ""z_score"": -2.2674, ""is_stale"": false, ""macd_hist"": -0.00201314, ""macd_value"": -0.00465994, ""wave_phase"": ""accelerating"", ""bb_position"": -0.0669, ""macd_signal"": -0.0026468, ""z_score_tier"": ""extreme_low"", ""momentum_score"": 26.9, ""momentum_state"": ""falling"", ""price_at_signal"": 2.2717, ""speed_percentile"": 64.0, ""price_acceleration"": 0.0113}"
15790,DYDX,Hermes-pump-chain-v5,LONG,-2.6345,-0.06,5,11.10,hard_max_loss,EXTREME,72.09,0.00063000,0.14424000,0.4298391569606085,0.49916805324459124,3422.277,closed,f,2026-10-01 08:41:30.730646,2026-10-01 09:38:33.00781,"{""rsi_14"": 56.36, ""z_score"": 2.9655, ""is_stale"": false, ""btc_score"": 9.2, ""macd_hist"": 0.00007252, ""btc_regime"": ""BEAR_TREND"", ""macd_value"": 0.0001571, ""wave_phase"": ""accelerating"", ""bb_position"": 1.2414, ""macd_signal"": 0.00008458, ""gap_at_entry"": -0.1412, ""volume_spike"": 0.03, ""z_score_tier"": ""extreme_high"", ""btc_trend_bias"": -0.796, ""momentum_score"": 38.0, ""momentum_state"": ""rising"", ""btc_linreg_bias"": -0.375, ""price_at_signal"": 0.14399, ""final_confidence"": 99, ""speed_percentile"": 87.4, ""staleness_minutes"": 1.19, ""price_acceleration"": 0.027}"
15148,ME,Hermes-accel-300-v3-short-,SHORT,-0.5676,-0.04,3,22.10,rr_engine_support_tp,NORMAL,,,0.06640000,0.8433734939759037,0.42168674698795183,6026.6123,closed,f,2026-09-09 15:15:55.01772,2026-09-09 16:56:21.6299,"{""rsi_14"": 38.05, ""z_score"": -2.7942, ""is_stale"": false, ""macd_hist"": -0.00002579, ""macd_value"": -0.00011301, ""wave_phase"": ""accelerating"", ""bb_position"": -0.1986, ""macd_signal"": -0.00008723, ""z_score_tier"": ""extreme_low"", ""momentum_score"": 26.3, ""momentum_state"": ""falling"", ""price_at_signal"": 0.06616, ""speed_percentile"": 64.0, ""price_acceleration"": 0.0061}"
15149,KAS,Hermes-pump-chain-,SHORT,-5.7235,-0.42,3,22.10,atr_sl_hit,EXTREME,,,0.03506600,0.6502024753322306,1.6996520846403924,2810.5073,closed,f,2026-09-09 15:17:31.227612,2026-09-09 16:04:21.734977,"{""rsi_14"": 20.58, ""z_score"": -2.2661, ""is_stale"": false, ""macd_hist"": -0.00006107, ""macd_value"": -0.00013791, ""wave_phase"": ""falling"", ""bb_position"": -0.0665, ""macd_signal"": -0.00007684, ""z_score_tier"": ""extreme_low"", ""momentum_score"": 25.6, ""momentum_state"": ""falling"", ""price_at_signal"": 0.035005, ""speed_percentile"": 62.1, ""price_acceleration"": -0.008}"
15150,FIL,Hermes-r2v2-long3,LONG,-6.4734,-0.14,5,11.10,atr_sl_hit,HIGH,,,0.84731000,0.08851541938605705,1.2274138154866578,651.16876,closed,f,2026-09-09 16:01:26.768087,2026-09-09 16:12:17.936857,"{""rsi_14"": 70.57, ""z_score"": 0.8948, ""is_stale"": false, ""macd_hist"": 0.00090017, ""macd_value"": 0.00308324, ""wave_phase"": ""falling"", ""bb_position"": 0.7237, ""macd_signal"": 0.00218307, ""z_score_tier"": ""neutral"", ""momentum_score"": 32.7, ""momentum_state"": ""flat"", ""price_at_signal"": 0.84926, ""speed_percentile"": 78.9, ""price_acceleration"": -0.0172}"
15792,HYPER,Hermes-pump-chain-v5,LONG,-1.9735,-0.07,3,11.10,hard_max_loss,NORMAL,63.13,0.00019671,0.07236000,1.0903814262023384,0.17136539524599106,4779.082,closed,f,2026-10-01 08:43:46.803241,2026-10-01 10:03:25.885033,"{""rsi_14"": 42.59, ""z_score"": 1.4858, ""is_stale"": false, ""btc_score"": 18.5, ""macd_hist"": 0.000013, ""btc_regime"": ""BEAR_TREND"", ""macd_value"": 0.00002338, ""wave_phase"": ""accelerating"", ""bb_position"": 0.8715, ""macd_signal"": 0.00001038, ""gap_at_entry"": -0.5182, ""volume_spike"": 0.27, ""z_score_tier"": ""high"", ""btc_trend_bias"": -0.589, ""momentum_score"": 24.2, ""momentum_state"": ""flat"", ""btc_linreg_bias"": -0.375, ""price_at_signal"": 0.072337, ""final_confidence"": 94.0, ""speed_percentile"": 56.0, ""staleness_minutes"": 2.5, ""price_acceleration"": 0.0141}"
15791,ALGO,Hermes-pump-chain-v5,LONG,-3.1865,-0.07,5,11.10,hard_max_loss,EXTREME,60.67,0.00052393,0.12710000,1.0385523210070933,0.3461841070023572,4847.677,closed,f,2026-10-01 08:43:34.79638,2026-10-01 10:04:22.473083,"{""rsi_14"": 44.53, ""z_score"": 1.738, ""is_stale"": false, ""btc_score"": 9.2, ""macd_hist"": 0.0000714, ""btc_regime"": ""BEAR_TREND"", ""macd_value"": 0.00016056, ""wave_phase"": ""accelerating"", ""bb_position"": 0.9345, ""macd_signal"": 0.00008915, ""gap_at_entry"": -0.33, ""volume_spike"": 0.27, ""z_score_tier"": ""high"", ""btc_trend_bias"": -0.796, ""momentum_score"": 23.7, ""momentum_state"": ""rising"", ""btc_linreg_bias"": -0.375, ""price_at_signal"": 0.1271, ""final_confidence"": 99, ""speed_percentile"": 54.7, ""staleness_minutes"": 3.26, ""price_acceleration"": 0.0133}"
15446,BIGTIME,"Hermes-rs-s36,volume-breakout-long+",LONG,-4.0418,-0.22,3,16.60,atr_sl_hit,HIGH,84.62,0.00002643,0.00727400,0.4399230134726423,1.3060214462469069,8123.6606,closed,f,2026-09-16 23:54:42.421299,2026-09-17 02:10:06.081812,"{""rsi_14"": 70.0, ""z_score"": 2.6625, ""is_stale"": false, ""btc_score"": 89.9, ""macd_hist"": 0.0000005, ""btc_regime"": ""BULL_TREND"", ""macd_value"": 0.00001478, ""wave_phase"": ""falling"", ""bb_position"": 1.1656, ""macd_signal"": 0.00001429, ""z_score_tier"": ""extreme_high"", ""btc_trend_bias"": 0.776, ""momentum_score"": 38.3, ""momentum_state"": ""rising"", ""btc_linreg_bias"": 0.375, ""price_at_signal"": 0.00727, ""speed_percentile"": 92.5, ""price_acceleration"": -0.006}"
15151,ICP,Hermes-pump-chain-,SHORT,-7.2909,-0.16,5,11.10,atr_sl_hit,HIGH,,,2.81860000,0.06386149152061307,1.2080465479315972,2690.4695,closed,f,2026-09-09 16:17:28.460172,2026-09-09 17:02:18.92968,"{""rsi_14"": 31.15, ""z_score"": -1.2526, ""is_stale"": false, ""macd_hist"": -0.00323424, ""macd_value"": -0.00869761, ""wave_phase"": ""accelerating"", ""bb_position"": 0.1868, ""macd_signal"": -0.00546337, ""z_score_tier"": ""low"", ""momentum_score"": 34.1, ""momentum_state"": ""falling"", ""price_at_signal"": 2.8269, ""speed_percentile"": 81.4, ""price_acceleration"": 0.0164}"
15252,ACE,Hermes-pump-chain-,SHORT,3.4199,0.13,3,11.10,rr_engine_resistance,HIGH,,,0.15790000,1.7099430018999366,0.18999366687777075,5611.0117,closed,f,2026-09-11 14:42:39.218331,2026-09-11 16:16:10.23028,"{""z_score"": -1.3575, ""is_stale"": false, ""macd_hist"": -0.00017959, ""macd_value"": -0.00049531, ""wave_phase"": ""accelerating"", ""bb_position"": 0.1606, ""macd_signal"": -0.00031572, ""z_score_tier"": ""low"", ""momentum_score"": 7.4, ""momentum_state"": ""falling"", ""price_at_signal"": 0.1577, ""speed_percentile"": 18.0, ""price_acceleration"": 0.0156}"
15756,NXPC,Hermes-doji-bottom-long,LONG,0.8898,0.03,3,11.10,profit-monster-trail,NORMAL,69.24,0.00053679,0.22927000,0.8919614428403193,0.04797836611855018,,closed,f,2026-09-29 18:11:37.362164,2026-09-29 19:38:25.75667,"{""rsi_14"": 14.29, ""z_score"": 1.4994, ""is_stale"": false, ""btc_score"": 42.7, ""macd_hist"": 0.00012588, ""btc_regime"": ""TRANSITIONING"", ""macd_value"": 0.00007026, ""wave_phase"": ""accelerating"", ""bb_position"": 0.8748, ""macd_signal"": -0.00005562, ""gap_at_entry"": -1.2013, ""volume_spike"": 0.52, ""z_score_tier"": ""high"", ""btc_trend_bias"": -0.051, ""momentum_score"": 11.0, ""momentum_state"": ""rising"", ""btc_linreg_bias"": -0.375, ""price_at_signal"": 0.227985, ""final_confidence"": 95.0, ""speed_percentile"": 25.5, ""staleness_minutes"": 6.19, ""price_acceleration"": 0.0019}"
15795,TURBO,Hermes-accel-300-,SHORT,-2.3739,-0.09,3,11.10,hard_max_loss,HIGH,37.50,0.00000229,0.00101100,0.19782393669634507,0.29673590504450686,2133.867,closed,f,2026-10-01 10:12:48.748627,2026-10-01 10:48:22.615482,"{""rsi_14"": 14.29, ""z_score"": -0.736, ""is_stale"": false, ""btc_score"": 14.1, ""macd_hist"": -0.0000004, ""btc_regime"": ""TRANSITIONING"", ""macd_value"": -0.00000374, ""wave_phase"": ""falling"", ""bb_position"": 0.316, ""macd_signal"": -0.00000335, ""gap_at_entry"": -1.4682, ""volume_spike"": 1.0, ""z_score_tier"": ""neutral"", ""btc_trend_bias"": -0.687, ""momentum_score"": 30.3, ""momentum_state"": ""rising"", ""btc_linreg_bias"": -0.25, ""price_at_signal"": 0.00101, ""final_confidence"": 99, ""speed_percentile"": 73.0, ""staleness_minutes"": 1.3, ""price_acceleration"": -0.0124}"
15155,JUP,Hermes-mover-,SHORT,2.2300,0.05,5,11.10,profit-monster-trail,EXTREME,,,0.24888000,0.7192221150755385,0,747.9796,closed,f,2026-09-09 17:38:27.641429,2026-09-09 17:50:55.621028,"{""z_score"": -2.2516, ""is_stale"": false, ""macd_hist"": -0.00024513, ""macd_value"": -0.00050957, ""wave_phase"": ""accelerating"", ""bb_position"": -0.0629, ""macd_signal"": -0.00026445, ""z_score_tier"": ""extreme_low"", ""momentum_score"": 18.7, ""momentum_state"": ""falling"", ""price_at_signal"": 0.248765, ""speed_percentile"": 45.3, ""price_acceleration"": 0.0121}"
15154,BLUR,Hermes-open-skies+,LONG,-3.4241,-0.23,3,19.90,rr_engine_resistance,EXTREME,,,0.01839900,0.048915701940322846,1.1468014566009022,2270.055,closed,f,2026-09-09 17:07:32.841272,2026-09-09 17:45:22.896202,"{""rsi_14"": 63.33, ""z_score"": 0.9892, ""is_stale"": false, ""macd_hist"": 0.00000399, ""macd_value"": 0.00002013, ""wave_phase"": ""falling"", ""bb_position"": 0.7473, ""macd_signal"": 0.00001614, ""z_score_tier"": ""neutral"", ""momentum_score"": 44.7, ""momentum_state"": ""rising"", ""price_at_signal"": 0.01843, ""speed_percentile"": 99.4, ""price_acceleration"": -0.0576}"
15256,BTC,Hermes-pump-chain-,SHORT,3.6828,0.09,5,11.10,rr_engine_resistance,NORMAL,,,77659.00000000,0.9850757800126193,0.33286547599119226,6341.2607,closed,f,2026-09-11 16:30:41.196903,2026-09-11 18:16:22.457667,"{""z_score"": -0.2314, ""is_stale"": false, ""macd_hist"": 34.33417013, ""macd_value"": -76.02178931, ""wave_phase"": ""decelerating"", ""bb_position"": 0.4422, ""macd_signal"": -110.35595944, ""z_score_tier"": ""neutral"", ""momentum_score"": 12.8, ""momentum_state"": ""rising"", ""price_at_signal"": 77623.5, ""speed_percentile"": 31.1, ""price_acceleration"": -0.0038}"
15755,NEO,Hermes-doji-bottom-long,LONG,0.6983,0.02,5,11.10,profit-monster-trail,HIGH,80.80,0.00693571,2.50600000,0.7901037509976058,0.27932960893854747,,closed,f,2026-09-29 18:06:40.256299,2026-09-29 19:31:20.786145,"{""rsi_14"": 29.17, ""z_score"": 1.0755, ""is_stale"": false, ""btc_score"": 42.7, ""macd_hist"": 0.00119072, ""btc_regime"": ""TRANSITIONING"", ""macd_value"": -0.00050603, ""wave_phase"": ""accelerating"", ""bb_position"": 0.7689, ""macd_signal"": -0.00169675, ""gap_at_entry"": -1.9206, ""volume_spike"": 0.69, ""z_score_tier"": ""high"", ""btc_trend_bias"": -0.051, ""momentum_score"": 28.1, ""momentum_state"": ""rising"", ""btc_linreg_bias"": -0.375, ""price_at_signal"": 2.4885, ""final_confidence"": 95.0, ""speed_percentile"": 65.8, ""staleness_minutes"": 1.18, ""price_acceleration"": 0.0118}"
15255,GRASS,Hermes-accel-300-v4-short-,SHORT,-3.8055,-0.14,3,11.10,atr_sl_hit,EXTREME,,,0.33110000,0.19027484143763213,1.2745394140742978,2184.7378,closed,f,2026-09-11 16:23:06.49577,2026-09-11 16:59:31.233638,"{""z_score"": -1.6206, ""is_stale"": true, ""macd_hist"": -0.00003293, ""macd_value"": -0.00078194, ""wave_phase"": ""accelerating"", ""bb_position"": 0.0948, ""macd_signal"": -0.00074901, ""z_score_tier"": ""low"", ""momentum_score"": 13.0, ""momentum_state"": ""falling"", ""price_at_signal"": 0.33096, ""speed_percentile"": 31.7, ""price_acceleration"": 0.0001}"
15157,YGG,Hermes-r2-trend-short10,SHORT,1.1673,0.04,3,11.10,profit-monster-trail,HIGH,,,0.02313000,0.5923043666234328,0.1599654128837008,2686.6626,closed,f,2026-09-09 18:23:29.101011,2026-09-09 19:08:15.763615,"{""z_score"": -1.0273, ""is_stale"": false, ""macd_hist"": -0.00001217, ""macd_value"": -0.00004296, ""wave_phase"": ""falling"", ""bb_position"": 0.2432, ""macd_signal"": -0.0000308, ""z_score_tier"": ""low"", ""momentum_score"": 22.4, ""momentum_state"": ""falling"", ""price_at_signal"": 0.023112, ""speed_percentile"": 54.7, ""price_acceleration"": -0.0095}"
15754,GMX,Hermes-doji-bottom-long,LONG,1.8135,0.07,3,11.10,profit-monster-trail,HIGH,39.71,0.02915714,7.79160000,1.1230042609990245,0.503105908927563,,closed,f,2026-09-29 16:57:40.062453,2026-09-29 19:45:26.760803,"{""rsi_14"": 44.44, ""z_score"": -1.31, ""is_stale"": false, ""btc_score"": 11.3, ""macd_hist"": -0.00194079, ""btc_regime"": ""BEAR_TREND"", ""macd_value"": -0.01960695, ""wave_phase"": ""accelerating"", ""bb_position"": 0.1725, ""macd_signal"": -0.01766616, ""gap_at_entry"": -1.5328, ""volume_spike"": 0.38, ""z_score_tier"": ""low"", ""btc_trend_bias"": -0.749, ""momentum_score"": 10.9, ""momentum_state"": ""falling"", ""btc_linreg_bias"": -0.125, ""price_at_signal"": 7.7872, ""final_confidence"": 95.0, ""speed_percentile"": 26.1, ""staleness_minutes"": 1.34, ""price_acceleration"": 0.0031}"
15260,APT,Hermes-mover-,SHORT,5.0555,0.11,5,11.10,profit-monster-trail,EXTREME,,,0.60330000,1.3094646113044919,0.23205701972484669,2997.998,closed,f,2026-09-11 18:07:39.937757,2026-09-11 18:57:37.935778,"{""rsi_14"": 38.46, ""z_score"": -2.735, ""is_stale"": true, ""macd_hist"": -0.0003234, ""macd_value"": -0.00115351, ""wave_phase"": ""falling"", ""bb_position"": -0.1838, ""macd_signal"": -0.00083011, ""z_score_tier"": ""extreme_low"", ""momentum_score"": 8.2, ""momentum_state"": ""falling"", ""price_at_signal"": 0.604, ""speed_percentile"": 19.9, ""price_acceleration"": -0.0043}"
15160,CFX,Hermes-pullback-entry-,SHORT,4.6939,0.10,5,11.10,rr_engine_support_tp,HIGH,,,0.04963900,0.8581961763935615,0,2201.1252,closed,f,2026-09-09 19:01:42.046532,2026-09-09 19:38:23.171835,"{""z_score"": -1.7334, ""is_stale"": false, ""macd_hist"": -0.0000199, ""macd_value"": -0.00003937, ""wave_phase"": ""accelerating"", ""bb_position"": 0.0666, ""macd_signal"": -0.00001947, ""z_score_tier"": ""low"", ""momentum_score"": 32.9, ""momentum_state"": ""falling"", ""price_at_signal"": 0.049608, ""speed_percentile"": 80.1, ""price_acceleration"": 0.0083}"
15161,ADA,Hermes-pullback-entry-,SHORT,14.1166,0.32,5,11.10,atr_sl_hit,HIGH,,,0.21712000,3.9448231392778186,0.11974944731024319,10688.645,closed,f,2026-09-09 19:14:34.455405,2026-09-09 22:12:43.10004,"{""z_score"": 0.602, ""is_stale"": true, ""macd_hist"": 0.00004662, ""macd_value"": -0.00023859, ""wave_phase"": ""falling"", ""bb_position"": 0.6505, ""macd_signal"": -0.00028521, ""z_score_tier"": ""neutral"", ""momentum_score"": 18.7, ""momentum_state"": ""rising"", ""price_at_signal"": 0.2171, ""speed_percentile"": 46.0, ""price_acceleration"": -0.0049}"
15262,BTC,Hermes-pump-chain-,SHORT,2.6962,0.06,5,11.10,profit-monster-trail,NORMAL,,,77145.00000000,0.7926631667638862,0.40248881975500683,,closed,f,2026-09-11 18:22:29.688648,2026-09-13 09:36:53.673706,"{""rsi_14"": 33.14, ""z_score"": -0.8836, ""is_stale"": false, ""macd_hist"": -13.60891923, ""macd_value"": -157.13705243, ""wave_phase"": ""falling"", ""bb_position"": 0.2791, ""macd_signal"": -143.52813319, ""z_score_tier"": ""neutral"", ""momentum_score"": 11.9, ""momentum_state"": ""flat"", ""price_at_signal"": 77021.5, ""speed_percentile"": 28.6, ""price_acceleration"": -0.0068}"
15162,MET,Hermes-pullback-entry-,SHORT,4.5943,0.17,3,11.10,rr_engine_support_tp,EXTREME,,,0.20373000,1.5878859274530015,0.12271143179698621,1186.9031,closed,f,2026-09-09 19:52:27.393301,2026-09-09 20:12:14.296399,"{""z_score"": -0.4058, ""is_stale"": false, ""macd_hist"": -0.00000994, ""macd_value"": -0.00026818, ""wave_phase"": ""falling"", ""bb_position"": 0.3985, ""macd_signal"": -0.00025823, ""z_score_tier"": ""neutral"", ""momentum_score"": 24.9, ""momentum_state"": ""flat"", ""price_at_signal"": 0.204305, ""speed_percentile"": 60.9, ""price_acceleration"": -0.0063}"
15264,KAS,"Hermes-rs-s88,rs-s90,trend_purity+",LONG,1.6385,0.12,3,22.10,profit-monster-trail,EXTREME,,,0.03583600,0.6529746623507088,0.17301038062283736,804.40686,closed,f,2026-09-11 19:17:28.327686,2026-09-11 19:30:52.73455,"{""rsi_14"": 61.64, ""z_score"": 1.3841, ""is_stale"": false, ""macd_hist"": 0.00002238, ""macd_value"": -0.00000105, ""wave_phase"": ""accelerating"", ""bb_position"": 0.846, ""macd_signal"": -0.00002343, ""z_score_tier"": ""high"", ""momentum_score"": 15.4, ""momentum_state"": ""rising"", ""price_at_signal"": 0.035849, ""speed_percentile"": 36.0, ""price_acceleration"": 0.0043}"
15768,MNT,"Hermes-bb-bounce-v2-long+,bb-bounce-v3-long+",LONG,0.2938,0.01,5,11.10,profit-monster-trail,HIGH,55.98,0.00136500,0.69771000,0.6879649137893967,0.8413237591549497,,closed,f,2026-09-30 17:13:45.927658,2026-10-01 01:31:23.649822,"{""rsi_14"": 50.19, ""z_score"": 0.82, ""is_stale"": true, ""btc_score"": 61.9, ""macd_hist"": 0.00020221, ""btc_regime"": ""RANGING"", ""macd_value"": 0.00029489, ""wave_phase"": ""accelerating"", ""bb_position"": 0.705, ""macd_signal"": 0.00009268, ""gap_at_entry"": 0.1154, ""volume_spike"": 0.49, ""z_score_tier"": ""neutral"", ""btc_trend_bias"": 0.153, ""momentum_score"": 8.8, ""momentum_state"": ""rising"", ""btc_linreg_bias"": 0.0, ""price_at_signal"": 0.69688, ""final_confidence"": 99, ""speed_percentile"": 21.1, ""staleness_minutes"": 1.18, ""price_acceleration"": 0.0003}"
15261,INJ,Hermes-pump-chain-,SHORT,-6.0810,-0.27,5,22.10,atr_sl_hit,EXTREME,,,5.82960000,0.6458419102511321,1.3131261149993139,4310.505,closed,f,2026-09-11 18:19:29.65428,2026-09-11 19:31:20.159196,"{""rsi_14"": 35.63, ""z_score"": -0.1882, ""is_stale"": false, ""macd_hist"": -0.00154097, ""macd_value"": -0.01811381, ""wave_phase"": ""accelerating"", ""bb_position"": 0.453, ""macd_signal"": -0.01657284, ""z_score_tier"": ""neutral"", ""momentum_score"": 20.8, ""momentum_state"": ""rising"", ""price_at_signal"": 5.81535, ""speed_percentile"": 50.9, ""price_acceleration"": 0.009}"
15760,SAND,Hermes-bb-bounce-v2-long+,LONG,2.1814,0.05,5,11.10,profit-monster-trail,HIGH,57.71,0.00010971,0.04332000,0.930286241920591,0.18928901200369344,,closed,f,2026-09-29 20:01:57.472552,2026-09-29 20:12:39.148973,"{""rsi_14"": 64.71, ""z_score"": -1.0317, ""is_stale"": true, ""btc_score"": 46.2, ""macd_hist"": -0.00002579, ""btc_regime"": ""RANGING"", ""macd_value"": -0.00008785, ""wave_phase"": ""falling"", ""bb_position"": 0.2421, ""macd_signal"": -0.00006206, ""gap_at_entry"": -0.4206, ""volume_spike"": 0.38, ""z_score_tier"": ""low"", ""btc_trend_bias"": 0.0, ""momentum_score"": 10.2, ""momentum_state"": ""flat"", ""btc_linreg_bias"": 0.0, ""price_at_signal"": 0.043146, ""final_confidence"": 92.0, ""speed_percentile"": 24.8, ""staleness_minutes"": 1.49, ""price_acceleration"": -0.0008}"
15203,ATOM,Hermes-pump-chain-,SHORT,-6.1830,-0.14,5,11.10,atr_sl_hit,EXTREME,,,1.76290000,0.873560610357933,1.213908900107777,5932.8755,closed,f,2026-09-10 15:26:28.942833,2026-09-10 17:05:21.818523,"{""z_score"": -2.5862, ""is_stale"": false, ""macd_hist"": -0.00194387, ""macd_value"": -0.0064326, ""wave_phase"": ""accelerating"", ""bb_position"": -0.1466, ""macd_signal"": -0.00448873, ""z_score_tier"": ""extreme_low"", ""momentum_score"": 34.1, ""momentum_state"": ""falling"", ""price_at_signal"": 1.7666, ""speed_percentile"": 82.0, ""price_acceleration"": 0.0094}"
15265,KAS,"Hermes-rs-s44,trend_purity+",LONG,-3.1123,-0.23,3,22.10,cut-loser-CL-T1,EXTREME,,,0.03607400,0.21622220990186838,1.0034928203137994,4689.936,closed,f,2026-09-11 20:20:28.124507,2026-09-11 21:38:38.060427,"{""rsi_14"": 61.64, ""z_score"": 0.6575, ""is_stale"": true, ""macd_hist"": 0.00000293, ""macd_value"": 0.00006783, ""wave_phase"": ""accelerating"", ""bb_position"": 0.6644, ""macd_signal"": 0.00006491, ""z_score_tier"": ""neutral"", ""momentum_score"": 5.6, ""momentum_state"": ""flat"", ""price_at_signal"": 0.036118, ""speed_percentile"": 13.7, ""price_acceleration"": 0.0029}"
15759,SOL,Hermes-bb-bounce-v2-long+,LONG,-0.6740,-0.02,5,11.10,profit-monster-trail,NORMAL,56.18,0.18642857,118.69000000,0.408627517061252,0.12216698963686916,,closed,f,2026-09-29 20:01:45.475725,2026-09-29 21:28:08.385108,"{""rsi_14"": 63.08, ""z_score"": -0.5779, ""is_stale"": false, ""btc_score"": 46.2, ""macd_hist"": -0.00049468, ""btc_regime"": ""RANGING"", ""macd_value"": -0.15193635, ""wave_phase"": ""falling"", ""bb_position"": 0.3555, ""macd_signal"": -0.15144167, ""gap_at_entry"": -0.1911, ""volume_spike"": 0.38, ""z_score_tier"": ""neutral"", ""btc_trend_bias"": 0.0, ""momentum_score"": 14.6, ""momentum_state"": ""flat"", ""btc_linreg_bias"": 0.0, ""price_at_signal"": 118.665, ""final_confidence"": 92.0, ""speed_percentile"": 35.4, ""staleness_minutes"": 1.34, ""price_acceleration"": -0.0029}"
15266,ENA,Hermes-pump-chain-,SHORT,-6.3436,-0.25,5,19.90,cut-loser-CL-T1,EXTREME,,,0.13951000,0,0.9031610637230306,406.70926,closed,f,2026-09-11 20:31:30.902504,2026-09-11 20:38:17.611764,"{""rsi_14"": 11.76, ""z_score"": -1.5489, ""is_stale"": true, ""macd_hist"": -0.00014858, ""macd_value"": -0.00045859, ""wave_phase"": ""falling"", ""bb_position"": 0.1128, ""macd_signal"": -0.00031002, ""z_score_tier"": ""low"", ""momentum_score"": 7.5, ""momentum_state"": ""falling"", ""price_at_signal"": 0.14078, ""speed_percentile"": 18.0, ""price_acceleration"": -0.001}"
15209,DYDX,Hermes-pump-chain-,SHORT,0.1772,0.02,5,11.10,atr_sl_hit,EXTREME,,,0.11284000,11.378943637008152,-0.03544842254519674,16.319426,closed,f,2026-09-10 18:19:26.935642,2026-09-10 18:19:43.255068,"{""z_score"": -0.9284, ""is_stale"": false, ""macd_hist"": -0.00004536, ""macd_value"": -0.00020566, ""wave_phase"": ""falling"", ""bb_position"": 0.2679, ""macd_signal"": -0.0001603, ""z_score_tier"": ""neutral"", ""momentum_score"": 17.3, ""momentum_state"": ""flat"", ""price_at_signal"": 0.11286, ""speed_percentile"": 41.0, ""price_acceleration"": -0.0017}"
15192,STX,Hermes-pullback-entry-,SHORT,2.1237,0.24,5,11.10,hard_tp,HIGH,,,0.26652000,1.245685126819747,0.46900795437491705,3809.4836,closed,f,2026-09-10 11:44:29.027601,2026-09-10 12:47:58.511249,"{""z_score"": 1.4153, ""is_stale"": false, ""macd_hist"": 0.00006117, ""macd_value"": 0.00036441, ""wave_phase"": ""accelerating"", ""bb_position"": 0.8538, ""macd_signal"": 0.00030324, ""z_score_tier"": ""high"", ""momentum_score"": 29.2, ""momentum_state"": ""flat"", ""price_at_signal"": 0.26586, ""speed_percentile"": 71.4, ""price_acceleration"": 0.004}"
15167,MERL,Hermes-mover-,SHORT,1.0165,0.04,3,11.10,profit-monster-trail,HIGH,,,0.02243100,0.5795550800231822,0.013374348000534974,1287.4142,closed,f,2026-09-09 20:38:31.178022,2026-09-09 20:59:58.592216,"{""z_score"": 0.4403, ""is_stale"": false, ""macd_hist"": 0.00000625, ""macd_value"": -0.00001522, ""wave_phase"": ""decelerating"", ""bb_position"": 0.6101, ""macd_signal"": -0.00002148, ""z_score_tier"": ""neutral"", ""momentum_score"": 23.6, ""momentum_state"": ""rising"", ""price_at_signal"": 0.022402, ""speed_percentile"": 57.8, ""price_acceleration"": -0.0026}"
15267,ENA,Hermes-pump-chain-,SHORT,1.4529,0.05,5,16.60,profit-monster-trail,EXTREME,,,0.14110000,0.7406094968107725,0.042523033309709427,833.14246,closed,f,2026-09-11 20:39:28.414996,2026-09-11 20:53:21.557435,"{""rsi_14"": 11.76, ""z_score"": -1.5462, ""is_stale"": false, ""macd_hist"": -0.00017543, ""macd_value"": -0.00071758, ""wave_phase"": ""falling"", ""bb_position"": 0.1134, ""macd_signal"": -0.00054214, ""z_score_tier"": ""low"", ""momentum_score"": 12.8, ""momentum_state"": ""falling"", ""price_at_signal"": 0.14024, ""speed_percentile"": 30.4, ""price_acceleration"": -0.0056}"
15215,NOT,Hermes-pullback-entry-,SHORT,-4.2755,-0.16,3,11.10,rr_engine_resistance,HIGH,,,0.00042100,0.9501187648456056,1.187648456057007,20648.473,closed,f,2026-09-10 22:38:05.215407,2026-09-11 04:22:13.688729,"{""z_score"": -1.9251, ""is_stale"": false, ""macd_hist"": -0.00000029, ""macd_value"": -0.00000047, ""wave_phase"": ""falling"", ""bb_position"": 0.0187, ""macd_signal"": -0.00000018, ""z_score_tier"": ""low"", ""momentum_score"": 34.5, ""momentum_state"": ""falling"", ""price_at_signal"": 0.000424, ""speed_percentile"": 84.5, ""price_acceleration"": -0.011}"
15169,LTC,Hermes-pullback-entry-,SHORT,2.0227,0.07,5,16.60,rr_engine_resistance,HIGH,,,53.14700000,1.0546220859126574,0.41018307712570795,31193.133,closed,f,2026-09-09 22:12:28.527669,2026-09-10 06:52:21.66076,"{""z_score"": -0.9987, ""is_stale"": true, ""macd_hist"": 0.01215687, ""macd_value"": -0.03773582, ""wave_phase"": ""falling"", ""bb_position"": 0.2503, ""macd_signal"": -0.04989269, ""z_score_tier"": ""neutral"", ""momentum_score"": 19.5, ""momentum_state"": ""falling"", ""price_at_signal"": 53.3745, ""speed_percentile"": 47.8, ""price_acceleration"": -0.0085}"
15269,BCH,Hermes-pullback-entry-,SHORT,3.4814,0.08,5,11.10,rr_engine_resistance,EXTREME,,,229.79000000,1.8603942730318987,0,10371.729,closed,f,2026-09-11 21:10:29.463276,2026-09-12 00:03:21.191506,"{""rsi_14"": 57.14, ""z_score"": 0.5058, ""is_stale"": true, ""macd_hist"": 0.02214973, ""macd_value"": -0.13182482, ""wave_phase"": ""falling"", ""bb_position"": 0.6265, ""macd_signal"": -0.15397455, ""z_score_tier"": ""neutral"", ""momentum_score"": 15.5, ""momentum_state"": ""flat"", ""price_at_signal"": 229.0, ""speed_percentile"": 37.9, ""price_acceleration"": -0.001}"
15783,HYPER,Hermes-accel-300-,SHORT,0.2025,0.01,3,11.10,profit-monster-trail,NORMAL,29.90,0.00010079,0.07260100,0.801641850663214,0,,closed,f,2026-10-01 07:34:49.793922,2026-10-01 08:40:11.081531,"{""rsi_14"": 9.08, ""z_score"": -0.8971, ""is_stale"": true, ""btc_score"": 2.7, ""macd_hist"": -0.00005062, ""btc_regime"": ""BEAR_TREND"", ""macd_value"": -0.00023715, ""wave_phase"": ""bottoming"", ""bb_position"": 0.2757, ""macd_signal"": -0.00018653, ""gap_at_entry"": -0.6577, ""volume_spike"": 0.36, ""z_score_tier"": ""neutral"", ""btc_trend_bias"": -0.941, ""momentum_score"": 2.3, ""momentum_state"": ""rising"", ""btc_linreg_bias"": -0.375, ""price_at_signal"": 0.072476, ""final_confidence"": 99, ""speed_percentile"": 5.7, ""staleness_minutes"": 1.28, ""price_acceleration"": 0.0022}"
15458,SUSHI,Hermes-open-skies+,LONG,-3.8764,-0.14,3,11.10,atr_sl_hit,HIGH,61.62,0.00110000,0.22289000,0,1.3280093319574677,1738.6089,closed,f,2026-09-17 12:03:29.249211,2026-09-17 12:32:27.858129,"{""rsi_14"": 61.7, ""z_score"": 1.5581, ""is_stale"": false, ""btc_score"": 59.7, ""macd_hist"": 0.00011502, ""btc_regime"": ""TRANSITIONING"", ""macd_value"": 0.00053522, ""wave_phase"": ""falling"", ""bb_position"": 0.8895, ""macd_signal"": 0.0004202, ""z_score_tier"": ""high"", ""btc_trend_bias"": 0.105, ""momentum_score"": 25.9, ""momentum_state"": ""rising"", ""btc_linreg_bias"": -0.375, ""price_at_signal"": 0.2241, ""speed_percentile"": 63.4, ""price_acceleration"": -0.0019}"
15168,WLD,Hermes-pullback-entry-,SHORT,10.0696,0.22,5,11.10,atr_sl_hit,EXTREME,,,0.42504000,3.333803877282138,0.48466026726896294,3225.148,closed,f,2026-09-09 21:17:32.761486,2026-09-09 22:11:17.909508,"{""z_score"": -1.3421, ""is_stale"": false, ""macd_hist"": -0.00012641, ""macd_value"": -0.00015095, ""wave_phase"": ""accelerating"", ""bb_position"": 0.1645, ""macd_signal"": -0.00002454, ""z_score_tier"": ""low"", ""momentum_score"": 16.8, ""momentum_state"": ""falling"", ""price_at_signal"": 0.42666, ""speed_percentile"": 40.4, ""price_acceleration"": 0.0069}"
15459,RESOLV,Hermes-grind-breakout+,LONG,0.1889,0.01,3,11.10,profit-monster-trail,HIGH,58.34,0.00016300,0.01746700,0.7557107688784566,0.6068586477357303,,closed,f,2026-09-17 12:11:37.342867,2026-09-17 12:17:24.855678,"{""rsi_14"": 57.65, ""z_score"": 1.9689, ""is_stale"": false, ""btc_score"": 54.7, ""macd_hist"": -0.00002033, ""btc_regime"": ""RANGING"", ""macd_value"": 0.00007231, ""wave_phase"": ""accelerating"", ""bb_position"": 0.9922, ""macd_signal"": 0.00009264, ""z_score_tier"": ""high"", ""btc_trend_bias"": 0.0, ""momentum_score"": 38.1, ""momentum_state"": ""rising"", ""btc_linreg_bias"": -0.25, ""price_at_signal"": 0.01731, ""speed_percentile"": 91.9, ""price_acceleration"": 0.0442}"
15271,ATOM,Hermes-pump-chain-,SHORT,1.8327,0.04,5,11.10,profit-monster-trail,EXTREME,,,1.63690000,0.574256216018083,0.21381880383652024,1699.2468,closed,f,2026-09-11 21:35:29.562455,2026-09-11 22:03:48.809334,"{""rsi_14"": 42.86, ""z_score"": -2.1871, ""is_stale"": true, ""macd_hist"": -0.00101829, ""macd_value"": -0.00243223, ""wave_phase"": ""falling"", ""bb_position"": -0.0468, ""macd_signal"": -0.00141394, ""z_score_tier"": ""extreme_low"", ""momentum_score"": 15.2, ""momentum_state"": ""falling"", ""price_at_signal"": 1.6354, ""speed_percentile"": 37.3, ""price_acceleration"": -0.0043}"
15221,BANANA,Hermes-pullback-entry-,SHORT,-2.5419,-0.10,3,11.10,rr_engine_resistance,NORMAL,,,3.90650000,0.547804940483809,1.0303340586202483,12547.769,closed,f,2026-09-11 02:46:33.104902,2026-09-11 06:15:40.873756,"{""z_score"": 0.625, ""is_stale"": false, ""macd_hist"": 0.00090947, ""macd_value"": -0.00094786, ""wave_phase"": ""accelerating"", ""bb_position"": 0.6562, ""macd_signal"": -0.00185733, ""z_score_tier"": ""neutral"", ""momentum_score"": 22.2, ""momentum_state"": ""flat"", ""price_at_signal"": 3.90735, ""speed_percentile"": 53.4, ""price_acceleration"": 0.0066}"
15259,ATOM,Hermes-pump-chain-,SHORT,2.8537,0.06,5,11.10,profit-monster-trail,EXTREME,,,1.64700000,0.7893139040680024,0.4553734061930783,13384.846,closed,f,2026-09-11 17:51:29.847017,2026-09-11 21:34:34.693103,"{""rsi_14"": 9.52, ""z_score"": -2.0916, ""is_stale"": false, ""macd_hist"": -0.00068194, ""macd_value"": -0.00355028, ""wave_phase"": ""accelerating"", ""bb_position"": -0.0229, ""macd_signal"": -0.00286834, ""z_score_tier"": ""extreme_low"", ""momentum_score"": 22.2, ""momentum_state"": ""falling"", ""price_at_signal"": 1.6524, ""speed_percentile"": 53.4, ""price_acceleration"": 0.0031}"
15158,COMP,Hermes-pullback-entry-,SHORT,3.7097,0.12,5,16.60,atr_sl_hit,HIGH,,,20.18500000,2.073321773594253,0.17091899925687393,18108.6,closed,f,2026-09-09 18:32:31.681177,2026-09-09 23:34:20.280476,"{""z_score"": 0.8546, ""is_stale"": false, ""macd_hist"": 0.00309226, ""macd_value"": 0.00400406, ""wave_phase"": ""falling"", ""bb_position"": 0.7137, ""macd_signal"": 0.0009118, ""z_score_tier"": ""neutral"", ""momentum_score"": 21.2, ""momentum_state"": ""flat"", ""price_at_signal"": 20.198, ""speed_percentile"": 51.6, ""price_acceleration"": -0.0097}"
15172,ETH,Hermes-pullback-entry-,SHORT,-5.6253,-0.13,5,11.10,rr_engine_resistance,NORMAL,,,2453.20000000,0.1732431110386434,1.1311756073699657,24529.207,closed,f,2026-09-09 22:26:31.940374,2026-09-10 05:15:21.147057,"{""z_score"": 0.2336, ""is_stale"": false, ""macd_hist"": 0.74285897, ""macd_value"": -2.41549628, ""wave_phase"": ""falling"", ""bb_position"": 0.5584, ""macd_signal"": -3.15835524, ""z_score_tier"": ""neutral"", ""momentum_score"": 27.6, ""momentum_state"": ""rising"", ""price_at_signal"": 2453.79, ""speed_percentile"": 67.7, ""price_acceleration"": -0.0085}"
15174,MERL,Hermes-mover-,SHORT,0.6143,0.02,3,11.10,profit-monster-trail,EXTREME,,,0.02246500,0.9303360783440908,0.6498998442020921,2429.3645,closed,f,2026-09-10 04:13:22.306589,2026-09-10 04:53:51.671033,"{""z_score"": 1.7283, ""is_stale"": false, ""macd_hist"": 0.0000163, ""macd_value"": 0.00003139, ""wave_phase"": ""falling"", ""bb_position"": 0.9321, ""macd_signal"": 0.00001508, ""z_score_tier"": ""high"", ""momentum_score"": 34.8, ""momentum_state"": ""rising"", ""price_at_signal"": 0.02251, ""speed_percentile"": 82.6, ""price_acceleration"": -0.0304}"
15460,AVAX,Hermes-btc-pump-rider+,LONG,-3.8741,-0.09,5,11.10,cut-loser-CL-T1,NORMAL,72.14,0.01650000,7.60180000,0.36570285984898315,0.8142808282248941,,closed,f,2026-09-17 12:17:41.391346,2026-09-17 13:39:55.021152,"{""rsi_14"": 59.72, ""z_score"": 1.1969, ""is_stale"": false, ""btc_score"": 97.4, ""macd_hist"": 0.00220166, ""btc_regime"": ""TRANSITIONING"", ""macd_value"": 0.01784654, ""wave_phase"": ""falling"", ""bb_position"": 0.7992, ""macd_signal"": 0.01564488, ""z_score_tier"": ""high"", ""btc_trend_bias"": 0.942, ""momentum_score"": 26.6, ""momentum_state"": ""flat"", ""btc_linreg_bias"": 0.25, ""price_at_signal"": 7.599, ""speed_percentile"": 65.2, ""price_acceleration"": -0.0034}"
15272,KAS,Hermes-bb-bounce-v2-long+,LONG,-4.1692,-0.26,3,18.80,atr_sl_hit,EXTREME,,,0.03569000,0.0017652003362286354,1.3449145418884842,1253.3059,closed,f,2026-09-11 21:41:31.942422,2026-09-11 22:02:25.248349,"{""rsi_14"": 61.64, ""z_score"": -1.741, ""is_stale"": true, ""macd_hist"": -0.00001723, ""macd_value"": -0.00003381, ""wave_phase"": ""falling"", ""bb_position"": 0.0648, ""macd_signal"": -0.00001658, ""z_score_tier"": ""low"", ""momentum_score"": 7.6, ""momentum_state"": ""falling"", ""price_at_signal"": 0.035695, ""speed_percentile"": 18.6, ""price_acceleration"": -0.0073}"
15227,FIL,Hermes-pump-chain+,LONG,-5.0021,-0.11,5,11.10,rr_engine_support_br,HIGH,,,0.79766000,0.016297670686758768,0.9816212421332398,8277.908,closed,f,2026-09-11 05:19:31.270263,2026-09-11 07:37:29.178045,"{""z_score"": 2.0711, ""is_stale"": true, ""macd_hist"": 0.00020524, ""macd_value"": 0.00080967, ""wave_phase"": ""bottoming"", ""bb_position"": 1.0178, ""macd_signal"": 0.00060443, ""z_score_tier"": ""extreme_high"", ""momentum_score"": 6.9, ""momentum_state"": ""flat"", ""price_at_signal"": 0.797, ""speed_percentile"": 16.8, ""price_acceleration"": 0.0021}"
15457,XPL,Hermes-open-skies+,LONG,-7.2609,-0.16,5,11.10,atr_sl_hit,EXTREME,26.59,0.00047914,0.08621500,0.8687583367163486,1.49393956968045,6830.5264,closed,f,2026-09-17 11:31:30.478569,2026-09-17 13:25:21.005165,"{""rsi_14"": 32.05, ""z_score"": -1.3118, ""is_stale"": false, ""btc_score"": 34.3, ""macd_hist"": -0.00011651, ""btc_regime"": ""BEAR_TREND"", ""macd_value"": -0.00012821, ""wave_phase"": ""bottoming"", ""bb_position"": 0.1721, ""macd_signal"": -0.0000117, ""z_score_tier"": ""low"", ""btc_trend_bias"": -0.239, ""momentum_score"": 22.6, ""momentum_state"": ""flat"", ""btc_linreg_bias"": -0.25, ""price_at_signal"": 0.086802, ""speed_percentile"": 54.7, ""price_acceleration"": 0.003}"
15173,ADA,Hermes-pullback-entry-,SHORT,-0.4017,-0.01,5,11.10,rr_engine_resistance,HIGH,,,0.21160000,1.0349716446124764,0.42060491493383745,10493.257,closed,f,2026-09-09 23:41:26.517752,2026-09-10 02:36:19.774469,"{""z_score"": 2.13, ""is_stale"": false, ""macd_hist"": -0.00000985, ""macd_value"": 0.0001077, ""wave_phase"": ""accelerating"", ""bb_position"": 1.0325, ""macd_signal"": 0.00011755, ""z_score_tier"": ""extreme_high"", ""momentum_score"": 8.5, ""momentum_state"": ""rising"", ""price_at_signal"": 0.21119, ""speed_percentile"": 19.3, ""price_acceleration"": 0.006}"
15170,DOGE,Hermes-pullback-entry-,SHORT,0.9843,0.02,5,11.10,rr_engine_resistance,HIGH,,,0.08584900,0.7990774499411758,0.430989295157777,15658.495,closed,f,2026-09-09 22:12:38.551426,2026-09-10 02:33:37.046461,"{""z_score"": -0.3291, ""is_stale"": false, ""macd_hist"": 0.00001998, ""macd_value"": -0.00006063, ""wave_phase"": ""falling"", ""bb_position"": 0.4177, ""macd_signal"": -0.00008061, ""z_score_tier"": ""neutral"", ""momentum_score"": 24.5, ""momentum_state"": ""falling"", ""price_at_signal"": 0.086449, ""speed_percentile"": 60.2, ""price_acceleration"": -0.0097}"
15461,STX,Hermes-open-skies+,LONG,-7.2355,-0.16,5,11.10,atr_sl_hit,HIGH,67.51,0.00187857,0.25223000,0,1.3677992308607223,4492.482,closed,f,2026-09-17 14:23:30.522628,2026-09-17 15:38:23.004477,"{""rsi_14"": 70.79, ""z_score"": 0.8821, ""is_stale"": false, ""btc_score"": 75.0, ""macd_hist"": -0.00000206, ""btc_regime"": ""BULL_TREND"", ""macd_value"": 0.00112701, ""wave_phase"": ""falling"", ""bb_position"": 0.7205, ""macd_signal"": 0.00112908, ""z_score_tier"": ""neutral"", ""btc_trend_bias"": 0.446, ""momentum_score"": 37.7, ""momentum_state"": ""falling"", ""btc_linreg_bias"": 0.25, ""price_at_signal"": 0.2524, ""speed_percentile"": 90.1, ""price_acceleration"": -0.0091}"
15275,BANANA,Hermes-rr-struct-,SHORT,-3.1425,-0.12,3,11.10,cut-loser-CL-T1,HIGH,,,3.89500000,0.11810012836970475,1.0166880616174583,7210.1943,closed,f,2026-09-11 22:37:35.391542,2026-09-12 00:37:45.586073,"{""rsi_14"": 10.53, ""z_score"": -2.025, ""is_stale"": true, ""macd_hist"": -0.00203084, ""macd_value"": -0.00260636, ""wave_phase"": ""falling"", ""bb_position"": -0.0063, ""macd_signal"": -0.00057552, ""z_score_tier"": ""extreme_low"", ""momentum_score"": 12.2, ""momentum_state"": ""falling"", ""price_at_signal"": 3.88845, ""speed_percentile"": 29.8, ""price_acceleration"": -0.0073}"
15175,CHIP,Hermes-pullback-entry-,SHORT,-1.0738,-0.04,3,11.10,rr_engine_resistance,EXTREME,,,0.04889300,0.09612828012189883,0.325199926369828,295.9175,closed,f,2026-09-10 04:23:28.108701,2026-09-10 04:28:24.026207,"{""z_score"": -0.7764, ""is_stale"": true, ""macd_hist"": -0.00001884, ""macd_value"": -0.0000665, ""wave_phase"": ""falling"", ""bb_position"": 0.3059, ""macd_signal"": -0.00004766, ""z_score_tier"": ""neutral"", ""momentum_score"": 5.3, ""momentum_state"": ""rising"", ""price_at_signal"": 0.04897, ""speed_percentile"": 13.0, ""price_acceleration"": -0.0001}"
15303,LDO,Hermes-rr-struct-,SHORT,2.8140,0.06,5,11.10,rr_engine_resistance,NORMAL,,,0.37491000,1.3683283988157158,0.18671147742124777,25968.488,closed,f,2026-09-12 18:12:27.293865,2026-09-13 01:25:15.782051,"{""rsi_14"": 38.1, ""z_score"": 0.0424, ""is_stale"": true, ""btc_score"": 2.9, ""macd_hist"": -0.00000377, ""btc_regime"": ""BEAR_TREND"", ""macd_value"": 0.00003997, ""wave_phase"": ""neutral"", ""bb_position"": 0.5106, ""macd_signal"": 0.00004375, ""z_score_tier"": ""neutral"", ""btc_trend_bias"": -0.936, ""momentum_score"": 18.7, ""momentum_state"": ""flat"", ""btc_linreg_bias"": -0.375, ""price_at_signal"": 0.37575, ""speed_percentile"": 46.0, ""price_acceleration"": 0.0}"
15492,ADA,Hermes-pump-chain+,LONG,7.3992,0.17,5,11.10,atr_sl_hit,HIGH,56.93,0.00060714,0.22097000,2.7718694845454133,0.13802778657736345,19659.44,closed,f,2026-09-18 18:09:44.85554,2026-09-18 23:37:24.294067,"{""rsi_14"": 63.64, ""z_score"": 1.0311, ""is_stale"": false, ""btc_score"": 67.9, ""macd_hist"": -0.00002378, ""btc_regime"": ""BULL_TREND"", ""macd_value"": 0.00026579, ""wave_phase"": ""accelerating"", ""bb_position"": 0.7578, ""macd_signal"": 0.00028958, ""z_score_tier"": ""high"", ""btc_trend_bias"": 0.287, ""momentum_score"": 33.1, ""momentum_state"": ""rising"", ""btc_linreg_bias"": 0.25, ""price_at_signal"": 0.220795, ""speed_percentile"": 78.9, ""price_acceleration"": 0.0178}"
15276,BABY,"Hermes-rs-s54,trend_purity+",LONG,1.8891,0.07,3,11.10,profit-monster-trail,EXTREME,,,0.01127500,0.9578713968957872,0.12416851441241684,1035.3237,closed,f,2026-09-12 00:16:29.193708,2026-09-12 00:33:44.51738,"{""rsi_14"": 53.33, ""z_score"": 0.7051, ""is_stale"": false, ""btc_score"": 63.9, ""macd_hist"": 0.00000276, ""btc_regime"": ""RANGING_BULL"", ""macd_value"": 0.00001851, ""wave_phase"": ""bottoming"", ""bb_position"": 0.6763, ""macd_signal"": 0.00001576, ""z_score_tier"": ""neutral"", ""btc_trend_bias"": 0.197, ""momentum_score"": 29.7, ""momentum_state"": ""rising"", ""btc_linreg_bias"": 0.25, ""price_at_signal"": 0.011272, ""speed_percentile"": 72.7, ""price_acceleration"": 0.0006}"
15277,ACE,Hermes-mover+,LONG,4.6325,0.31,3,19.90,profit-monster-trail,EXTREME,,,0.16190000,0.8647313156269302,0.49413218035824585,4961.2734,closed,f,2026-09-12 00:34:29.033495,2026-09-12 01:57:10.306989,"{""rsi_14"": 62.5, ""z_score"": 2.3183, ""is_stale"": false, ""btc_score"": 52.3, ""macd_hist"": 0.00008557, ""btc_regime"": ""RANGING_BULL"", ""macd_value"": 0.00021303, ""wave_phase"": ""falling"", ""bb_position"": 1.0796, ""macd_signal"": 0.00012746, ""z_score_tier"": ""extreme_high"", ""btc_trend_bias"": 0.0, ""momentum_score"": 41.4, ""momentum_state"": ""rising"", ""btc_linreg_bias"": 0.25, ""price_at_signal"": 0.1624, ""speed_percentile"": 98.1, ""price_acceleration"": -0.0115}"
15463,WCT,Hermes-volume-breakout-long+,LONG,-4.1847,-0.16,3,11.10,atr_sl_hit,NORMAL,67.50,0.00009214,0.03641800,0,1.3482343895875666,16485.273,closed,f,2026-09-17 14:28:40.778727,2026-09-17 19:03:26.051578,"{""rsi_14"": 66.67, ""z_score"": 0.9865, ""is_stale"": true, ""btc_score"": 87.3, ""macd_hist"": 0.00000787, ""btc_regime"": ""BULL_TREND"", ""macd_value"": 0.00010339, ""wave_phase"": ""falling"", ""bb_position"": 0.7466, ""macd_signal"": 0.00009551, ""z_score_tier"": ""neutral"", ""btc_trend_bias"": 0.718, ""momentum_score"": 13.2, ""momentum_state"": ""rising"", ""btc_linreg_bias"": 0.375, ""price_at_signal"": 0.03636, ""speed_percentile"": 32.3, ""price_acceleration"": -0.0031}"
15462,W,Hermes-open-skies+,LONG,-6.8710,-0.15,5,11.10,atr_sl_hit,HIGH,75.00,0.00003286,0.00946000,0,1.3742071881606766,2222.6519,closed,f,2026-09-17 14:28:30.779172,2026-09-17 15:05:33.431102,"{""rsi_14"": 69.23, ""z_score"": 1.0604, ""is_stale"": false, ""btc_score"": 87.3, ""macd_hist"": 0.0000032, ""btc_regime"": ""BULL_TREND"", ""macd_value"": 0.00004181, ""wave_phase"": ""falling"", ""bb_position"": 0.7651, ""macd_signal"": 0.00003861, ""z_score_tier"": ""high"", ""btc_trend_bias"": 0.718, ""momentum_score"": 23.4, ""momentum_state"": ""rising"", ""btc_linreg_bias"": 0.375, ""price_at_signal"": 0.00945, ""speed_percentile"": 57.1, ""price_acceleration"": -0.0008}"
15278,W,Hermes-trend_purity+,LONG,1.0341,0.02,5,11.10,profit-monster-trail,EXTREME,,,0.00967000,0.4136504653567735,0.10341261633919338,2248.2085,closed,f,2026-09-12 00:43:29.949892,2026-09-12 01:20:58.158504,"{""rsi_14"": 71.43, ""z_score"": 2.0499, ""is_stale"": false, ""btc_score"": 36.1, ""macd_hist"": 0.00000105, ""btc_regime"": ""RANGING"", ""macd_value"": 0.00001338, ""wave_phase"": ""bottoming"", ""bb_position"": 1.0125, ""macd_signal"": 0.00001233, ""z_score_tier"": ""extreme_high"", ""btc_trend_bias"": -0.198, ""momentum_score"": 18.5, ""momentum_state"": ""rising"", ""btc_linreg_bias"": 0.0, ""price_at_signal"": 0.00966, ""speed_percentile"": 45.3, ""price_acceleration"": 0.0014}"
15238,APT,Hermes-pump-chain-,SHORT,4.8584,0.11,5,11.10,atr_sl_hit,EXTREME,,,0.60720000,2.1574440052700923,0.08234519104084322,3856.382,closed,f,2026-09-11 10:40:14.223517,2026-09-11 11:44:30.605506,"{""z_score"": -1.2478, ""is_stale"": false, ""macd_hist"": -0.00031293, ""macd_value"": -0.00216217, ""wave_phase"": ""accelerating"", ""bb_position"": 0.1881, ""macd_signal"": -0.00184924, ""z_score_tier"": ""low"", ""momentum_score"": 36.6, ""momentum_state"": ""flat"", ""price_at_signal"": 0.608, ""speed_percentile"": 88.8, ""price_acceleration"": 0.0021}"
15233,LTC,Hermes-bb-bounce-v2-long+,LONG,-5.4789,-0.22,5,19.90,cut-loser-CL-T1,NORMAL,,,53.02200000,0,1.0967145713100221,4131.609,closed,f,2026-09-11 09:04:33.402298,2026-09-11 10:13:25.011138,"{""z_score"": -0.1295, ""is_stale"": false, ""macd_hist"": 0.00303544, ""macd_value"": -0.01720766, ""wave_phase"": ""accelerating"", ""bb_position"": 0.4676, ""macd_signal"": -0.0202431, ""z_score_tier"": ""neutral"", ""momentum_score"": 17.4, ""momentum_state"": ""flat"", ""price_at_signal"": 53.081, ""speed_percentile"": 42.2, ""price_acceleration"": 0.0039}"
15258,DOT,Hermes-mover-,SHORT,4.1694,0.09,5,11.10,profit-monster-trail,EXTREME,,,1.05530000,1.345588932057235,0.13740168672415426,1491.7783,closed,f,2026-09-11 17:42:33.07973,2026-09-11 18:07:24.858032,"{""rsi_14"": 36.36, ""z_score"": -2.8139, ""is_stale"": false, ""macd_hist"": -0.00029971, ""macd_value"": -0.00148145, ""wave_phase"": ""falling"", ""bb_position"": -0.2035, ""macd_signal"": -0.00118174, ""z_score_tier"": ""extreme_low"", ""momentum_score"": 21.1, ""momentum_state"": ""falling"", ""price_at_signal"": 1.0563, ""speed_percentile"": 50.9, ""price_acceleration"": -0.0044}"
15200,ACE,Hermes-bb-bounce-v2-long+,LONG,0.5583,0.02,3,11.10,profit-monster-trail,EXTREME,,,0.16120000,0.49627791563275436,0,1025.9052,closed,f,2026-09-10 14:21:31.0879,2026-09-10 14:38:36.993071,"{""z_score"": 0.118, ""is_stale"": false, ""macd_hist"": -0.0000372, ""macd_value"": -0.00012523, ""wave_phase"": ""decelerating"", ""bb_position"": 0.5295, ""macd_signal"": -0.00008803, ""z_score_tier"": ""neutral"", ""momentum_score"": 4.4, ""momentum_state"": ""rising"", ""price_at_signal"": 0.162, ""speed_percentile"": 10.6, ""price_acceleration"": -0.0042}"
15464,COMP,Hermes-r2-trend-short3,SHORT,-3.8245,-0.09,5,11.10,cut-loser-CL-T1,NORMAL,43.10,0.05057143,19.21800000,0.1821209282963888,0.7701113539390155,,closed,f,2026-09-17 15:17:03.657221,2026-09-17 15:59:45.630173,"{""rsi_14"": 40.0, ""z_score"": -0.8532, ""is_stale"": false, ""btc_score"": 10.7, ""macd_hist"": -0.00088786, ""btc_regime"": ""RANGING"", ""macd_value"": -0.03535467, ""wave_phase"": ""falling"", ""bb_position"": 0.2867, ""macd_signal"": -0.03446682, ""z_score_tier"": ""neutral"", ""btc_trend_bias"": -0.762, ""momentum_score"": 26.8, ""momentum_state"": ""flat"", ""btc_linreg_bias"": 0.0, ""price_at_signal"": 19.1805, ""speed_percentile"": 64.6, ""price_acceleration"": -0.0061}"
15274,LTC,Hermes-rr-struct+,LONG,2.0859,0.07,5,16.60,profit-monster-trail,HIGH,,,53.21400000,0.5459089713233359,0.5947682940579547,11062.189,closed,f,2026-09-11 22:26:44.052176,2026-09-12 01:31:06.241379,"{""rsi_14"": 47.62, ""z_score"": 1.101, ""is_stale"": false, ""macd_hist"": 0.02219504, ""macd_value"": 0.03768381, ""wave_phase"": ""falling"", ""bb_position"": 0.7752, ""macd_signal"": 0.01548877, ""z_score_tier"": ""high"", ""momentum_score"": 29.8, ""momentum_state"": ""flat"", ""price_at_signal"": 53.2175, ""speed_percentile"": 72.7, ""price_acceleration"": -0.0127}"
15466,NOT,Hermes-volume-breakout-long+,LONG,-3.9474,-0.15,3,11.10,atr_sl_hit,NORMAL,45.45,0.00000186,0.00045600,0.43859649122807015,1.3157894736842106,4241.605,closed,f,2026-09-17 16:35:38.88795,2026-09-17 17:46:20.492818,"{""rsi_14"": 61.54, ""z_score"": 1.2541, ""is_stale"": false, ""btc_score"": 49.8, ""macd_hist"": 0.00000004, ""btc_regime"": ""RANGING"", ""macd_value"": 0.00000133, ""wave_phase"": ""accelerating"", ""bb_position"": 0.8135, ""macd_signal"": 0.00000129, ""z_score_tier"": ""high"", ""btc_trend_bias"": 0.0, ""momentum_score"": 0.5, ""momentum_state"": ""rising"", ""btc_linreg_bias"": 0.25, ""price_at_signal"": 0.000453, ""speed_percentile"": 1.2, ""price_acceleration"": 0.0075}"
15185,LINK,Hermes-pullback-entry-,SHORT,-0.8043,-0.02,5,11.10,rr_engine_support_tp,NORMAL,,,11.81100000,0.630767928202523,0.6561679790026247,19005.107,closed,f,2026-09-10 06:31:34.964995,2026-09-10 11:48:20.072202,"{""z_score"": 0.8997, ""is_stale"": true, ""macd_hist"": 0.00289617, ""macd_value"": -0.01397495, ""wave_phase"": ""falling"", ""bb_position"": 0.7249, ""macd_signal"": -0.01687111, ""z_score_tier"": ""neutral"", ""momentum_score"": 10.6, ""momentum_state"": ""rising"", ""price_at_signal"": 11.7915, ""speed_percentile"": 26.1, ""price_acceleration"": -0.0011}"
15465,BABY,Hermes-volume-breakout-long+,LONG,0.1118,0.01,3,22.10,atr_sl_hit,NORMAL,55.00,0.00002786,0.01073600,1.276080476900149,0.11177347242921014,6961.961,closed,f,2026-09-17 16:13:28.669246,2026-09-17 18:09:30.630066,"{""rsi_14"": 72.73, ""z_score"": 1.2604, ""is_stale"": false, ""btc_score"": 68.8, ""macd_hist"": -0.00000146, ""btc_regime"": ""BULL_TREND"", ""macd_value"": 0.00002235, ""wave_phase"": ""accelerating"", ""bb_position"": 0.8151, ""macd_signal"": 0.00002381, ""z_score_tier"": ""high"", ""btc_trend_bias"": 0.306, ""momentum_score"": 20.4, ""momentum_state"": ""flat"", ""btc_linreg_bias"": 0.375, ""price_at_signal"": 0.01076, ""speed_percentile"": 48.4, ""price_acceleration"": 0.0066}"
15186,NXPC,Hermes-pullback-entry+,LONG,-3.7365,-0.14,3,11.10,atr_sl_hit,HIGH,,,0.21437000,0.27056024630312075,1.2245183561132622,9593.844,closed,f,2026-09-10 07:02:26.818332,2026-09-10 09:42:20.661973,"{""z_score"": 1.3564, ""is_stale"": true, ""macd_hist"": -0.00000787, ""macd_value"": 0.00049035, ""wave_phase"": ""decelerating"", ""bb_position"": 0.8391, ""macd_signal"": 0.00049822, ""z_score_tier"": ""high"", ""momentum_score"": 0.2, ""momentum_state"": ""rising"", ""price_at_signal"": 0.21422, ""speed_percentile"": 0.6, ""price_acceleration"": -0.0013}"
15187,LDO,Hermes-pullback-entry-,SHORT,0.5372,0.01,5,11.10,rr_engine_support_tp,EXTREME,,,0.37231000,0.12086701941930111,0.20144503236550187,474.73407,closed,f,2026-09-10 07:57:32.363883,2026-09-10 08:05:27.097958,"{""z_score"": 1.2365, ""is_stale"": false, ""macd_hist"": 0.00015371, ""macd_value"": 0.0002183, ""wave_phase"": ""falling"", ""bb_position"": 0.8091, ""macd_signal"": 0.00006459, ""z_score_tier"": ""high"", ""momentum_score"": 27.0, ""momentum_state"": ""flat"", ""price_at_signal"": 0.3724, ""speed_percentile"": 65.2, ""price_acceleration"": -0.0125}"
15769,ONDO,Hermes-r2-trend-short3,SHORT,3.3264,0.07,5,11.10,profit-monster-trail,EXTREME,49.24,0.00191036,0.50805000,1.1888593642358036,0,,closed,f,2026-09-30 17:51:34.658279,2026-09-30 18:11:52.721001,"{""rsi_14"": 43.04, ""z_score"": -0.9117, ""is_stale"": false, ""btc_score"": 5.6, ""macd_hist"": -0.00000929, ""btc_regime"": ""BEAR_TREND"", ""macd_value"": -0.00129965, ""wave_phase"": ""falling"", ""bb_position"": 0.2721, ""macd_signal"": -0.00129036, ""gap_at_entry"": 0.2792, ""volume_spike"": 1.0, ""z_score_tier"": ""neutral"", ""btc_trend_bias"": -0.875, ""momentum_score"": 27.0, ""momentum_state"": ""flat"", ""btc_linreg_bias"": -0.375, ""price_at_signal"": 0.50619, ""final_confidence"": 89.0, ""speed_percentile"": 64.6, ""staleness_minutes"": 4.08, ""price_acceleration"": -0.0065}"
15188,PONS,Hermes-accel-300-v4-short-,SHORT,8.5623,0.32,3,11.10,atr_sl_hit,EXTREME,,,0.62156000,3.757481176394877,0.7987965763562649,2016.9952,closed,f,2026-09-10 08:24:39.09702,2026-09-10 08:58:16.092275,"{""z_score"": -1.4303, ""is_stale"": false, ""macd_hist"": -0.00097725, ""macd_value"": -0.00488336, ""wave_phase"": ""accelerating"", ""bb_position"": 0.1424, ""macd_signal"": -0.00390611, ""z_score_tier"": ""low"", ""momentum_score"": 44.1, ""momentum_state"": ""falling"", ""price_at_signal"": 0.61982, ""speed_percentile"": 98.8, ""price_acceleration"": 0.033}"
15279,KAS,Hermes-trend_purity+,LONG,4.6032,0.29,3,18.80,rr_engine_support_br,EXTREME,,,0.03597500,2.2710215427380125,0.4197359277275886,7131.3237,closed,f,2026-09-12 01:27:27.412108,2026-09-12 03:26:18.735886,"{""rsi_14"": 61.64, ""z_score"": 1.592, ""is_stale"": false, ""btc_score"": 48.1, ""macd_hist"": 0.00001043, ""btc_regime"": ""RANGING"", ""macd_value"": 0.00008708, ""wave_phase"": ""accelerating"", ""bb_position"": 0.898, ""macd_signal"": 0.00007665, ""z_score_tier"": ""high"", ""btc_trend_bias"": 0.0, ""momentum_score"": 27.3, ""momentum_state"": ""rising"", ""btc_linreg_bias"": 0.375, ""price_at_signal"": 0.036057, ""speed_percentile"": 66.5, ""price_acceleration"": 0.0089}"
15190,CC,Hermes-pump-chain-,SHORT,0.5605,0.04,3,19.90,atr_sl_hit,HIGH,,,0.10170000,1.5486725663716814,0.8603736479842674,14038.976,closed,f,2026-09-10 09:43:27.335337,2026-09-10 13:37:26.311099,"{""z_score"": -2.1601, ""is_stale"": false, ""macd_hist"": -0.00003267, ""macd_value"": -0.00018216, ""wave_phase"": ""decelerating"", ""bb_position"": -0.04, ""macd_signal"": -0.00014949, ""z_score_tier"": ""extreme_low"", ""momentum_score"": 2.3, ""momentum_state"": ""falling"", ""price_at_signal"": 0.102365, ""speed_percentile"": 5.6, ""price_acceleration"": -0.0067}"
15319,INJ,Hermes-rr-struct+,LONG,5.4686,0.13,5,11.10,atr_sl_hit,HIGH,,,6.03450000,2.6771066368381806,0.45322727649349576,4208.9683,closed,f,2026-09-13 13:56:29.369282,2026-09-13 15:06:38.337525,"{""rsi_14"": 71.05, ""z_score"": 1.523, ""is_stale"": false, ""btc_score"": 64.3, ""macd_hist"": 0.00671519, ""btc_regime"": ""RANGING"", ""macd_value"": 0.04043474, ""wave_phase"": ""accelerating"", ""bb_position"": 0.8807, ""macd_signal"": 0.03371955, ""z_score_tier"": ""high"", ""btc_trend_bias"": 0.206, ""momentum_score"": 3.0, ""momentum_state"": ""rising"", ""btc_linreg_bias"": -0.125, ""price_at_signal"": 6.0246, ""speed_percentile"": 7.5, ""price_acceleration"": 0.011}"
15302,ETC,Hermes-pullback-entry-,SHORT,8.4934,0.19,5,11.10,atr_sl_hit,NORMAL,,,7.70600000,3.00934336880353,0.11549441993252012,74256.71,closed,f,2026-09-12 17:27:46.857433,2026-09-13 14:05:23.569331,"{""rsi_14"": 25.0, ""z_score"": -1.6788, ""is_stale"": false, ""btc_score"": 11.6, ""macd_hist"": -0.00014595, ""btc_regime"": ""RANGING"", ""macd_value"": -0.00098325, ""wave_phase"": ""accelerating"", ""bb_position"": 0.0803, ""macd_signal"": -0.0008373, ""z_score_tier"": ""low"", ""btc_trend_bias"": -0.743, ""momentum_score"": 27.3, ""momentum_state"": ""falling"", ""btc_linreg_bias"": 0.125, ""price_at_signal"": 7.7172, ""speed_percentile"": 67.1, ""price_acceleration"": 0.0009}"
15470,AIXBT,Hermes-pullback-entry-,SHORT,-3.8177,-0.14,3,11.10,atr_sl_hit,NORMAL,45.32,0.00002664,0.01956700,0.3628558286911637,1.3389891143251393,19742.377,closed,f,2026-09-17 19:26:32.103656,2026-09-18 00:55:34.481049,"{""rsi_14"": 60.0, ""z_score"": -1.9765, ""is_stale"": false, ""btc_score"": 1.9, ""macd_hist"": -0.00000638, ""btc_regime"": ""BEAR_TREND"", ""macd_value"": -0.00000003, ""wave_phase"": ""accelerating"", ""bb_position"": 0.0059, ""macd_signal"": 0.00000636, ""z_score_tier"": ""low"", ""btc_trend_bias"": -0.957, ""momentum_score"": 22.5, ""momentum_state"": ""falling"", ""btc_linreg_bias"": -0.375, ""price_at_signal"": 0.019565, ""speed_percentile"": 55.3, ""price_acceleration"": 0.0031}"
15191,LDO,Hermes-pullback-entry-,SHORT,0.9156,0.02,5,11.10,rr_engine_support_tp,HIGH,,,0.37133000,0.7405811542293916,0.7675113780195514,5206.0947,closed,f,2026-09-10 11:15:58.583491,2026-09-10 12:42:44.678384,"{""z_score"": -0.3635, ""is_stale"": false, ""macd_hist"": -0.00007983, ""macd_value"": -0.00031177, ""wave_phase"": ""accelerating"", ""bb_position"": 0.4091, ""macd_signal"": -0.00023194, ""z_score_tier"": ""neutral"", ""momentum_score"": 28.0, ""momentum_state"": ""rising"", ""price_at_signal"": 0.3694, ""speed_percentile"": 67.7, ""price_acceleration"": 0.0095}"
15183,BABY,Hermes-pump-chain-,SHORT,7.6464,0.28,3,11.10,atr_sl_hit,HIGH,,,0.01106400,3.597252349963847,0.8224873463485177,18714.941,closed,f,2026-09-10 06:21:25.994412,2026-09-10 11:33:20.935831,"{""z_score"": -1.7684, ""is_stale"": true, ""macd_hist"": -0.0000074, ""macd_value"": -0.00002687, ""wave_phase"": ""accelerating"", ""bb_position"": 0.0579, ""macd_signal"": -0.00001947, ""z_score_tier"": ""low"", ""momentum_score"": 0.8, ""momentum_state"": ""falling"", ""price_at_signal"": 0.011041, ""speed_percentile"": 1.9, ""price_acceleration"": 0.0044}"
15283,INJ,Hermes-trend_purity+,LONG,-6.7520,-0.30,5,22.10,rr_engine_support_br,EXTREME,,,5.93900000,0.5497558511533929,1.6004377841387438,2513.517,closed,f,2026-09-12 03:33:31.116162,2026-09-12 04:15:24.633248,"{""rsi_14"": 55.38, ""z_score"": 1.869, ""is_stale"": false, ""btc_score"": 33.2, ""macd_hist"": 0.00068829, ""btc_regime"": ""RANGING"", ""macd_value"": 0.0072352, ""wave_phase"": ""bottoming"", ""bb_position"": 0.9673, ""macd_signal"": 0.00654691, ""z_score_tier"": ""high"", ""btc_trend_bias"": -0.262, ""momentum_score"": 13.3, ""momentum_state"": ""rising"", ""btc_linreg_bias"": 0.125, ""price_at_signal"": 5.9436, ""speed_percentile"": 32.9, ""price_acceleration"": 0.0042}"
15471,ALT,Hermes-pullback-entry-,SHORT,-4.0098,-0.15,3,11.10,atr_sl_hit,NORMAL,68.75,0.00000929,0.00650900,0.3687202335228146,1.336610846520203,19428.371,closed,f,2026-09-17 19:31:37.821826,2026-09-18 00:55:26.191976,"{""rsi_14"": 100.0, ""z_score"": 0.7773, ""is_stale"": false, ""btc_score"": 40.5, ""macd_hist"": 0.00000029, ""btc_regime"": ""TRANSITIONING"", ""macd_value"": 0.00000237, ""wave_phase"": ""accelerating"", ""bb_position"": 0.6943, ""macd_signal"": 0.00000207, ""z_score_tier"": ""neutral"", ""btc_trend_bias"": -0.101, ""momentum_score"": 26.3, ""momentum_state"": ""rising"", ""btc_linreg_bias"": -0.25, ""price_at_signal"": 0.006503, ""speed_percentile"": 64.6, ""price_acceleration"": 0.0038}"
15193,APT,Hermes-pump-chain-,SHORT,0.4832,0.01,5,11.10,rr_engine_support_tp,EXTREME,,,0.62080000,0.14497422680412372,0.22551546391752578,882.15155,closed,f,2026-09-10 11:57:36.578273,2026-09-10 12:12:18.729838,"{""z_score"": -1.3523, ""is_stale"": false, ""macd_hist"": -0.00080223, ""macd_value"": -0.0006838, ""wave_phase"": ""bottoming"", ""bb_position"": 0.1619, ""macd_signal"": 0.00011842, ""z_score_tier"": ""low"", ""momentum_score"": 27.8, ""momentum_state"": ""falling"", ""price_at_signal"": 0.6209, ""speed_percentile"": 68.3, ""price_acceleration"": 0.001}"
15194,IO,Hermes-pump-chain-,SHORT,1.9667,0.07,3,11.10,atr_sl_hit,HIGH,,,0.12966000,1.8972697825080982,0.8252352306031159,17326.277,closed,f,2026-09-10 12:13:31.86165,2026-09-10 17:02:18.139076,"{""z_score"": -2.1473, ""is_stale"": false, ""macd_hist"": -0.00008042, ""macd_value"": -0.00028259, ""wave_phase"": ""bottoming"", ""bb_position"": -0.0368, ""macd_signal"": -0.00020217, ""z_score_tier"": ""extreme_low"", ""momentum_score"": 22.2, ""momentum_state"": ""falling"", ""price_at_signal"": 0.12953, ""speed_percentile"": 54.7, ""price_acceleration"": 0.0015}"
15796,ENS,Hermes-accel-300-,SHORT,-4.0844,-0.09,5,11.10,hard_max_loss,HIGH,35.58,0.01404286,6.87980000,0.13808540945957823,0.4738509840402267,2096.5688,closed,f,2026-10-01 10:13:23.213825,2026-10-01 10:48:19.782782,"{""rsi_14"": 24.33, ""z_score"": -0.6915, ""is_stale"": false, ""btc_score"": 14.1, ""macd_hist"": -0.0032622, ""btc_regime"": ""TRANSITIONING"", ""macd_value"": -0.0189639, ""wave_phase"": ""falling"", ""bb_position"": 0.3271, ""macd_signal"": -0.0157017, ""gap_at_entry"": -1.1239, ""volume_spike"": 1.0, ""z_score_tier"": ""neutral"", ""btc_trend_bias"": -0.687, ""momentum_score"": 14.4, ""momentum_state"": ""rising"", ""btc_linreg_bias"": -0.25, ""price_at_signal"": 6.8838, ""final_confidence"": 99, ""speed_percentile"": 34.6, ""staleness_minutes"": 1.93, ""price_acceleration"": -0.0035}"
15195,BLUR,Hermes-pump-chain-,SHORT,7.5800,0.50,3,19.90,atr_sl_hit,EXTREME,,,0.01678100,3.9628150884929383,0,6597.015,closed,f,2026-09-10 12:43:30.833998,2026-09-10 14:33:27.849042,"{""z_score"": -2.6767, ""is_stale"": false, ""macd_hist"": -0.00001544, ""macd_value"": -0.00004756, ""wave_phase"": ""falling"", ""bb_position"": -0.1692, ""macd_signal"": -0.00003211, ""z_score_tier"": ""extreme_low"", ""momentum_score"": 38.4, ""momentum_state"": ""falling"", ""price_at_signal"": 0.016803, ""speed_percentile"": 90.7, ""price_acceleration"": -0.0238}"
15196,SYRUP,Hermes-accel-300-v4-short-,SHORT,-3.7117,-0.14,3,11.10,atr_sl_hit,HIGH,,,0.20368000,0.8100942655145326,1.261783189316575,5147.8086,closed,f,2026-09-10 12:48:31.631064,2026-09-10 14:14:19.4399,"{""z_score"": -3.0532, ""is_stale"": false, ""macd_hist"": -0.0000689, ""macd_value"": -0.00041402, ""wave_phase"": ""falling"", ""bb_position"": -0.2633, ""macd_signal"": -0.00034511, ""z_score_tier"": ""extreme_low"", ""momentum_score"": 33.8, ""momentum_state"": ""falling"", ""price_at_signal"": 0.204455, ""speed_percentile"": 80.1, ""price_acceleration"": -0.0259}"
15469,HEMI,Hermes-pullback-entry-,SHORT,0.5164,0.02,3,11.10,atr_sl_hit,HIGH,48.00,0.00001857,0.00639000,1.4710485133020343,0.1564945226917058,10486.755,closed,f,2026-09-17 18:38:34.880651,2026-09-17 21:33:21.635701,"{""rsi_14"": 50.0, ""z_score"": -1.0265, ""is_stale"": false, ""btc_score"": 17.0, ""macd_hist"": -0.00000158, ""btc_regime"": ""RANGING"", ""macd_value"": 0.00000146, ""wave_phase"": ""accelerating"", ""bb_position"": 0.2434, ""macd_signal"": 0.00000304, ""z_score_tier"": ""low"", ""btc_trend_bias"": -0.623, ""momentum_score"": 20.4, ""momentum_state"": ""falling"", ""btc_linreg_bias"": 0.0, ""price_at_signal"": 0.006386, ""speed_percentile"": 49.7, ""price_acceleration"": 0.004}"
15197,ICP,"Hermes-pump-chain-,r2-trend-short4",SHORT,-7.9429,-0.18,5,11.10,atr_sl_hit,EXTREME,,,2.71940000,0.05883650805324704,1.5610061042877106,2919.5828,closed,f,2026-09-10 12:48:43.681333,2026-09-10 13:37:23.264189,"{""z_score"": -1.031, ""is_stale"": false, ""macd_hist"": -0.00238826, ""macd_value"": -0.00568772, ""wave_phase"": ""falling"", ""bb_position"": 0.2422, ""macd_signal"": -0.00329945, ""z_score_tier"": ""low"", ""momentum_score"": 30.9, ""momentum_state"": ""falling"", ""price_at_signal"": 2.74055, ""speed_percentile"": 73.9, ""price_acceleration"": -0.0113}"
15322,LINK,Hermes-rr-struct-,SHORT,-5.1514,-0.12,5,11.10,rr_engine_resistance,NORMAL,,,11.25900000,0.1376676436628475,1.0436095567990051,7016.4985,closed,f,2026-09-13 15:06:35.904699,2026-09-13 17:03:32.403318,"{""rsi_14"": 60.38, ""z_score"": -2.344, ""is_stale"": false, ""btc_score"": 79.5, ""macd_hist"": -0.00348925, ""btc_regime"": ""BULL_TREND"", ""macd_value"": -0.00728436, ""wave_phase"": ""falling"", ""bb_position"": -0.086, ""macd_signal"": -0.00379511, ""z_score_tier"": ""extreme_low"", ""btc_trend_bias"": 0.545, ""momentum_score"": 23.8, ""momentum_state"": ""falling"", ""btc_linreg_bias"": 0.375, ""price_at_signal"": 11.2685, ""speed_percentile"": 57.1, ""price_acceleration"": -0.0075}"
15505,CC,Hermes-pump-chain+,LONG,-4.5787,-0.17,3,11.10,atr_sl_hit,HIGH,81.50,0.00036607,0.11335000,0.317600352889281,1.5041905602117336,7020.5874,closed,f,2026-09-19 02:43:32.329765,2026-09-19 04:40:32.916983,"{""rsi_14"": 32.62, ""z_score"": 1.5073, ""is_stale"": false, ""btc_score"": 77.0, ""macd_hist"": 0.00006349, ""btc_regime"": ""BULL_TREND"", ""macd_value"": 0.00017782, ""wave_phase"": ""accelerating"", ""bb_position"": 0.8768, ""macd_signal"": 0.00011433, ""gap_at_entry"": 1.3481, ""z_score_tier"": ""high"", ""btc_trend_bias"": 0.49, ""momentum_score"": 31.5, ""momentum_state"": ""rising"", ""btc_linreg_bias"": 0.25, ""price_at_signal"": 0.113095, ""speed_percentile"": 75.2, ""staleness_minutes"": 1.28, ""price_acceleration"": 0.0204}"
15517,AZTEC,Hermes-pump-chain+,LONG,-4.5072,-0.16,3,11.10,atr_sl_hit,EXTREME,69.61,0.00007250,0.01590800,0.2703042494342469,1.3389489564998742,1530.5747,closed,f,2026-09-19 04:26:51.69038,2026-09-19 04:52:22.265127,"{""rsi_14"": 51.13, ""z_score"": 2.8081, ""is_stale"": false, ""btc_score"": 41.7, ""macd_hist"": 0.0000182, ""btc_regime"": ""RANGING_BEAR"", ""macd_value"": -0.0000135, ""wave_phase"": ""falling"", ""bb_position"": 1.202, ""macd_signal"": -0.0000317, ""gap_at_entry"": 0.9514, ""z_score_tier"": ""extreme_high"", ""btc_trend_bias"": -0.073, ""momentum_score"": 38.5, ""momentum_state"": ""rising"", ""btc_linreg_bias"": -0.125, ""price_at_signal"": 0.015896, ""speed_percentile"": 90.7, ""staleness_minutes"": 6.5, ""price_acceleration"": -0.0277}"
15803,SUSHI,Hermes-doji-bottom-long,LONG,0.3447,0.01,3,11.10,profit-monster-trail,HIGH,19.23,0.00049000,0.26112000,0.6433823529411765,0.5093443627450981,,closed,f,2026-10-01 21:32:33.810969,2026-10-02 00:58:05.441821,"{""rsi_14"": 25.08, ""z_score"": -1.0696, ""is_stale"": true, ""btc_score"": 18.2, ""macd_hist"": -0.0000486, ""btc_regime"": ""TRANSITIONING"", ""macd_value"": -0.00065163, ""wave_phase"": ""falling"", ""bb_position"": 0.2326, ""macd_signal"": -0.00060303, ""gap_at_entry"": -0.4898, ""volume_spike"": 0.0, ""z_score_tier"": ""low"", ""btc_trend_bias"": -0.597, ""momentum_score"": 14.4, ""momentum_state"": ""falling"", ""btc_linreg_bias"": 0.0, ""price_at_signal"": 0.2617, ""final_confidence"": 95.0, ""speed_percentile"": 35.2, ""staleness_minutes"": 1.06, ""price_acceleration"": -0.004}"
15472,IMX,Hermes-pullback-entry-,SHORT,-7.3173,-0.16,5,11.10,atr_sl_hit,HIGH,72.53,0.00022214,0.12163000,0.9619337334539176,1.504563018992025,12599.615,closed,f,2026-09-17 22:36:34.031631,2026-09-18 02:06:33.646664,"{""rsi_14"": 33.33, ""z_score"": 2.3044, ""is_stale"": false, ""btc_score"": 0.6, ""macd_hist"": 0.00005094, ""btc_regime"": ""BEAR_TREND"", ""macd_value"": -0.00002046, ""wave_phase"": ""accelerating"", ""bb_position"": 1.0761, ""macd_signal"": -0.0000714, ""z_score_tier"": ""extreme_high"", ""btc_trend_bias"": -0.988, ""momentum_score"": 33.1, ""momentum_state"": ""rising"", ""btc_linreg_bias"": -0.375, ""price_at_signal"": 0.12118, ""speed_percentile"": 80.7, ""price_acceleration"": 0.0066}"
15199,BCH,Hermes-pump-chain-,SHORT,7.9369,0.18,5,11.10,atr_sl_hit,EXTREME,,,229.94000000,2.9225015221362094,0.09785161346438201,8608.909,closed,f,2026-09-10 13:38:49.64224,2026-09-10 16:02:18.551338,"{""z_score"": -0.1768, ""is_stale"": false, ""macd_hist"": 0.14857573, ""macd_value"": -2.35445447, ""wave_phase"": ""decelerating"", ""bb_position"": 0.4558, ""macd_signal"": -2.50303021, ""z_score_tier"": ""neutral"", ""momentum_score"": 21.2, ""momentum_state"": ""flat"", ""price_at_signal"": 229.97, ""speed_percentile"": 51.6, ""price_acceleration"": -0.0293}"
15198,INJ,Hermes-pump-chain-,SHORT,6.3763,0.29,5,22.10,atr_sl_hit,EXTREME,,,5.92040000,2.7472805891493817,0.9205459090601986,11321.122,closed,f,2026-09-10 13:38:35.668527,2026-09-10 16:47:16.790849,"{""z_score"": -1.9333, ""is_stale"": true, ""macd_hist"": -0.00611713, ""macd_value"": -0.01979444, ""wave_phase"": ""falling"", ""bb_position"": 0.0167, ""macd_signal"": -0.01367731, ""z_score_tier"": ""low"", ""momentum_score"": 12.3, ""momentum_state"": ""falling"", ""price_at_signal"": 5.9179, ""speed_percentile"": 29.8, ""price_acceleration"": -0.0092}"
15519,LINK,Hermes-grind-trend-,SHORT,-4.6278,-0.11,5,11.10,cut-loser-CL-T1,HIGH,27.12,0.03450000,12.31700000,0.19079321263294632,0.8808963221563693,,closed,f,2026-09-19 06:20:33.001162,2026-09-19 08:19:48.724023,"{""rsi_14"": 48.15, ""z_score"": -1.088, ""is_stale"": false, ""btc_score"": 25.6, ""macd_hist"": -0.00057043, ""btc_regime"": ""BEAR_TREND"", ""macd_value"": -0.0086561, ""wave_phase"": ""falling"", ""bb_position"": 0.228, ""macd_signal"": -0.00808567, ""gap_at_entry"": -0.326, ""z_score_tier"": ""low"", ""btc_trend_bias"": -0.431, ""momentum_score"": 32.6, ""momentum_state"": ""falling"", ""btc_linreg_bias"": -0.125, ""price_at_signal"": 12.337, ""speed_percentile"": 77.8, ""staleness_minutes"": 1.26, ""price_acceleration"": -0.0151}"
15809,USELESS,Hermes-bb-squeeze+,LONG,0.4945,0.02,3,11.10,profit-monster-trail,EXTREME,82.00,0.00091607,0.24265000,0.9045950958170204,0.37708633834741395,,closed,f,2026-10-02 01:57:26.775832,2026-10-02 02:20:40.80765,"{""rsi_14"": 59.26, ""z_score"": 3.0579, ""is_stale"": false, ""btc_score"": 81.0, ""macd_hist"": 0.00037903, ""btc_regime"": ""TRANSITIONING"", ""macd_value"": 0.00055927, ""wave_phase"": ""falling"", ""bb_position"": 1.2645, ""macd_signal"": 0.00018024, ""gap_at_entry"": 1.8959, ""volume_spike"": 0.89, ""z_score_tier"": ""extreme_high"", ""btc_trend_bias"": 0.577, ""momentum_score"": 40.1, ""momentum_state"": ""rising"", ""btc_linreg_bias"": -0.25, ""price_at_signal"": 0.242205, ""final_confidence"": 95.0, ""speed_percentile"": 96.2, ""staleness_minutes"": 1.05, ""price_acceleration"": -0.0148}"
15334,KAS,Hermes-rr-struct+,LONG,-3.4654,-0.26,3,22.10,rr_engine_support_br,NORMAL,,,0.03462800,0.5660159408571098,1.1551345731777751,6706.681,closed,f,2026-09-13 17:36:36.857623,2026-09-13 19:28:23.538678,"{""rsi_14"": 61.64, ""z_score"": -2.4222, ""is_stale"": false, ""btc_score"": 63.6, ""macd_hist"": -0.00003496, ""btc_regime"": ""RANGING_BULL"", ""macd_value"": 0.0000126, ""wave_phase"": ""accelerating"", ""bb_position"": -0.1055, ""macd_signal"": 0.00004756, ""z_score_tier"": ""extreme_low"", ""btc_trend_bias"": 0.191, ""momentum_score"": 8.1, ""momentum_state"": ""falling"", ""btc_linreg_bias"": 0.25, ""price_at_signal"": 0.034621, ""speed_percentile"": 19.9, ""price_acceleration"": 0.0075}"
15468,IO,Hermes-pullback-entry-,SHORT,-4.4265,-0.16,3,11.10,atr_sl_hit,HIGH,61.15,0.00031286,0.12877000,0.5047759571328726,1.4754989516191659,22793.902,closed,f,2026-09-17 18:27:27.933396,2026-09-18 00:47:21.834966,"{""rsi_14"": 50.0, ""z_score"": 1.4081, ""is_stale"": false, ""btc_score"": 49.9, ""macd_hist"": 0.00004098, ""btc_regime"": ""RANGING"", ""macd_value"": 0.00001052, ""wave_phase"": ""falling"", ""bb_position"": 0.852, ""macd_signal"": -0.00003047, ""z_score_tier"": ""high"", ""btc_trend_bias"": 0.0, ""momentum_score"": 23.0, ""momentum_state"": ""flat"", ""btc_linreg_bias"": 0.0, ""price_at_signal"": 0.12868, ""speed_percentile"": 55.3, ""price_acceleration"": -0.0109}"
15286,BIGTIME,Hermes-trend_purity+,LONG,-3.6647,-0.14,3,11.10,atr_sl_hit,EXTREME,,,0.00712200,0.32294299354114014,1.2075259758494805,2268.5515,closed,f,2026-09-12 04:44:32.370593,2026-09-12 05:22:20.922053,"{""rsi_14"": 50.0, ""z_score"": 0.6073, ""is_stale"": false, ""btc_score"": 27.1, ""macd_hist"": 0.00000147, ""btc_regime"": ""RANGING"", ""macd_value"": 0.00001816, ""wave_phase"": ""accelerating"", ""bb_position"": 0.6518, ""macd_signal"": 0.00001669, ""z_score_tier"": ""neutral"", ""btc_trend_bias"": -0.398, ""momentum_score"": 41.8, ""momentum_state"": ""flat"", ""btc_linreg_bias"": 0.0, ""price_at_signal"": 0.007138, ""speed_percentile"": 99.4, ""price_acceleration"": 0.0054}"
15282,IMX,Hermes-rr-struct+,LONG,0.6130,0.02,5,18.80,profit-monster-trail,HIGH,,,0.12234000,0.6620892594409024,0.3351316004577407,5859.996,closed,f,2026-09-12 03:06:27.472925,2026-09-12 04:44:07.469185,"{""rsi_14"": 75.0, ""z_score"": 1.6064, ""is_stale"": true, ""btc_score"": 30.1, ""macd_hist"": 0.00002763, ""btc_regime"": ""BEAR_TREND"", ""macd_value"": -0.00003985, ""wave_phase"": ""bottoming"", ""bb_position"": 0.9016, ""macd_signal"": -0.00006748, ""z_score_tier"": ""high"", ""btc_trend_bias"": -0.332, ""momentum_score"": 10.1, ""momentum_state"": ""rising"", ""btc_linreg_bias"": -0.25, ""price_at_signal"": 0.1223, ""speed_percentile"": 24.8, ""price_acceleration"": 0.0016}"
15794,WCT,Hermes-accel-300-,SHORT,-2.4206,-0.09,3,11.10,hard_max_loss,HIGH,28.87,0.00007450,0.04139400,0.04590037203459,0.48316181089046434,2155.9014,closed,f,2026-10-01 10:12:36.767461,2026-10-01 10:48:32.668939,"{""rsi_14"": 2.9, ""z_score"": -0.778, ""is_stale"": false, ""btc_score"": 14.1, ""macd_hist"": -0.00001467, ""btc_regime"": ""TRANSITIONING"", ""macd_value"": -0.00012551, ""wave_phase"": ""falling"", ""bb_position"": 0.3055, ""macd_signal"": -0.00011085, ""gap_at_entry"": -1.2912, ""volume_spike"": 0.41, ""z_score_tier"": ""neutral"", ""btc_trend_bias"": -0.687, ""momentum_score"": 24.7, ""momentum_state"": ""flat"", ""btc_linreg_bias"": -0.25, ""price_at_signal"": 0.041449, ""final_confidence"": 99, ""speed_percentile"": 59.7, ""staleness_minutes"": 1.13, ""price_acceleration"": -0.01}"
15474,WLD,Hermes-volume-breakout-long+,LONG,11.7966,0.26,5,11.10,atr_sl_hit,EXTREME,59.46,0.00288571,0.41071000,3.861605512405347,1.095663606924594,6177.058,closed,f,2026-09-18 02:44:27.052232,2026-09-18 04:27:24.110561,"{""rsi_14"": 66.07, ""z_score"": 0.9338, ""is_stale"": false, ""btc_score"": 89.7, ""macd_hist"": -0.00044553, ""btc_regime"": ""BULL_TREND"", ""macd_value"": 0.00202265, ""wave_phase"": ""bottoming"", ""bb_position"": 0.7335, ""macd_signal"": 0.00246818, ""z_score_tier"": ""neutral"", ""btc_trend_bias"": 0.771, ""momentum_score"": 34.2, ""momentum_state"": ""falling"", ""btc_linreg_bias"": 0.375, ""price_at_signal"": 0.4118, ""speed_percentile"": 82.6, ""price_acceleration"": 0.021}"
15475,YGG,Hermes-volume-breakout-long+,LONG,1.5778,0.06,3,11.10,atr_sl_hit,NORMAL,54.45,0.00004286,0.02357700,2.08677948848454,0.6489375238579972,27231.52,closed,f,2026-09-18 03:32:32.723015,2026-09-18 11:06:24.24234,"{""rsi_14"": 60.61, ""z_score"": 1.1635, ""is_stale"": true, ""btc_score"": 100.0, ""macd_hist"": 0.00000293, ""btc_regime"": ""BULL_TREND"", ""macd_value"": 0.00006344, ""wave_phase"": ""accelerating"", ""bb_position"": 0.7909, ""macd_signal"": 0.00006051, ""z_score_tier"": ""high"", ""btc_trend_bias"": 1.0, ""momentum_score"": 7.3, ""momentum_state"": ""rising"", ""btc_linreg_bias"": 1.0, ""price_at_signal"": 0.02358, ""speed_percentile"": 18.0, ""price_acceleration"": 0.0018}"
15202,GRASS,Hermes-pump-chain+,LONG,-3.7682,-0.14,3,11.10,atr_sl_hit,EXTREME,,,0.35030000,0.8592634884384813,1.2332286611475878,2575.2039,closed,f,2026-09-10 14:39:29.062345,2026-09-10 15:22:24.266094,"{""z_score"": 0.7977, ""is_stale"": false, ""macd_hist"": 0.00004162, ""macd_value"": 0.00118442, ""wave_phase"": ""bottoming"", ""bb_position"": 0.6994, ""macd_signal"": 0.0011428, ""z_score_tier"": ""neutral"", ""momentum_score"": 20.6, ""momentum_state"": ""falling"", ""price_at_signal"": 0.34944, ""speed_percentile"": 49.7, ""price_acceleration"": 0.0114}"
15797,CFX,Hermes-accel-300-,SHORT,-1.8455,-0.04,5,11.10,hard_max_loss,HIGH,25.68,0.00015143,0.05418500,0.18270739134445868,0.38940666236043714,2144.2407,closed,f,2026-10-01 10:13:35.427307,2026-10-01 10:49:19.668065,"{""rsi_14"": 13.26, ""z_score"": -0.8161, ""is_stale"": false, ""btc_score"": 14.1, ""macd_hist"": -0.00001649, ""btc_regime"": ""TRANSITIONING"", ""macd_value"": -0.0001436, ""wave_phase"": ""falling"", ""bb_position"": 0.296, ""macd_signal"": -0.0001271, ""gap_at_entry"": -1.1486, ""volume_spike"": 1.0, ""z_score_tier"": ""neutral"", ""btc_trend_bias"": -0.687, ""momentum_score"": 22.4, ""momentum_state"": ""rising"", ""btc_linreg_bias"": -0.25, ""price_at_signal"": 0.054257, ""final_confidence"": 99, ""speed_percentile"": 54.1, ""staleness_minutes"": 2.09, ""price_acceleration"": -0.0091}"
15476,ALGO,Hermes-mover+,LONG,1.4026,0.03,5,11.10,profit-monster-trail,HIGH,64.06,0.00031429,0.09482200,0.6949863955622113,0.11600683385712177,,closed,f,2026-09-18 05:12:30.980296,2026-09-18 05:24:52.725262,"{""rsi_14"": 75.0, ""z_score"": 0.9458, ""is_stale"": false, ""btc_score"": 85.3, ""macd_hist"": 0.0000167, ""btc_regime"": ""BULL_TREND"", ""macd_value"": 0.00026141, ""wave_phase"": ""accelerating"", ""bb_position"": 0.7364, ""macd_signal"": 0.00024472, ""z_score_tier"": ""neutral"", ""btc_trend_bias"": 0.673, ""momentum_score"": 20.0, ""momentum_state"": ""flat"", ""btc_linreg_bias"": 0.375, ""price_at_signal"": 0.0949, ""speed_percentile"": 47.8, ""price_acceleration"": 0.0042}"
15204,CC,Hermes-pump-chain-,SHORT,0.0600,0.00,3,19.90,atr_sl_hit,HIGH,,,0.10006000,1.2992204677193684,0.2498500899460324,3706.3198,closed,f,2026-09-10 16:05:35.278737,2026-09-10 17:07:21.598483,"{""z_score"": -1.4924, ""is_stale"": false, ""macd_hist"": -0.0000622, ""macd_value"": -0.00018392, ""wave_phase"": ""decelerating"", ""bb_position"": 0.1269, ""macd_signal"": -0.00012172, ""z_score_tier"": ""low"", ""momentum_score"": 17.0, ""momentum_state"": ""falling"", ""price_at_signal"": 0.100285, ""speed_percentile"": 41.6, ""price_acceleration"": -0.0016}"
15793,WLFI,Hermes-accel-300-,SHORT,-2.6432,-0.06,5,11.10,hard_max_loss,NORMAL,30.89,0.00008793,0.05485800,0.11848773196251343,0.4921798096904852,4555.556,closed,f,2026-10-01 10:12:26.777687,2026-10-01 11:28:22.334045,"{""rsi_14"": 6.85, ""z_score"": -0.8696, ""is_stale"": false, ""btc_score"": 14.1, ""macd_hist"": -0.00002077, ""btc_regime"": ""TRANSITIONING"", ""macd_value"": -0.00017753, ""wave_phase"": ""falling"", ""bb_position"": 0.2826, ""macd_signal"": -0.00015676, ""gap_at_entry"": -0.8383, ""volume_spike"": 0.41, ""z_score_tier"": ""neutral"", ""btc_trend_bias"": -0.687, ""momentum_score"": 12.8, ""momentum_state"": ""rising"", ""btc_linreg_bias"": -0.25, ""price_at_signal"": 0.054781, ""final_confidence"": 99, ""speed_percentile"": 30.8, ""staleness_minutes"": 0.96, ""price_acceleration"": -0.0048}"
15811,WLD,Hermes-bb-squeeze+,LONG,-1.3382,-0.03,5,11.10,profit-monster-trail,EXTREME,59.55,0.00188143,0.51187000,0.33993006036689005,0.23248090335436733,,closed,f,2026-10-02 02:09:32.21496,2026-10-02 02:25:42.275618,"{""rsi_14"": 66.11, ""z_score"": 1.2687, ""is_stale"": true, ""btc_score"": 99.3, ""macd_hist"": 0.00037271, ""btc_regime"": ""BULL_TREND"", ""macd_value"": 0.00159075, ""wave_phase"": ""accelerating"", ""bb_position"": 0.8172, ""macd_signal"": 0.00121804, ""gap_at_entry"": 1.7151, ""volume_spike"": 0.44, ""z_score_tier"": ""high"", ""btc_trend_bias"": 0.986, ""momentum_score"": 19.0, ""momentum_state"": ""rising"", ""btc_linreg_bias"": 0.25, ""price_at_signal"": 0.51231, ""final_confidence"": 89.0, ""speed_percentile"": 46.5, ""staleness_minutes"": 1.0, ""price_acceleration"": 0.002}"
15206,AIXBT,Hermes-pump-chain-,SHORT,-3.3268,-0.18,3,16.60,rr_engine_resistance,HIGH,,,0.01983900,0.05040576641967841,1.209738394072282,7533.958,closed,f,2026-09-10 18:10:05.115776,2026-09-10 20:15:39.073648,"{""z_score"": -1.9228, ""is_stale"": false, ""macd_hist"": -0.00001798, ""macd_value"": -0.00003859, ""wave_phase"": ""falling"", ""bb_position"": 0.0193, ""macd_signal"": -0.00002061, ""z_score_tier"": ""low"", ""momentum_score"": 25.6, ""momentum_state"": ""falling"", ""price_at_signal"": 0.019831, ""speed_percentile"": 60.2, ""price_acceleration"": -0.009}"
15473,CAKE,Hermes-r2-trend-long8,LONG,3.1249,0.12,3,11.10,atr_sl_hit,HIGH,69.55,0.00671429,2.45770000,2.2643121617772715,0.006103267282418522,13600.696,closed,f,2026-09-18 02:10:37.918136,2026-09-18 05:57:18.614773,"{""rsi_14"": 85.0, ""z_score"": 1.3061, ""is_stale"": false, ""btc_score"": 97.8, ""macd_hist"": 0.00089762, ""btc_regime"": ""BULL_TREND"", ""macd_value"": 0.00351628, ""wave_phase"": ""falling"", ""bb_position"": 0.8265, ""macd_signal"": 0.00261866, ""z_score_tier"": ""high"", ""btc_trend_bias"": 0.952, ""momentum_score"": 13.7, ""momentum_state"": ""rising"", ""btc_linreg_bias"": 0.375, ""price_at_signal"": 2.45965, ""speed_percentile"": 32.9, ""price_acceleration"": -0.0012}"
15284,LINK,Hermes-pullback-entry-,SHORT,-3.6166,-0.08,5,11.10,rr_engine_resistance,HIGH,,,11.47500000,0.06535947712418301,0.7189542483660131,14459.024,closed,f,2026-09-12 03:37:29.063679,2026-09-12 07:38:28.088094,"{""rsi_14"": 37.86, ""z_score"": 0.1925, ""is_stale"": true, ""btc_score"": 36.2, ""macd_hist"": 0.00172503, ""btc_regime"": ""TRANSITIONING"", ""macd_value"": -0.00391139, ""wave_phase"": ""falling"", ""bb_position"": 0.5481, ""macd_signal"": -0.00563642, ""z_score_tier"": ""neutral"", ""btc_trend_bias"": -0.196, ""momentum_score"": 8.1, ""momentum_state"": ""falling"", ""btc_linreg_bias"": 0.125, ""price_at_signal"": 11.478, ""speed_percentile"": 19.9, ""price_acceleration"": -0.0047}"
15207,BTC,Hermes-pump-chain-,SHORT,2.2089,0.05,5,11.10,rr_engine_resistance,NORMAL,,,76962.00000000,0.5398768223279021,0.4801070658246927,18480.127,closed,f,2026-09-10 18:10:21.147966,2026-09-10 23:18:21.274782,"{""z_score"": -1.6329, ""is_stale"": false, ""macd_hist"": -23.75822684, ""macd_value"": -68.62417024, ""wave_phase"": ""falling"", ""bb_position"": 0.0918, ""macd_signal"": -44.8659434, ""z_score_tier"": ""low"", ""momentum_score"": 6.3, ""momentum_state"": ""flat"", ""price_at_signal"": 77107.5, ""speed_percentile"": 14.3, ""price_acceleration"": -0.0034}"
15477,APT,Hermes-warrior-sr-confirm+,LONG,0.9038,0.04,5,19.90,profit-monster-trail,EXTREME,44.09,0.00371429,0.66390000,0.5723753577345986,0.060250037656273535,,closed,f,2026-09-18 07:37:17.196472,2026-09-18 07:53:52.359542,"{""rsi_14"": 42.86, ""z_score"": -0.4219, ""is_stale"": false, ""btc_score"": 97.6, ""macd_hist"": -0.00000415, ""btc_regime"": ""BULL_TREND"", ""macd_value"": -0.00134163, ""wave_phase"": ""falling"", ""bb_position"": 0.3945, ""macd_signal"": -0.00133748, ""z_score_tier"": ""neutral"", ""btc_trend_bias"": 0.948, ""momentum_score"": 34.5, ""momentum_state"": ""falling"", ""btc_linreg_bias"": 0.375, ""price_at_signal"": 0.665, ""speed_percentile"": 83.9, ""price_acceleration"": -0.0084}"
15478,ME,Hermes-volume-breakout-long+,LONG,2.3245,0.09,3,11.10,atr_sl_hit,NORMAL,69.23,0.00013286,0.06453000,2.123043545637688,0.23245002324500233,11813.561,closed,f,2026-09-18 07:56:33.846241,2026-09-18 11:13:27.407066,"{""rsi_14"": 91.67, ""z_score"": 0.0698, ""is_stale"": false, ""btc_score"": 90.0, ""macd_hist"": -0.00000961, ""btc_regime"": ""BULL_TREND"", ""macd_value"": 0.00004497, ""wave_phase"": ""bottoming"", ""bb_position"": 0.5175, ""macd_signal"": 0.00005458, ""z_score_tier"": ""neutral"", ""btc_trend_bias"": 0.777, ""momentum_score"": 16.3, ""momentum_state"": ""flat"", ""btc_linreg_bias"": 0.375, ""price_at_signal"": 0.06472, ""speed_percentile"": 39.8, ""price_acceleration"": 0.0015}"
15285,ONDO,Hermes-pullback-entry-,SHORT,-3.5865,-0.08,5,11.10,rr_engine_resistance,HIGH,,,0.34992000,0.37294238683127573,0.6958733424782807,13803.035,closed,f,2026-09-12 04:16:28.886882,2026-09-12 08:06:31.922509,"{""rsi_14"": 24.14, ""z_score"": 0.4485, ""is_stale"": true, ""btc_score"": 46.6, ""macd_hist"": 0.00008401, ""btc_regime"": ""RANGING"", ""macd_value"": 0.00003631, ""wave_phase"": ""falling"", ""bb_position"": 0.6121, ""macd_signal"": -0.0000477, ""z_score_tier"": ""neutral"", ""btc_trend_bias"": 0.0, ""momentum_score"": 13.1, ""momentum_state"": ""flat"", ""btc_linreg_bias"": 0.0, ""price_at_signal"": 0.35031, ""speed_percentile"": 32.3, ""price_acceleration"": -0.0052}"
15798,ALGO,"Hermes-pump-chain-,rs-r54",SHORT,1.1390,0.03,5,11.10,atr_trail_hit,EXTREME,34.17,0.00047786,0.12730000,1.2529457973291322,0.007855459544391203,1535.0007,closed,f,2026-10-01 13:08:46.706951,2026-10-01 13:34:21.707678,"{""rsi_14"": 60.37, ""z_score"": -2.3819, ""is_stale"": false, ""btc_score"": 3.5, ""macd_hist"": -0.00009126, ""btc_regime"": ""TRANSITIONING"", ""macd_value"": -0.00014867, ""wave_phase"": ""falling"", ""bb_position"": -0.0955, ""macd_signal"": -0.00005741, ""gap_at_entry"": 0.0163, ""volume_spike"": 0.1, ""z_score_tier"": ""extreme_low"", ""btc_trend_bias"": -0.923, ""momentum_score"": 29.8, ""momentum_state"": ""falling"", ""btc_linreg_bias"": -0.25, ""price_at_signal"": 0.12718, ""final_confidence"": 99, ""speed_percentile"": 71.7, ""staleness_minutes"": 5.41, ""price_acceleration"": -0.0047}"
15291,WLD,Hermes-rr-struct+,LONG,-5.7478,-0.13,5,11.10,cut-loser-CL-T1,HIGH,,,0.40363000,0,1.0529445284047272,18949.123,closed,f,2026-09-12 08:16:49.954379,2026-09-12 13:32:39.076742,"{""rsi_14"": 47.37, ""z_score"": -2.1816, ""is_stale"": true, ""btc_score"": 55.6, ""macd_hist"": -0.00006946, ""btc_regime"": ""RANGING_BULL"", ""macd_value"": 0.00001581, ""wave_phase"": ""bottoming"", ""bb_position"": -0.0454, ""macd_signal"": 0.00008528, ""z_score_tier"": ""extreme_low"", ""btc_trend_bias"": 0.013, ""momentum_score"": 6.3, ""momentum_state"": ""falling"", ""btc_linreg_bias"": 0.125, ""price_at_signal"": 0.4032, ""speed_percentile"": 15.5, ""price_acceleration"": 0.003}"
15479,SUSHI,Hermes-volume-breakout-long+,LONG,0.1729,0.01,3,11.10,atr_sl_hit,EXTREME,84.63,0.00103571,0.24296000,1.39117550214027,0.057622653934804084,477.72302,closed,f,2026-09-18 08:56:28.999742,2026-09-18 09:04:26.722752,"{""rsi_14"": 86.27, ""z_score"": 1.9107, ""is_stale"": false, ""btc_score"": 84.6, ""macd_hist"": 0.00039013, ""btc_regime"": ""BULL_TREND"", ""macd_value"": 0.00074763, ""wave_phase"": ""falling"", ""bb_position"": 0.9777, ""macd_signal"": 0.0003575, ""z_score_tier"": ""high"", ""btc_trend_bias"": 0.658, ""momentum_score"": 33.3, ""momentum_state"": ""rising"", ""btc_linreg_bias"": 0.375, ""price_at_signal"": 0.2414, ""speed_percentile"": 81.4, ""price_acceleration"": -0.0119}"
15210,BABY,Hermes-pump-chain-,SHORT,2.7247,0.10,3,11.10,atr_sl_hit,HIGH,,,0.01057000,2.1759697256385997,0.7095553453169348,20922.137,closed,f,2026-09-10 18:19:40.927024,2026-09-11 00:08:23.063574,"{""z_score"": -0.9424, ""is_stale"": false, ""macd_hist"": -0.00000335, ""macd_value"": -0.00002917, ""wave_phase"": ""falling"", ""bb_position"": 0.2644, ""macd_signal"": -0.00002582, ""z_score_tier"": ""neutral"", ""momentum_score"": 16.1, ""momentum_state"": ""flat"", ""price_at_signal"": 0.010552, ""speed_percentile"": 37.9, ""price_acceleration"": -0.0064}"
15211,BCH,Hermes-pump-chain-,SHORT,-5.4840,-0.12,5,11.10,rr_engine_resistance,EXTREME,,,225.20000000,1.0435168738898757,1.1367673179396092,34319.266,closed,f,2026-09-10 18:27:28.544758,2026-09-11 03:59:27.810072,"{""z_score"": -0.3967, ""is_stale"": false, ""macd_hist"": -0.000734, ""macd_value"": -0.58727947, ""wave_phase"": ""falling"", ""bb_position"": 0.4008, ""macd_signal"": -0.58654547, ""z_score_tier"": ""neutral"", ""momentum_score"": 15.6, ""momentum_state"": ""flat"", ""price_at_signal"": 225.305, ""speed_percentile"": 37.9, ""price_acceleration"": -0.0071}"
15481,DYDX,Hermes-volume-breakout-long+,LONG,5.6075,0.12,5,11.10,atr_sl_hit,EXTREME,50.40,0.00101643,0.12840000,2.032710280373832,22.118380062305295,1707.2684,closed,f,2026-09-18 10:07:14.287518,2026-09-18 10:35:41.555921,"{""rsi_14"": 66.16, ""z_score"": -0.2787, ""is_stale"": false, ""btc_score"": 70.9, ""macd_hist"": -0.00002732, ""btc_regime"": ""BULL_TREND"", ""macd_value"": 0.00071108, ""wave_phase"": ""bottoming"", ""bb_position"": 0.4303, ""macd_signal"": 0.0007384, ""z_score_tier"": ""neutral"", ""btc_trend_bias"": 0.353, ""momentum_score"": 39.0, ""momentum_state"": ""falling"", ""btc_linreg_bias"": 0.25, ""price_at_signal"": 0.12913, ""speed_percentile"": 91.9, ""price_acceleration"": 0.0037}"
15212,KAS,Hermes-pump-chain-,SHORT,3.0188,0.22,3,22.10,rr_engine_resistance,EXTREME,,,0.03696800,1.2903051287600087,0,2994.631,closed,f,2026-09-10 19:06:29.31181,2026-09-10 19:56:23.942818,"{""z_score"": -1.4086, ""is_stale"": false, ""macd_hist"": -0.00002752, ""macd_value"": 0.00000478, ""wave_phase"": ""bottoming"", ""bb_position"": 0.1478, ""macd_signal"": 0.0000323, ""z_score_tier"": ""low"", ""momentum_score"": 16.6, ""momentum_state"": ""falling"", ""price_at_signal"": 0.037012, ""speed_percentile"": 40.4, ""price_acceleration"": 0.0008}"
15213,TURBO,Hermes-pullback-entry-,SHORT,2.6002,0.10,3,11.10,atr_sl_hit,HIGH,,,0.00092300,2.1668472372697725,0.6500541711809318,15115.023,closed,f,2026-09-10 19:57:31.790147,2026-09-11 00:09:26.813541,"{""z_score"": -1.9369, ""is_stale"": true, ""macd_hist"": -0.00000026, ""macd_value"": -0.00000108, ""wave_phase"": ""falling"", ""bb_position"": 0.0158, ""macd_signal"": -0.00000082, ""z_score_tier"": ""low"", ""momentum_score"": 15.5, ""momentum_state"": ""falling"", ""price_at_signal"": 0.000926, ""speed_percentile"": 37.9, ""price_acceleration"": -0.0022}"
15799,BTC,Hermes-continuum-osc+,LONG,0.7209,0.16,5,22.10,HL_CLOSED,FLAT,69.12,100.14285714,84229.00000000,1.1872395493238672,0.741431098552755,26019.9,closed,f,2026-10-01 13:49:38.453748,2026-10-01 21:03:18.35432,"{""rsi_14"": 71.89, ""z_score"": 1.2745, ""is_stale"": true, ""btc_score"": 58.1, ""macd_hist"": 37.4658874, ""btc_regime"": ""TRANSITIONING"", ""macd_value"": 82.41679283, ""wave_phase"": ""decelerating"", ""bb_position"": 0.8186, ""macd_signal"": 44.95090542, ""gap_at_entry"": 0.126, ""volume_spike"": 0.62, ""z_score_tier"": ""high"", ""btc_trend_bias"": 0.069, ""momentum_score"": 7.0, ""momentum_state"": ""flat"", ""btc_linreg_bias"": 0.0, ""price_at_signal"": 83862.5, ""final_confidence"": 94.4, ""speed_percentile"": 17.0, ""staleness_minutes"": 4.3, ""price_acceleration"": -0.0007}"
15480,FOGO,Hermes-doji-bottom-long,LONG,3.5834,0.13,3,11.10,profit-monster-trail,NORMAL,26.92,0.00001264,0.00627900,1.720019111323459,0.11148272017837235,,closed,f,2026-09-18 09:03:36.448464,2026-09-18 11:04:58.768631,"{""rsi_14"": 50.0, ""z_score"": -1.3684, ""is_stale"": true, ""btc_score"": 94.7, ""macd_hist"": 0.00000023, ""btc_regime"": ""BULL_TREND"", ""macd_value"": -0.00000533, ""wave_phase"": ""falling"", ""bb_position"": 0.1579, ""macd_signal"": -0.00000556, ""z_score_tier"": ""low"", ""btc_trend_bias"": 0.883, ""momentum_score"": 16.0, ""momentum_state"": ""flat"", ""btc_linreg_bias"": 0.375, ""price_at_signal"": 0.006285, ""speed_percentile"": 39.5, ""price_acceleration"": -0.0062}"
15467,GMX,Hermes-volume-breakout-long+,LONG,5.0309,0.19,3,11.10,atr_sl_hit,NORMAL,67.43,0.01714286,7.40030000,2.936367444563058,1.0202289096387984,64793.582,closed,f,2026-09-17 17:07:36.653191,2026-09-18 11:07:30.237086,"{""rsi_14"": 75.0, ""z_score"": 2.9008, ""is_stale"": false, ""btc_score"": 85.9, ""macd_hist"": 0.00386815, ""btc_regime"": ""TRANSITIONING"", ""macd_value"": 0.00534229, ""wave_phase"": ""falling"", ""bb_position"": 1.2252, ""macd_signal"": 0.00147414, ""z_score_tier"": ""extreme_high"", ""btc_trend_bias"": 0.687, ""momentum_score"": 25.2, ""momentum_state"": ""rising"", ""btc_linreg_bias"": 0.25, ""price_at_signal"": 7.41, ""speed_percentile"": 60.2, ""price_acceleration"": -0.0082}"
15214,APT,Hermes-pump-chain+,LONG,1.5542,0.03,5,11.10,atr_sl_hit,EXTREME,,,0.64340000,1.6630400994715573,0.5129002175940317,7251.427,closed,f,2026-09-10 20:32:28.1803,2026-09-10 22:33:19.607025,"{""z_score"": 1.8131, ""is_stale"": false, ""macd_hist"": 0.00022397, ""macd_value"": 0.00354886, ""wave_phase"": ""decelerating"", ""bb_position"": 0.9533, ""macd_signal"": 0.00332489, ""z_score_tier"": ""high"", ""momentum_score"": 18.4, ""momentum_state"": ""rising"", ""price_at_signal"": 0.6434, ""speed_percentile"": 44.7, ""price_acceleration"": -0.0015}"
15821,CFX,Hermes-bb-bounce-v2-long+,LONG,1.2834,0.03,5,11.10,profit-monster-trail,HIGH,64.23,0.00011236,0.05454400,0.557348195951892,0.2713405690818422,,closed,f,2026-10-02 06:11:31.433704,2026-10-02 07:30:33.866076,"{""rsi_14"": 59.63, ""z_score"": 1.6959, ""is_stale"": true, ""btc_score"": 55.4, ""macd_hist"": 0.00003416, ""btc_regime"": ""RANGING"", ""macd_value"": 0.00001438, ""wave_phase"": ""falling"", ""bb_position"": 0.924, ""macd_signal"": -0.00001977, ""gap_at_entry"": 0.7942, ""volume_spike"": 0.53, ""z_score_tier"": ""high"", ""btc_trend_bias"": 0.01, ""momentum_score"": 5.7, ""momentum_state"": ""rising"", ""btc_linreg_bias"": -0.375, ""price_at_signal"": 0.05447, ""final_confidence"": 92.0, ""speed_percentile"": 13.8, ""staleness_minutes"": 1.14, ""price_acceleration"": -0.0045}"
15216,CHIP,Hermes-grind-breakout-,SHORT,6.5217,0.24,3,11.10,profit-monster-trail,EXTREME,,,0.04687400,1.8176387762938944,0.1088023211161838,979.0961,closed,f,2026-09-10 23:41:37.347082,2026-09-10 23:57:56.4432,"{""z_score"": -2.1896, ""is_stale"": false, ""macd_hist"": 0.00000283, ""macd_value"": -0.00018628, ""wave_phase"": ""falling"", ""bb_position"": -0.0474, ""macd_signal"": -0.0001891, ""z_score_tier"": ""extreme_low"", ""momentum_score"": 36.6, ""momentum_state"": ""falling"", ""price_at_signal"": 0.046657, ""speed_percentile"": 89.4, ""price_acceleration"": -0.04}"
15483,BCH,Hermes-mover+,LONG,5.3965,0.12,5,11.10,profit-monster-trail,HIGH,83.22,0.68892857,250.16000000,1.5729932842980492,0.6515829868883914,,closed,f,2026-09-18 12:32:29.736776,2026-09-18 13:54:56.501387,"{""rsi_14"": 43.48, ""z_score"": 1.9014, ""is_stale"": false, ""btc_score"": 26.6, ""macd_hist"": 0.12896838, ""btc_regime"": ""RANGING"", ""macd_value"": 0.28946355, ""wave_phase"": ""accelerating"", ""bb_position"": 0.9754, ""macd_signal"": 0.16049518, ""z_score_tier"": ""high"", ""btc_trend_bias"": -0.408, ""momentum_score"": 24.0, ""momentum_state"": ""rising"", ""btc_linreg_bias"": 0.0, ""price_at_signal"": 249.555, ""speed_percentile"": 56.5, ""price_acceleration"": 0.0143}"
15293,BIGTIME,"Hermes-trend_purity+,volume-breakout-long+",LONG,3.9528,0.15,3,11.10,atr_sl_hit,EXTREME,,,0.00721000,2.871012482662968,0.13869625520110956,6046.976,closed,f,2026-09-12 09:36:34.412385,2026-09-12 11:17:21.388649,"{""rsi_14"": 63.64, ""z_score"": 0.9162, ""is_stale"": false, ""btc_score"": 67.7, ""macd_hist"": 0.00000149, ""btc_regime"": ""BULL_TREND"", ""macd_value"": 0.00002106, ""wave_phase"": ""bottoming"", ""bb_position"": 0.729, ""macd_signal"": 0.00001956, ""z_score_tier"": ""neutral"", ""btc_trend_bias"": 0.283, ""momentum_score"": 17.6, ""momentum_state"": ""flat"", ""btc_linreg_bias"": 0.25, ""price_at_signal"": 0.00721, ""speed_percentile"": 43.5, ""price_acceleration"": 0.0028}"
15218,APT,Hermes-pump-chain+,LONG,-5.9733,-0.13,5,11.10,atr_sl_hit,EXTREME,,,0.65290000,1.0721396844846072,1.3478327462092203,10944.841,closed,f,2026-09-11 00:29:29.952278,2026-09-11 03:31:54.792993,"{""z_score"": 2.9483, ""is_stale"": false, ""macd_hist"": 0.00067544, ""macd_value"": 0.00258161, ""wave_phase"": ""accelerating"", ""bb_position"": 1.2371, ""macd_signal"": 0.00190617, ""z_score_tier"": ""extreme_high"", ""momentum_score"": 14.2, ""momentum_state"": ""rising"", ""price_at_signal"": 0.6535, ""speed_percentile"": 33.5, ""price_acceleration"": 0.0048}"
15484,ONDO,Hermes-volume-breakout-long+,LONG,-7.4548,-0.17,5,11.10,atr_sl_hit,EXTREME,86.42,0.00237143,0.39974000,0.048781708110271674,1.537249211987792,1278.8268,closed,f,2026-09-18 12:42:01.113565,2026-09-18 13:03:19.940348,"{""rsi_14"": 97.78, ""z_score"": 2.0953, ""is_stale"": false, ""btc_score"": 46.1, ""macd_hist"": 0.0005965, ""btc_regime"": ""TRANSITIONING"", ""macd_value"": 0.00169907, ""wave_phase"": ""accelerating"", ""bb_position"": 1.0238, ""macd_signal"": 0.00110257, ""z_score_tier"": ""extreme_high"", ""btc_trend_bias"": 0.0, ""momentum_score"": 38.6, ""momentum_state"": ""rising"", ""btc_linreg_bias"": 0.0, ""price_at_signal"": 0.3989, ""speed_percentile"": 89.4, ""price_acceleration"": 0.0322}"
15294,ENA,Hermes-pullback-entry-,SHORT,-4.9659,-0.20,5,19.90,rr_engine_resistance,HIGH,,,0.14096000,0.2199205448354143,1.0605845629965949,11529.419,closed,f,2026-09-12 11:22:28.307759,2026-09-12 14:34:37.726357,"{""rsi_14"": 41.18, ""z_score"": -1.6745, ""is_stale"": false, ""btc_score"": 8.2, ""macd_hist"": 0.00000308, ""btc_regime"": ""RANGING"", ""macd_value"": -0.0000746, ""wave_phase"": ""falling"", ""bb_position"": 0.0814, ""macd_signal"": -0.00007769, ""z_score_tier"": ""low"", ""btc_trend_bias"": -0.819, ""momentum_score"": 28.0, ""momentum_state"": ""falling"", ""btc_linreg_bias"": 0.0, ""price_at_signal"": 0.140925, ""speed_percentile"": 68.9, ""price_acceleration"": -0.0052}"
15482,FOGO,Hermes-continuation+,LONG,-0.3785,-0.01,3,11.10,profit-monster-trail,NORMAL,62.77,0.00002071,0.00634100,0.6623560952531147,0.3627188140671818,,closed,f,2026-09-18 11:43:36.339297,2026-09-18 12:56:37.701382,"{""rsi_14"": 62.5, ""z_score"": 1.1839, ""is_stale"": false, ""btc_score"": 55.0, ""macd_hist"": 0.00000415, ""btc_regime"": ""TRANSITIONING"", ""macd_value"": 0.0000083, ""wave_phase"": ""falling"", ""bb_position"": 0.796, ""macd_signal"": 0.00000415, ""z_score_tier"": ""high"", ""btc_trend_bias"": 0.001, ""momentum_score"": 29.1, ""momentum_state"": ""flat"", ""btc_linreg_bias"": -0.25, ""price_at_signal"": 0.00635, ""speed_percentile"": 70.2, ""price_acceleration"": -0.0176}"
15295,INJ,Hermes-rr-struct-,SHORT,-6.5245,-0.25,5,18.80,atr_sl_hit,HIGH,,,5.91620000,0,1.302356242182482,9959.739,closed,f,2026-09-12 13:33:26.356124,2026-09-12 16:19:26.095812,"{""rsi_14"": 40.43, ""z_score"": -0.4605, ""is_stale"": false, ""btc_score"": 14.1, ""macd_hist"": -0.00062601, ""btc_regime"": ""TRANSITIONING"", ""macd_value"": -0.00682231, ""wave_phase"": ""accelerating"", ""bb_position"": 0.3849, ""macd_signal"": -0.0061963, ""z_score_tier"": ""neutral"", ""btc_trend_bias"": -0.687, ""momentum_score"": 31.6, ""momentum_state"": ""flat"", ""btc_linreg_bias"": 0.0, ""price_at_signal"": 5.9227, ""speed_percentile"": 77.6, ""price_acceleration"": 0.0044}"
15804,IMX,Hermes-volume-breakout-long+,LONG,3.7031,0.82,5,22.10,hard_tp,EXTREME,63.64,0.00028571,0.17040000,1.6079812206572726,0.03521126760563644,5669.8057,closed,f,2026-10-01 23:55:49.630714,2026-10-02 01:30:19.43643,"{""rsi_14"": 66.67, ""z_score"": 1.1888, ""is_stale"": false, ""btc_score"": 92.4, ""macd_hist"": -0.00000711, ""btc_regime"": ""TRANSITIONING"", ""macd_value"": 0.00017201, ""wave_phase"": ""accelerating"", ""bb_position"": 0.7972, ""macd_signal"": 0.00017911, ""gap_at_entry"": 0.0712, ""volume_spike"": 0.17, ""z_score_tier"": ""high"", ""btc_trend_bias"": 0.831, ""momentum_score"": 25.3, ""momentum_state"": ""rising"", ""btc_linreg_bias"": 0.25, ""price_at_signal"": 0.1704, ""final_confidence"": 89.0, ""speed_percentile"": 62.3, ""staleness_minutes"": 1.22, ""price_acceleration"": 0.0071}"
15220,CHIP,Hermes-pump-chain+,LONG,4.8773,0.18,3,11.10,rr_engine_support_br,EXTREME,,,0.04711600,2.464131080736905,0.8468460820103574,7239.0107,closed,f,2026-09-11 00:31:40.89463,2026-09-11 02:32:19.905585,"{""z_score"": 1.3992, ""is_stale"": false, ""macd_hist"": 0.00012646, ""macd_value"": 0.00028664, ""wave_phase"": ""accelerating"", ""bb_position"": 0.8498, ""macd_signal"": 0.00016018, ""z_score_tier"": ""high"", ""momentum_score"": 41.1, ""momentum_state"": ""rising"", ""price_at_signal"": 0.047225, ""speed_percentile"": 96.3, ""price_acceleration"": 0.0141}"
15222,ATOM,Hermes-pump-chain-,SHORT,1.4715,0.03,5,11.10,rr_engine_resistance,EXTREME,,,1.76690000,1.1489048616220499,0.4640896485369857,24531.791,closed,f,2026-09-11 03:16:32.183009,2026-09-11 10:05:23.973131,"{""z_score"": -1.6646, ""is_stale"": true, ""macd_hist"": -0.00250413, ""macd_value"": -0.00472634, ""wave_phase"": ""bottoming"", ""bb_position"": 0.0838, ""macd_signal"": -0.00222221, ""z_score_tier"": ""low"", ""momentum_score"": 4.9, ""momentum_state"": ""falling"", ""price_at_signal"": 1.791, ""speed_percentile"": 11.8, ""price_acceleration"": 0.0007}"
15486,HYPER,Hermes-btc-pump-rider+,LONG,0.0512,0.00,3,11.10,profit-monster-trail,NORMAL,48.51,0.00017857,0.07032300,0.5460517895994198,0.5474737994681683,,closed,f,2026-09-18 14:05:41.667657,2026-09-18 15:43:34.063724,"{""rsi_14"": 41.67, ""z_score"": -0.0849, ""is_stale"": false, ""btc_score"": 99.4, ""macd_hist"": -0.00001585, ""btc_regime"": ""BULL_TREND"", ""macd_value"": 0.00001362, ""wave_phase"": ""falling"", ""bb_position"": 0.4788, ""macd_signal"": 0.00002947, ""z_score_tier"": ""neutral"", ""btc_trend_bias"": 0.987, ""momentum_score"": 18.1, ""momentum_state"": ""rising"", ""btc_linreg_bias"": 1.0, ""price_at_signal"": 0.0702, ""speed_percentile"": 44.1, ""price_acceleration"": -0.001}"
15219,ENA,Hermes-pullback-entry-,SHORT,-5.6660,-0.19,5,16.60,rr_engine_resistance,EXTREME,,,0.14384000,0.04518909899888765,1.289627363737486,9828.106,closed,f,2026-09-11 00:31:30.864916,2026-09-11 03:15:18.971045,"{""z_score"": 1.2734, ""is_stale"": false, ""macd_hist"": 0.00007318, ""macd_value"": 0.00013474, ""wave_phase"": ""accelerating"", ""bb_position"": 0.8183, ""macd_signal"": 0.00006155, ""z_score_tier"": ""high"", ""momentum_score"": 10.0, ""momentum_state"": ""rising"", ""price_at_signal"": 0.143715, ""speed_percentile"": 23.6, ""price_acceleration"": 0.0064}"
15544,SYRUP,Hermes-pullback-entry-,SHORT,0.0807,0.00,3,11.10,atr_sl_hit,HIGH,66.95,0.00061571,0.22303000,1.3159664619109537,1.1500694973770345,16420.84,closed,f,2026-09-19 18:31:43.35038,2026-09-19 23:05:24.19106,"{""rsi_14"": 56.67, ""z_score"": -1.1733, ""is_stale"": false, ""btc_score"": 28.6, ""macd_hist"": -0.00006933, ""btc_regime"": ""RANGING"", ""macd_value"": -0.00030064, ""wave_phase"": ""accelerating"", ""bb_position"": 0.2067, ""macd_signal"": -0.00023131, ""gap_at_entry"": 0.0657, ""z_score_tier"": ""low"", ""btc_trend_bias"": -0.365, ""momentum_score"": 17.7, ""momentum_state"": ""falling"", ""btc_linreg_bias"": 0.0, ""price_at_signal"": 0.222815, ""speed_percentile"": 42.9, ""staleness_minutes"": 0.98, ""price_acceleration"": 0.0051}"
15485,BLUR,Hermes-mover+,LONG,2.8551,0.11,3,11.10,profit-monster-trail,NORMAL,53.99,0.00003500,0.01775800,1.700641964185156,0,,closed,f,2026-09-18 13:55:29.750894,2026-09-18 15:04:20.959385,"{""rsi_14"": 75.0, ""z_score"": 1.6841, ""is_stale"": false, ""btc_score"": 100.0, ""macd_hist"": 0.00000489, ""btc_regime"": ""BULL_TREND"", ""macd_value"": 0.00003474, ""wave_phase"": ""falling"", ""bb_position"": 0.921, ""macd_signal"": 0.00002985, ""z_score_tier"": ""high"", ""btc_trend_bias"": 1.0, ""momentum_score"": 17.8, ""momentum_state"": ""rising"", ""btc_linreg_bias"": 0.375, ""price_at_signal"": 0.01796, ""speed_percentile"": 42.9, ""price_acceleration"": -0.0051}"
15806,SAND,Hermes-bb-squeeze+,LONG,-6.0128,-0.13,5,11.10,hard_max_loss,EXTREME,61.85,0.00011157,0.04515400,0.13287859325862061,0.9545112282411321,3429.4138,closed,f,2026-10-02 00:13:26.078658,2026-10-02 01:10:35.49237,"{""rsi_14"": 39.91, ""z_score"": 2.1445, ""is_stale"": false, ""btc_score"": 55.0, ""macd_hist"": 0.00002554, ""btc_regime"": ""TRANSITIONING"", ""macd_value"": 0.0001117, ""wave_phase"": ""falling"", ""bb_position"": 1.0361, ""macd_signal"": 0.00008617, ""gap_at_entry"": 1.3163, ""volume_spike"": 0.4, ""z_score_tier"": ""extreme_high"", ""btc_trend_bias"": 0.001, ""momentum_score"": 37.4, ""momentum_state"": ""rising"", ""btc_linreg_bias"": 0.375, ""price_at_signal"": 0.04527, ""final_confidence"": 99, ""speed_percentile"": 90.6, ""staleness_minutes"": 4.76, ""price_acceleration"": -0.0126}"
15785,BANANA,Hermes-accel-300-,SHORT,0.3115,0.01,3,11.10,profit-monster-trail,NORMAL,29.30,0.00800000,4.04530000,0.5426049983931971,0.16562430474872072,,closed,f,2026-10-01 07:36:11.8588,2026-10-01 08:57:16.350596,"{""rsi_14"": 1.9, ""z_score"": -0.8933, ""is_stale"": true, ""btc_score"": 2.7, ""macd_hist"": -0.0030875, ""btc_regime"": ""BEAR_TREND"", ""macd_value"": -0.01278399, ""wave_phase"": ""accelerating"", ""bb_position"": 0.2767, ""macd_signal"": -0.00969649, ""gap_at_entry"": -0.7087, ""volume_spike"": 0.36, ""z_score_tier"": ""neutral"", ""btc_trend_bias"": -0.941, ""momentum_score"": 6.1, ""momentum_state"": ""rising"", ""btc_linreg_bias"": -0.375, ""price_at_signal"": 4.0508, ""final_confidence"": 99, ""speed_percentile"": 15.1, ""staleness_minutes"": 2.46, ""price_acceleration"": 0.0019}"
15487,SUPER,Hermes-volume-breakout-long+,LONG,8.4850,0.32,3,11.10,atr_sl_hit,EXTREME,62.19,0.00090000,0.13683000,7.567784842505299,0.23021267265950449,953.64124,closed,f,2026-09-18 15:13:31.442617,2026-09-18 15:29:25.083841,"{""rsi_14"": 66.67, ""z_score"": 1.018, ""is_stale"": false, ""btc_score"": 85.9, ""macd_hist"": 0.0000744, ""btc_regime"": ""BULL_TREND"", ""macd_value"": 0.00087632, ""wave_phase"": ""bottoming"", ""bb_position"": 0.7545, ""macd_signal"": 0.00080192, ""z_score_tier"": ""high"", ""btc_trend_bias"": 0.687, ""momentum_score"": 19.1, ""momentum_state"": ""rising"", ""btc_linreg_bias"": 0.375, ""price_at_signal"": 0.1351, ""speed_percentile"": 46.0, ""price_acceleration"": 0.0022}"
15224,USUAL,Hermes-mover+,LONG,1.0657,0.04,3,11.10,profit-monster-trail,NORMAL,,,0.01126000,0.6216696269982238,0.3552397868561279,6091.3066,closed,f,2026-09-11 04:47:30.150995,2026-09-11 06:29:01.45757,"{""z_score"": -1.3478, ""is_stale"": false, ""macd_hist"": -0.0000111, ""macd_value"": 0.00001148, ""wave_phase"": ""accelerating"", ""bb_position"": 0.163, ""macd_signal"": 0.00002258, ""z_score_tier"": ""low"", ""momentum_score"": 0.3, ""momentum_state"": ""flat"", ""price_at_signal"": 0.01126, ""speed_percentile"": 0.6, ""price_acceleration"": 0.0131}"
15784,CFX,Hermes-accel-300-,SHORT,0.6024,0.01,5,11.10,profit-monster-trail,NORMAL,28.61,0.00008400,0.05478100,0.6681148573410489,0.009127252149467881,,closed,f,2026-10-01 07:35:11.794945,2026-10-01 08:29:10.322149,"{""rsi_14"": 2.99, ""z_score"": -0.8258, ""is_stale"": true, ""btc_score"": 2.7, ""macd_hist"": -0.00003007, ""btc_regime"": ""BEAR_TREND"", ""macd_value"": -0.00023197, ""wave_phase"": ""falling"", ""bb_position"": 0.2936, ""macd_signal"": -0.0002019, ""gap_at_entry"": -1.0691, ""volume_spike"": 0.36, ""z_score_tier"": ""neutral"", ""btc_trend_bias"": -0.941, ""momentum_score"": 3.3, ""momentum_state"": ""rising"", ""btc_linreg_bias"": -0.375, ""price_at_signal"": 0.054741, ""final_confidence"": 99, ""speed_percentile"": 8.2, ""staleness_minutes"": 1.56, ""price_acceleration"": -0.0007}"
15225,BLUR,Hermes-pump-chain+,LONG,-4.3592,-0.29,3,19.90,atr_sl_hit,EXTREME,,,0.01796200,0.2560962030954237,1.2971829417659504,657.4684,closed,f,2026-09-11 04:52:23.572736,2026-09-11 05:03:21.041112,"{""z_score"": 1.6222, ""is_stale"": false, ""macd_hist"": 0.0000614, ""macd_value"": 0.00009501, ""wave_phase"": ""falling"", ""bb_position"": 0.9055, ""macd_signal"": 0.00003362, ""z_score_tier"": ""high"", ""momentum_score"": 42.3, ""momentum_state"": ""rising"", ""price_at_signal"": 0.018031, ""speed_percentile"": 99.4, ""price_acceleration"": -0.0386}"
15226,ME,Hermes-ema300-dip-long,LONG,-4.0463,-0.25,3,18.80,atr_sl_hit,HIGH,,,0.06302000,0.7457949857188194,1.2059663598857506,21010.232,closed,f,2026-09-11 05:16:27.171163,2026-09-11 11:06:37.402751,"{""z_score"": -1.6457, ""is_stale"": true, ""macd_hist"": -0.00001826, ""macd_value"": -0.00002198, ""wave_phase"": ""bottoming"", ""bb_position"": 0.0886, ""macd_signal"": -0.00000372, ""z_score_tier"": ""low"", ""momentum_score"": 8.1, ""momentum_state"": ""falling"", ""price_at_signal"": 0.06304, ""speed_percentile"": 19.9, ""price_acceleration"": 0.0027}"
15298,NEAR,Hermes-rr-struct+,LONG,0.2712,0.01,5,11.10,profit-monster-trail,HIGH,,,2.39700000,0.44639132248644137,0.0229453483521068,528.5421,closed,f,2026-09-12 15:16:33.832281,2026-09-12 15:25:22.374392,"{""rsi_14"": 67.5, ""z_score"": 1.0253, ""is_stale"": true, ""btc_score"": 43.2, ""macd_hist"": 0.00127716, ""btc_regime"": ""RANGING"", ""macd_value"": 0.00497882, ""wave_phase"": ""bottoming"", ""bb_position"": 0.7563, ""macd_signal"": 0.00370166, ""z_score_tier"": ""high"", ""btc_trend_bias"": -0.04, ""momentum_score"": 19.6, ""momentum_state"": ""rising"", ""btc_linreg_bias"": 0.25, ""price_at_signal"": 2.40225, ""speed_percentile"": 48.4, ""price_acceleration"": 0.0011}"
15488,NOT,Hermes-pullback-entry-,SHORT,-5.1173,-0.19,3,11.10,atr_sl_hit,HIGH,33.33,0.00000164,0.00046900,0.42643923240938164,1.492537313432836,16975.697,closed,f,2026-09-18 15:47:27.921547,2026-09-18 20:30:23.618913,"{""rsi_14"": 28.57, ""z_score"": -1.3318, ""is_stale"": false, ""btc_score"": 63.0, ""macd_hist"": -0.00000025, ""btc_regime"": ""RANGING_BULL"", ""macd_value"": -0.0000004, ""wave_phase"": ""falling"", ""bb_position"": 0.167, ""macd_signal"": -0.00000015, ""z_score_tier"": ""low"", ""btc_trend_bias"": 0.177, ""momentum_score"": 17.8, ""momentum_state"": ""flat"", ""btc_linreg_bias"": 0.25, ""price_at_signal"": 0.000468, ""speed_percentile"": 42.9, ""price_acceleration"": -0.0057}"
15228,DYDX,Hermes-bb-bounce-v2-long+,LONG,-4.7334,-0.11,5,11.10,cut-loser-CL-T1,HIGH,,,0.11514000,0.28660760812923397,1.0074691679694285,11315.535,closed,f,2026-09-11 06:16:30.221526,2026-09-11 09:25:05.756951,"{""z_score"": 3.4207, ""is_stale"": false, ""macd_hist"": 0.00003004, ""macd_value"": 0.00002594, ""wave_phase"": ""accelerating"", ""bb_position"": 1.3552, ""macd_signal"": -0.0000041, ""z_score_tier"": ""extreme_high"", ""momentum_score"": 23.9, ""momentum_state"": ""rising"", ""price_at_signal"": 0.11511, ""speed_percentile"": 58.4, ""price_acceleration"": 0.0025}"
15370,USUAL,Hermes-pullback-entry-,SHORT,2.2881,0.08,3,11.10,atr_sl_hit,HIGH,,,0.01180000,2.0338983050847457,0.2542372881355932,17762.73,closed,f,2026-09-14 07:15:28.166319,2026-09-14 12:11:30.897334,"{""rsi_14"": 66.67, ""z_score"": 0.24, ""is_stale"": false, ""btc_score"": 85.4, ""macd_hist"": 0.00000125, ""btc_regime"": ""BULL_TREND"", ""macd_value"": -0.00000456, ""wave_phase"": ""falling"", ""bb_position"": 0.56, ""macd_signal"": -0.00000581, ""z_score_tier"": ""neutral"", ""btc_trend_bias"": 0.676, ""momentum_score"": 29.1, ""momentum_state"": ""flat"", ""btc_linreg_bias"": 0.25, ""price_at_signal"": 0.01178, ""speed_percentile"": 71.4, ""price_acceleration"": -0.0051}"
15299,ETC,Hermes-pullback-entry-,SHORT,2.2046,0.05,5,11.10,rr_engine_resistance,NORMAL,,,7.75640000,0.7774225156000206,0.192099427569491,6587.983,closed,f,2026-09-12 15:26:32.132994,2026-09-12 17:16:20.116118,"{""rsi_14"": 0.0, ""z_score"": 1.0055, ""is_stale"": true, ""btc_score"": 48.9, ""macd_hist"": 0.00188748, ""btc_regime"": ""RANGING"", ""macd_value"": 0.00305014, ""wave_phase"": ""decelerating"", ""bb_position"": 0.7514, ""macd_signal"": 0.00116267, ""z_score_tier"": ""high"", ""btc_trend_bias"": 0.0, ""momentum_score"": 15.4, ""momentum_state"": ""flat"", ""btc_linreg_bias"": 0.25, ""price_at_signal"": 7.7484, ""speed_percentile"": 37.9, ""price_acceleration"": -0.0008}"
15490,CAKE,Hermes-mover-,SHORT,-2.4735,-0.09,3,11.10,cut-loser-CL-T1,EXTREME,27.66,0.00907143,2.43780000,0.05332677003855936,0.845024202149479,,closed,f,2026-09-18 17:02:44.67039,2026-09-18 19:20:02.676382,"{""rsi_14"": 22.22, ""z_score"": -2.281, ""is_stale"": false, ""btc_score"": 58.6, ""macd_hist"": -0.00150926, ""btc_regime"": ""RANGING_BULL"", ""macd_value"": -0.0072605, ""wave_phase"": ""accelerating"", ""bb_position"": -0.0703, ""macd_signal"": -0.00575124, ""z_score_tier"": ""extreme_low"", ""btc_trend_bias"": 0.08, ""momentum_score"": 32.9, ""momentum_state"": ""falling"", ""btc_linreg_bias"": 0.25, ""price_at_signal"": 2.445, ""speed_percentile"": 79.5, ""price_acceleration"": 0.0087}"
15300,YGG,Hermes-rr-struct+,LONG,1.4333,0.05,3,11.10,profit-monster-trail,NORMAL,,,0.02281400,0.6794073814324537,0.22354694485842028,3510.1196,closed,f,2026-09-12 16:20:30.665277,2026-09-12 17:19:00.784875,"{""rsi_14"": 66.67, ""z_score"": 0.9259, ""is_stale"": true, ""btc_score"": 9.6, ""macd_hist"": 0.00000452, ""btc_regime"": ""TRANSITIONING"", ""macd_value"": 0.00002403, ""wave_phase"": ""accelerating"", ""bb_position"": 0.7315, ""macd_signal"": 0.00001951, ""z_score_tier"": ""neutral"", ""btc_trend_bias"": -0.787, ""momentum_score"": 25.0, ""momentum_state"": ""flat"", ""btc_linreg_bias"": -0.25, ""price_at_signal"": 0.022727, ""speed_percentile"": 61.5, ""price_acceleration"": 0.0077}"
15491,DOT,Hermes-pullback-entry-,SHORT,-7.0155,-0.16,5,11.10,atr_sl_hit,EXTREME,59.92,0.00420000,1.13320000,1.07659724673491,1.3589834098129192,32892.84,closed,f,2026-09-18 17:23:23.473553,2026-09-19 02:31:36.311655,"{""rsi_14"": 50.0, ""z_score"": -0.811, ""is_stale"": false, ""btc_score"": 65.4, ""macd_hist"": 0.00022202, ""btc_regime"": ""BULL_TREND"", ""macd_value"": -0.00090352, ""wave_phase"": ""accelerating"", ""bb_position"": 0.2972, ""macd_signal"": -0.00112553, ""z_score_tier"": ""neutral"", ""btc_trend_bias"": 0.23, ""momentum_score"": 28.2, ""momentum_state"": ""flat"", ""btc_linreg_bias"": 0.25, ""price_at_signal"": 1.13245, ""speed_percentile"": 68.3, ""price_acceleration"": 0.0083}"
15812,MON,Hermes-bb-squeeze+,LONG,1.4820,0.03,5,11.10,atr_trail_hit,EXTREME,72.66,0.00016879,0.03407600,0.34628477520835793,0.4930156121610561,1787.988,closed,f,2026-10-02 02:11:34.623073,2026-10-02 02:41:22.611071,"{""rsi_14"": 76.48, ""z_score"": 1.7998, ""is_stale"": false, ""btc_score"": 99.8, ""macd_hist"": 0.00005897, ""btc_regime"": ""BULL_TREND"", ""macd_value"": 0.0001258, ""wave_phase"": ""falling"", ""bb_position"": 0.95, ""macd_signal"": 0.00006683, ""gap_at_entry"": 1.0404, ""volume_spike"": 0.33, ""z_score_tier"": ""high"", ""btc_trend_bias"": 0.995, ""momentum_score"": 29.4, ""momentum_state"": ""rising"", ""btc_linreg_bias"": 0.25, ""price_at_signal"": 0.034154, ""final_confidence"": 90.0, ""speed_percentile"": 71.7, ""staleness_minutes"": 3.09, ""price_acceleration"": -0.0109}"
15787,WLFI,Hermes-bb-bounce-v3-long+,LONG,-0.6064,-0.01,5,11.10,profit-monster-trail,NORMAL,47.75,0.00009636,0.05524800,0.407254561251086,0.2534028381117869,,closed,f,2026-10-01 08:25:38.321701,2026-10-01 09:54:39.086735,"{""rsi_14"": 43.03, ""z_score"": -0.9292, ""is_stale"": true, ""btc_score"": 7.6, ""macd_hist"": -0.00000568, ""btc_regime"": ""BEAR_TREND"", ""macd_value"": 0.00000141, ""wave_phase"": ""decelerating"", ""bb_position"": 0.2677, ""macd_signal"": 0.00000709, ""gap_at_entry"": -0.0896, ""volume_spike"": 1.0, ""z_score_tier"": ""neutral"", ""btc_trend_bias"": -0.832, ""momentum_score"": 1.8, ""momentum_state"": ""flat"", ""btc_linreg_bias"": -0.375, ""price_at_signal"": 0.055199, ""final_confidence"": 99, ""speed_percentile"": 4.4, ""staleness_minutes"": 3.03, ""price_acceleration"": -0.0015}"
15296,AIXBT,Hermes-rr-struct-,SHORT,1.3575,0.05,3,11.10,profit-monster-trail,NORMAL,,,0.02055200,0.7395873880887505,0.26274815103152976,15349.194,closed,f,2026-09-12 13:43:28.6262,2026-09-12 17:59:17.820467,"{""rsi_14"": 38.46, ""z_score"": -0.5172, ""is_stale"": false, ""btc_score"": 50.9, ""macd_hist"": -0.00000076, ""btc_regime"": ""TRANSITIONING"", ""macd_value"": -0.00001689, ""wave_phase"": ""falling"", ""bb_position"": 0.3707, ""macd_signal"": -0.00001612, ""z_score_tier"": ""neutral"", ""btc_trend_bias"": 0.0, ""momentum_score"": 30.9, ""momentum_state"": ""flat"", ""btc_linreg_bias"": 0.0, ""price_at_signal"": 0.020543, ""speed_percentile"": 75.8, ""price_acceleration"": -0.0072}"
15493,FOGO,Hermes-pump-chain+,LONG,18.6747,0.69,3,11.10,atr_sl_hit,HIGH,63.01,0.00001286,0.00647400,7.599629286376274,0.23169601482854496,20329.754,closed,f,2026-09-18 18:13:31.977933,2026-09-18 23:52:21.731984,"{""rsi_14"": 40.0, ""z_score"": 1.5324, ""is_stale"": false, ""btc_score"": 85.7, ""macd_hist"": 0.00000166, ""btc_regime"": ""BULL_TREND"", ""macd_value"": 0.00000521, ""wave_phase"": ""accelerating"", ""bb_position"": 0.8831, ""macd_signal"": 0.00000355, ""z_score_tier"": ""high"", ""btc_trend_bias"": 0.682, ""momentum_score"": 27.3, ""momentum_state"": ""rising"", ""btc_linreg_bias"": 0.25, ""price_at_signal"": 0.006488, ""speed_percentile"": 65.2, ""price_acceleration"": 0.0102}"
15305,SEI,Hermes-rr-struct+,LONG,-6.4663,-0.14,5,11.10,atr_sl_hit,NORMAL,,,0.04461600,0.7239555316478393,1.2551551013089475,41922.074,closed,f,2026-09-12 21:01:38.197554,2026-09-13 08:40:20.27142,"{""rsi_14"": 69.23, ""z_score"": -1.5316, ""is_stale"": true, ""btc_score"": 34.1, ""macd_hist"": -0.0000102, ""btc_regime"": ""TRANSITIONING"", ""macd_value"": -0.00001316, ""wave_phase"": ""accelerating"", ""bb_position"": 0.1171, ""macd_signal"": -0.00000296, ""z_score_tier"": ""low"", ""btc_trend_bias"": -0.243, ""momentum_score"": 21.3, ""momentum_state"": ""flat"", ""btc_linreg_bias"": -0.125, ""price_at_signal"": 0.044633, ""speed_percentile"": 52.2, ""price_acceleration"": 0.0061}"
15494,BABY,Hermes-mover+,LONG,-4.0494,-0.30,3,22.10,atr_sl_hit,HIGH,94.74,0.00002336,0.01161100,1.1282404616312118,1.3435535268280079,18471.676,closed,f,2026-09-18 19:13:27.620255,2026-09-19 00:21:19.296605,"{""rsi_14"": 20.0, ""z_score"": 1.4321, ""is_stale"": false, ""btc_score"": 95.5, ""macd_hist"": 0.00000435, ""btc_regime"": ""BULL_TREND"", ""macd_value"": 0.00001903, ""wave_phase"": ""accelerating"", ""bb_position"": 0.858, ""macd_signal"": 0.00001468, ""z_score_tier"": ""high"", ""btc_trend_bias"": 0.901, ""momentum_score"": 19.3, ""momentum_state"": ""rising"", ""btc_linreg_bias"": 0.375, ""price_at_signal"": 0.011601, ""speed_percentile"": 47.2, ""price_acceleration"": 0.0016}"
15292,NOT,Hermes-pullback-entry-,SHORT,0.6881,0.03,3,11.10,atr_sl_hit,NORMAL,,,0.00043600,1.6055045871559632,0.6880733944954128,58420.824,closed,f,2026-09-12 08:17:41.881021,2026-09-13 00:31:22.703872,"{""rsi_14"": 50.0, ""z_score"": 0.7338, ""is_stale"": true, ""btc_score"": 54.8, ""macd_hist"": 0.00000014, ""btc_regime"": ""TRANSITIONING"", ""macd_value"": -0.00000015, ""wave_phase"": ""decelerating"", ""bb_position"": 0.6834, ""macd_signal"": -0.00000029, ""z_score_tier"": ""neutral"", ""btc_trend_bias"": 0.0, ""momentum_score"": 2.0, ""momentum_state"": ""rising"", ""btc_linreg_bias"": 0.125, ""price_at_signal"": 0.000436, ""speed_percentile"": 5.0, ""price_acceleration"": -0.0015}"
15385,TURBO,"Hermes-rr-struct-v2+,rs-s37",LONG,0.3293,0.01,3,11.10,atr_sl_hit,NORMAL,,,0.00091100,1.756311745334797,0.9879253567508233,24952.828,closed,f,2026-09-14 14:06:37.501039,2026-09-14 21:02:30.329851,"{""rsi_14"": 37.5, ""z_score"": 1.1984, ""is_stale"": false, ""btc_score"": 99.8, ""macd_hist"": 0.0000001, ""btc_regime"": ""BULL_TREND"", ""macd_value"": 0.00000097, ""wave_phase"": ""accelerating"", ""bb_position"": 0.7996, ""macd_signal"": 0.00000087, ""z_score_tier"": ""high"", ""btc_trend_bias"": 0.996, ""momentum_score"": 27.1, ""momentum_state"": ""rising"", ""btc_linreg_bias"": 0.375, ""price_at_signal"": 0.000913, ""speed_percentile"": 64.6, ""price_acceleration"": 0.0176}"
15378,BANANA,Hermes-pump-chain-,SHORT,1.6889,0.06,3,11.10,atr_sl_hit,HIGH,,,3.85460000,1.854926581227624,0.32428786385098324,13251.418,closed,f,2026-09-14 10:30:34.371943,2026-09-14 14:11:25.790332,"{""rsi_14"": 46.15, ""z_score"": -1.2339, ""is_stale"": true, ""btc_score"": 87.3, ""macd_hist"": -0.00324687, ""btc_regime"": ""BULL_TREND"", ""macd_value"": -0.00397111, ""wave_phase"": ""bottoming"", ""bb_position"": 0.1915, ""macd_signal"": -0.00072423, ""z_score_tier"": ""low"", ""btc_trend_bias"": 0.718, ""momentum_score"": 7.6, ""momentum_state"": ""falling"", ""btc_linreg_bias"": 0.375, ""price_at_signal"": 3.85325, ""speed_percentile"": 18.6, ""price_acceleration"": 0.0022}"
15562,INJ,Hermes-pump-chain+,LONG,4.4363,0.16,5,22.10,atr_sl_hit,EXTREME,70.55,0.04829643,7.66410000,2.2670633211988362,1.2304119205125195,10951.601,closed,f,2026-09-20 05:44:55.354138,2026-09-20 08:47:26.954247,"{""rsi_14"": 42.11, ""z_score"": 1.2787, ""is_stale"": false, ""btc_score"": 30.0, ""macd_hist"": 0.01141864, ""btc_regime"": ""TRANSITIONING"", ""macd_value"": 0.03356559, ""wave_phase"": ""falling"", ""bb_position"": 0.8197, ""macd_signal"": 0.02214695, ""gap_at_entry"": -0.9734, ""z_score_tier"": ""high"", ""btc_trend_bias"": -0.333, ""momentum_score"": 34.6, ""momentum_state"": ""rising"", ""btc_linreg_bias"": 0.25, ""price_at_signal"": 7.6688, ""speed_percentile"": 83.9, ""staleness_minutes"": 2.58, ""price_acceleration"": -0.0193}"
15495,ATOM,Hermes-mover+,LONG,7.1851,0.16,5,11.10,atr_sl_hit,HIGH,88.69,0.00544286,1.69100000,2.6434062684801893,0.33707865168539325,10398.578,closed,f,2026-09-18 19:42:27.783408,2026-09-18 22:35:46.361175,"{""rsi_14"": 76.92, ""z_score"": 1.4515, ""is_stale"": false, ""btc_score"": 88.4, ""macd_hist"": 0.00037479, ""btc_regime"": ""BULL_TREND"", ""macd_value"": 0.00386349, ""wave_phase"": ""accelerating"", ""bb_position"": 0.8629, ""macd_signal"": 0.00348869, ""z_score_tier"": ""high"", ""btc_trend_bias"": 0.743, ""momentum_score"": 38.5, ""momentum_state"": ""rising"", ""btc_linreg_bias"": 0.375, ""price_at_signal"": 1.6892, ""speed_percentile"": 92.5, ""price_acceleration"": 0.0185}"
15496,JUP,Hermes-volume-breakout-long+,LONG,-6.5217,-0.13,5,11.10,atr_sl_hit,EXTREME,52.71,0.00153571,0.26910000,0.1300631735414344,1.3024897807506504,7512.2144,closed,f,2026-09-18 20:22:08.038116,2026-09-18 22:27:20.252627,"{""rsi_14"": 57.47, ""z_score"": 2.5536, ""is_stale"": false, ""btc_score"": 87.0, ""macd_hist"": 0.00025444, ""btc_regime"": ""TRANSITIONING"", ""macd_value"": 0.00045143, ""wave_phase"": ""falling"", ""bb_position"": 1.1384, ""macd_signal"": 0.00019699, ""z_score_tier"": ""extreme_high"", ""btc_trend_bias"": 0.711, ""momentum_score"": 33.7, ""momentum_state"": ""rising"", ""btc_linreg_bias"": 0.25, ""price_at_signal"": 0.2692, ""speed_percentile"": 80.7, ""price_acceleration"": -0.0029}"
15497,APT,Hermes-pump-chain+,LONG,-1.6644,-0.04,5,11.10,atr_sl_hit,EXTREME,83.94,0.00578571,0.75100000,1.677762982689747,0.918774966711052,1555.3424,closed,f,2026-09-19 00:23:26.979777,2026-09-19 00:49:22.322182,"{""rsi_14"": 48.15, ""z_score"": 2.4072, ""is_stale"": false, ""btc_score"": 48.3, ""macd_hist"": 0.001858, ""btc_regime"": ""TRANSITIONING"", ""macd_value"": 0.00653353, ""wave_phase"": ""falling"", ""bb_position"": 1.1018, ""macd_signal"": 0.00467553, ""z_score_tier"": ""extreme_high"", ""btc_trend_bias"": 0.0, ""momentum_score"": 39.7, ""momentum_state"": ""rising"", ""btc_linreg_bias"": -0.25, ""price_at_signal"": 0.7633, ""speed_percentile"": 94.4, ""staleness_minutes"": 1.2, ""price_acceleration"": -0.0075}"
15239,IMX,Hermes-doji-bottom-long,LONG,9.3375,0.31,5,16.60,profit-monster-trail,HIGH,,,0.11834000,2.2815616021632583,1.1407808010816292,6552.5063,closed,f,2026-09-11 10:52:09.964708,2026-09-11 12:41:22.470893,"{""z_score"": -1.192, ""is_stale"": false, ""macd_hist"": -0.00001839, ""macd_value"": -0.00027026, ""wave_phase"": ""accelerating"", ""bb_position"": 0.202, ""macd_signal"": -0.00025186, ""z_score_tier"": ""low"", ""momentum_score"": 29.3, ""momentum_state"": ""flat"", ""price_at_signal"": 0.1183, ""speed_percentile"": 70.2, ""price_acceleration"": 0.01}"
15241,ETH,Hermes-liq-hunt+,LONG,-0.4688,-0.01,5,11.10,profit-monster-trail,NORMAL,,,2453.00000000,0.5401549123522218,0.7317570322054627,1210.2943,closed,f,2026-09-11 12:12:08.038207,2026-09-11 12:32:18.332513,"{""z_score"": -2.7192, ""is_stale"": true, ""macd_hist"": -0.84222161, ""macd_value"": -1.13707465, ""wave_phase"": ""accelerating"", ""bb_position"": -0.1798, ""macd_signal"": -0.29485303, ""z_score_tier"": ""extreme_low"", ""momentum_score"": 5.9, ""momentum_state"": ""falling"", ""price_at_signal"": 2450.95, ""speed_percentile"": 14.3, ""price_acceleration"": 0.0005}"
15386,FIL,Hermes-pump-chain+,LONG,-3.7845,-0.13,5,16.60,atr_sl_hit,EXTREME,,,1.01730000,1.7104099085815394,0.31455814410694977,1193.9545,closed,f,2026-09-14 14:15:30.877004,2026-09-14 14:35:24.831527,"{""rsi_14"": 39.08, ""z_score"": 2.33, ""is_stale"": true, ""btc_score"": 94.5, ""macd_hist"": 0.00240682, ""btc_regime"": ""BULL_TREND"", ""macd_value"": 0.00505528, ""wave_phase"": ""accelerating"", ""bb_position"": 1.0825, ""macd_signal"": 0.00264846, ""z_score_tier"": ""extreme_high"", ""btc_trend_bias"": 0.879, ""momentum_score"": 1.3, ""momentum_state"": ""rising"", ""btc_linreg_bias"": 0.375, ""price_at_signal"": 1.01755, ""speed_percentile"": 3.1, ""price_acceleration"": 0.002}"
15842,ZRO,Hermes-bb-squeeze+,LONG,4.6512,0.10,5,11.10,profit-monster-trail,EXTREME,81.11,0.00629286,1.89200000,2.526427061310782,0.742600422832981,,closed,f,2026-10-02 12:59:29.205091,2026-10-02 13:38:50.379809,"{""rsi_14"": 43.64, ""z_score"": 2.8383, ""is_stale"": true, ""btc_score"": 95.8, ""macd_hist"": 0.00222076, ""btc_regime"": ""BULL_TREND"", ""macd_value"": 0.00094004, ""wave_phase"": ""accelerating"", ""bb_position"": 1.2096, ""macd_signal"": -0.00128072, ""gap_at_entry"": 1.2749, ""volume_spike"": 1.0, ""z_score_tier"": ""extreme_high"", ""btc_trend_bias"": 0.906, ""momentum_score"": 7.4, ""momentum_state"": ""rising"", ""btc_linreg_bias"": 0.375, ""price_at_signal"": 1.87955, ""final_confidence"": 91.0, ""speed_percentile"": 18.2, ""staleness_minutes"": 1.15, ""price_acceleration"": 0.0025}"
15243,BABY,Hermes-pump-chain+,LONG,-3.8176,-0.14,3,11.10,atr_sl_hit,HIGH,,,0.01092300,0.018309988098507736,1.2542341847477798,845.1114,closed,f,2026-09-11 12:52:30.736853,2026-09-11 13:06:35.848229,"{""z_score"": 0.8583, ""is_stale"": false, ""macd_hist"": 0.00000998, ""macd_value"": 0.00008145, ""wave_phase"": ""bottoming"", ""bb_position"": 0.7146, ""macd_signal"": 0.00007148, ""z_score_tier"": ""neutral"", ""momentum_score"": 7.0, ""momentum_state"": ""falling"", ""price_at_signal"": 0.010804, ""speed_percentile"": 16.8, ""price_acceleration"": 0.0012}"
15388,BLUR,Hermes-pump-chain-,SHORT,-3.7063,-0.20,3,16.60,atr_sl_hit,EXTREME,,,0.01732200,1.0622329984990186,1.206558134164646,12713.358,closed,f,2026-09-14 14:49:28.87722,2026-09-14 18:21:22.235558,"{""rsi_14"": 52.17, ""z_score"": -0.9024, ""is_stale"": false, ""btc_score"": 93.2, ""macd_hist"": -0.00000883, ""btc_regime"": ""BULL_TREND"", ""macd_value"": -0.00003278, ""wave_phase"": ""falling"", ""bb_position"": 0.2744, ""macd_signal"": -0.00002395, ""z_score_tier"": ""neutral"", ""btc_trend_bias"": 0.848, ""momentum_score"": 34.8, ""momentum_state"": ""flat"", ""btc_linreg_bias"": 0.375, ""price_at_signal"": 0.017324, ""speed_percentile"": 82.6, ""price_acceleration"": -0.0202}"
15134,ACE,Hermes-pullback-entry+,LONG,1.0303,0.04,3,11.10,atr_sl_hit,HIGH,,,0.17470000,1.8317115054378936,0.2289639381797367,8022.627,closed,f,2026-09-09 07:32:36.251635,2026-09-09 09:46:18.878786,"{""rsi_14"": 41.86, ""z_score"": -0.7983, ""is_stale"": true, ""macd_hist"": -0.00011238, ""macd_value"": -0.00012515, ""wave_phase"": ""accelerating"", ""bb_position"": 0.3004, ""macd_signal"": -0.00001277, ""z_score_tier"": ""neutral"", ""momentum_score"": 7.2, ""momentum_state"": ""flat"", ""price_at_signal"": 0.1763, ""speed_percentile"": 17.4, ""price_acceleration"": 0.0037}"
15805,JUP,Hermes-volume-breakout-long+,LONG,5.1617,0.12,5,11.10,atr_trail_hit,EXTREME,46.60,0.00077536,0.32644000,2.109116529837022,0.035228525915951395,12758.807,closed,f,2026-10-02 00:05:41.924117,2026-10-02 03:38:20.73039,"{""rsi_14"": 60.71, ""z_score"": 1.4368, ""is_stale"": false, ""btc_score"": 73.1, ""macd_hist"": 0.00003039, ""btc_regime"": ""BULL_TREND"", ""macd_value"": 0.00019282, ""wave_phase"": ""accelerating"", ""bb_position"": 0.8592, ""macd_signal"": 0.00016243, ""gap_at_entry"": 0.3808, ""volume_spike"": 0.47, ""z_score_tier"": ""high"", ""btc_trend_bias"": 0.403, ""momentum_score"": 18.0, ""momentum_state"": ""rising"", ""btc_linreg_bias"": 0.25, ""price_at_signal"": 0.3265, ""final_confidence"": 99, ""speed_percentile"": 44.0, ""staleness_minutes"": 6.25, ""price_acceleration"": 0.01}"
15137,AIXBT,Hermes-open-skies+,LONG,-3.8593,-0.26,3,19.90,atr_sl_hit,EXTREME,,,0.02306000,0.0004336513443191674,1.3226366001734606,1971.0299,closed,f,2026-09-09 09:03:33.152553,2026-09-09 09:36:24.182469,"{""rsi_14"": 86.12, ""z_score"": 1.6114, ""is_stale"": false, ""macd_hist"": 0.00001753, ""macd_value"": 0.0000911, ""wave_phase"": ""bottoming"", ""bb_position"": 0.9028, ""macd_signal"": 0.00007357, ""z_score_tier"": ""high"", ""momentum_score"": 33.2, ""momentum_state"": ""rising"", ""price_at_signal"": 0.023122, ""speed_percentile"": 80.7, ""price_acceleration"": 0.0018}"
15138,ADA,Hermes-pump-chain-,SHORT,2.3100,0.05,5,11.10,atr_sl_hit,HIGH,,,0.22078000,1.741552676872905,0.011323489446507837,9216.229,closed,f,2026-09-09 09:16:43.185606,2026-09-09 11:50:19.414445,"{""rsi_14"": 27.99, ""z_score"": -1.9242, ""is_stale"": false, ""macd_hist"": -0.00005503, ""macd_value"": -0.00024326, ""wave_phase"": ""falling"", ""bb_position"": 0.0189, ""macd_signal"": -0.00018824, ""z_score_tier"": ""low"", ""momentum_score"": 22.5, ""momentum_state"": ""falling"", ""price_at_signal"": 0.22098, ""speed_percentile"": 54.7, ""price_acceleration"": -0.005}"
15248,AVAX,Hermes-pump-chain+,LONG,-4.4792,-0.10,5,11.10,rr_engine_support_br,HIGH,,,7.76920000,0.6306955671111569,0.80059723008804,1953.5737,closed,f,2026-09-11 13:59:29.266964,2026-09-11 14:32:02.840685,"{""z_score"": 1.7383, ""is_stale"": false, ""macd_hist"": 0.01817171, ""macd_value"": 0.04833135, ""wave_phase"": ""falling"", ""bb_position"": 0.9346, ""macd_signal"": 0.03015965, ""z_score_tier"": ""high"", ""momentum_score"": 39.9, ""momentum_state"": ""rising"", ""price_at_signal"": 7.7141, ""speed_percentile"": 87.0, ""price_acceleration"": -0.0503}"
15249,ARB,Hermes-pump-chain+,LONG,-5.8990,-0.13,5,11.10,atr_sl_hit,EXTREME,,,0.15172000,0,1.2259425257052465,353.62775,closed,f,2026-09-11 14:02:35.793803,2026-09-11 14:08:29.421563,"{""z_score"": 1.7514, ""is_stale"": false, ""macd_hist"": 0.00077343, ""macd_value"": 0.00221377, ""wave_phase"": ""falling"", ""bb_position"": 0.9378, ""macd_signal"": 0.00144034, ""z_score_tier"": ""high"", ""momentum_score"": 32.2, ""momentum_state"": ""rising"", ""price_at_signal"": 0.15088, ""speed_percentile"": 69.6, ""price_acceleration"": -0.0469}"
15230,ZRO,Hermes-bb-bounce-v2-long+,LONG,3.1316,0.12,5,18.80,profit-monster-trail,HIGH,,,1.03780000,0.8816727693197148,0.048178839853536326,1705.385,closed,f,2026-09-11 07:57:22.6095,2026-09-11 08:25:47.99456,"{""z_score"": -0.831, ""is_stale"": true, ""macd_hist"": -0.00003077, ""macd_value"": -0.00159081, ""wave_phase"": ""accelerating"", ""bb_position"": 0.2923, ""macd_signal"": -0.00156004, ""z_score_tier"": ""neutral"", ""momentum_score"": 14.2, ""momentum_state"": ""flat"", ""price_at_signal"": 1.03675, ""speed_percentile"": 34.8, ""price_acceleration"": 0.0029}"
15231,ETC,Hermes-pump-chain-,SHORT,-4.7963,-0.11,5,11.10,rr_engine_resistance,NORMAL,,,7.61010000,0.11826388615129893,0.8606982825455645,1054.0775,closed,f,2026-09-11 08:07:25.280256,2026-09-11 08:24:59.357713,"{""z_score"": -2.6593, ""is_stale"": false, ""macd_hist"": -0.00198134, ""macd_value"": -0.02775364, ""wave_phase"": ""falling"", ""bb_position"": -0.1648, ""macd_signal"": -0.0257723, ""z_score_tier"": ""extreme_low"", ""momentum_score"": 23.3, ""momentum_state"": ""falling"", ""price_at_signal"": 7.6135, ""speed_percentile"": 57.1, ""price_acceleration"": -0.003}"
15232,PONS,Hermes-mover+,LONG,0.3119,0.01,3,11.10,atr_sl_hit,EXTREME,,,0.65400000,52.90519877675841,0.017584097859327217,32.69137,closed,f,2026-09-11 08:46:15.197967,2026-09-11 08:46:47.889336,"{""z_score"": 1.925, ""is_stale"": false, ""macd_hist"": -0.00019668, ""macd_value"": 0.00214406, ""wave_phase"": ""accelerating"", ""bb_position"": 0.9812, ""macd_signal"": 0.00234074, ""z_score_tier"": ""high"", ""momentum_score"": 41.6, ""momentum_state"": ""rising"", ""price_at_signal"": 0.6534, ""speed_percentile"": 98.1, ""price_acceleration"": 0.0079}"
15144,AIXBT,Hermes-pullback-entry+,LONG,-3.8083,-0.21,3,16.60,atr_sl_hit,EXTREME,,,0.02268700,0.811037157843699,1.238594789967823,10079.996,closed,f,2026-09-09 11:57:29.727141,2026-09-09 14:45:29.722827,"{""rsi_14"": 65.84, ""z_score"": 1.6119, ""is_stale"": true, ""macd_hist"": -0.00000534, ""macd_value"": 0.00003642, ""wave_phase"": ""accelerating"", ""bb_position"": 0.903, ""macd_signal"": 0.00004176, ""z_score_tier"": ""high"", ""momentum_score"": 16.0, ""momentum_state"": ""rising"", ""price_at_signal"": 0.022601, ""speed_percentile"": 39.1, ""price_acceleration"": 0.0065}"
15251,GRASS,Hermes-pump-chain-,SHORT,1.5968,0.06,3,11.10,rr_engine_resistance,EXTREME,,,0.33630000,1.486767766874814,0.6690454950936664,5180.6436,closed,f,2026-09-11 14:36:32.859103,2026-09-11 16:02:53.502538,"{""z_score"": -2.8418, ""is_stale"": false, ""macd_hist"": -0.00035228, ""macd_value"": -0.00068119, ""wave_phase"": ""accelerating"", ""bb_position"": -0.2105, ""macd_signal"": -0.00032891, ""z_score_tier"": ""extreme_low"", ""momentum_score"": 36.0, ""momentum_state"": ""falling"", ""price_at_signal"": 0.33876, ""speed_percentile"": 82.6, ""price_acceleration"": 0.0354}"
15234,BLUR,Hermes-mover+,LONG,-3.9590,-0.26,3,19.90,atr_sl_hit,EXTREME,,,0.01735300,0.1844061545554083,1.3657580821759927,2449.6145,closed,f,2026-09-11 09:06:40.250751,2026-09-11 09:47:29.865215,"{""z_score"": -1.3213, ""is_stale"": false, ""macd_hist"": -0.00001184, ""macd_value"": 0.00005432, ""wave_phase"": ""accelerating"", ""bb_position"": 0.1697, ""macd_signal"": 0.00006615, ""z_score_tier"": ""low"", ""momentum_score"": 43.9, ""momentum_state"": ""falling"", ""price_at_signal"": 0.017412, ""speed_percentile"": 98.8, ""price_acceleration"": 0.049}"
15685,KAS,Hermes-pump-chain-,SHORT,-1.0898,-0.08,3,22.10,pump_exit_dead_money,HIGH,23.60,0.00017807,0.03991700,0.8893453916877521,0.4960292607159857,7264.2764,closed,f,2026-09-24 17:31:29.047563,2026-09-24 19:32:33.323703,"{""rsi_14"": 61.64, ""z_score"": -2.0453, ""is_stale"": false, ""btc_score"": 29.2, ""macd_hist"": -0.0000233, ""btc_regime"": ""TRANSITIONING"", ""macd_value"": -0.00010385, ""wave_phase"": ""falling"", ""bb_position"": -0.0113, ""macd_signal"": -0.00008054, ""gap_at_entry"": 0.3468, ""z_score_tier"": ""extreme_low"", ""btc_trend_bias"": -0.352, ""momentum_score"": 37.8, ""momentum_state"": ""falling"", ""btc_linreg_bias"": 0.25, ""price_at_signal"": 0.039914, ""speed_percentile"": 89.4, ""staleness_minutes"": 3.23, ""price_acceleration"": -0.0227}"
15392,ENA,Hermes-pump-chain-,SHORT,-7.1222,-0.16,5,11.10,atr_sl_hit,EXTREME,,,0.14181000,0,1.3645017981806642,892.04144,closed,f,2026-09-14 17:42:36.206677,2026-09-14 17:57:28.248118,"{""rsi_14"": 50.0, ""z_score"": -0.3232, ""is_stale"": false, ""btc_score"": 78.4, ""macd_hist"": -0.00003451, ""btc_regime"": ""BULL_TREND"", ""macd_value"": -0.00006595, ""wave_phase"": ""falling"", ""bb_position"": 0.4192, ""macd_signal"": -0.00003144, ""z_score_tier"": ""neutral"", ""btc_trend_bias"": 0.521, ""momentum_score"": 30.8, ""momentum_state"": ""flat"", ""btc_linreg_bias"": 0.375, ""price_at_signal"": 0.14202, ""speed_percentile"": 74.5, ""price_acceleration"": -0.0075}"
15570,JUP,Hermes-pump-chain+,LONG,13.5677,0.45,5,16.60,atr_sl_hit,EXTREME,48.26,0.00102786,0.26939000,3.877278295408144,0.012992315973124465,7638.7705,closed,f,2026-09-20 15:17:42.099375,2026-09-20 17:25:00.869871,"{""rsi_14"": 55.0, ""z_score"": 2.8859, ""is_stale"": false, ""btc_score"": 92.2, ""macd_hist"": 0.0001684, ""btc_regime"": ""BULL_TREND"", ""macd_value"": 0.0003194, ""wave_phase"": ""falling"", ""bb_position"": 1.2215, ""macd_signal"": 0.00015099, ""gap_at_entry"": 0.4012, ""z_score_tier"": ""extreme_high"", ""btc_trend_bias"": 0.828, ""momentum_score"": 31.4, ""momentum_state"": ""rising"", ""btc_linreg_bias"": 0.375, ""price_at_signal"": 0.270415, ""speed_percentile"": 75.8, ""staleness_minutes"": 3.27, ""price_acceleration"": -0.0126}"
15817,SAGA,"Hermes-bb-squeeze+,rs-s33",LONG,-2.5964,-0.10,3,11.10,rr_engine_support_br,EXTREME,52.94,0.00012786,0.02542000,-0.15735641227380737,0.5507474429583054,651.75256,closed,f,2026-10-02 03:52:27.416647,2026-10-02 04:03:19.169216,"{""rsi_14"": 56.0, ""z_score"": 2.6018, ""is_stale"": false, ""btc_score"": 96.8, ""macd_hist"": 0.00000844, ""btc_regime"": ""BULL_TREND"", ""macd_value"": 0.00003917, ""wave_phase"": ""accelerating"", ""bb_position"": 1.1505, ""macd_signal"": 0.00003072, ""gap_at_entry"": 0.4953, ""volume_spike"": 0.16, ""z_score_tier"": ""extreme_high"", ""btc_trend_bias"": 0.929, ""momentum_score"": 36.0, ""momentum_state"": ""rising"", ""btc_linreg_bias"": 0.375, ""price_at_signal"": 0.02552, ""final_confidence"": 95.7, ""speed_percentile"": 86.8, ""staleness_minutes"": 4.75, ""price_acceleration"": 0.0103}"
15843,SOL,Hermes-mtf-regime-trend+,LONG,2.5348,0.06,5,11.10,profit-monster-trail,NORMAL,51.61,0.29285714,122.30000000,0.7072771872444807,0.004088307440719542,,closed,f,2026-10-02 13:27:50.239696,2026-10-02 13:43:50.801862,"{""rsi_14"": 26.92, ""z_score"": -0.4553, ""is_stale"": true, ""btc_score"": 93.1, ""macd_hist"": -0.0382306, ""btc_regime"": ""BULL_TREND"", ""macd_value"": 0.01985652, ""wave_phase"": ""accelerating"", ""bb_position"": 0.3862, ""macd_signal"": 0.05808711, ""gap_at_entry"": 0.2094, ""volume_spike"": 0.86, ""z_score_tier"": ""neutral"", ""btc_trend_bias"": 0.846, ""momentum_score"": 10.8, ""momentum_state"": ""flat"", ""btc_linreg_bias"": 0.25, ""price_at_signal"": 122.535, ""final_confidence"": 99, ""speed_percentile"": 26.4, ""staleness_minutes"": 5.3, ""price_acceleration"": 0.0059}"
15846,BLUR,Hermes-mtf-regime-trend+,LONG,2.2654,0.17,3,22.10,profit-monster-trail,HIGH,41.67,0.00006864,0.02185000,1.0755148741418765,0.08695652173913043,,closed,f,2026-10-02 13:31:50.554646,2026-10-02 13:49:53.148771,"{""rsi_14"": 30.71, ""z_score"": -1.0243, ""is_stale"": false, ""btc_score"": 78.7, ""macd_hist"": -0.00000097, ""btc_regime"": ""BULL_TREND"", ""macd_value"": -0.00002266, ""wave_phase"": ""falling"", ""bb_position"": 0.2439, ""macd_signal"": -0.00002169, ""gap_at_entry"": 1.1734, ""volume_spike"": 0.88, ""z_score_tier"": ""low"", ""btc_trend_bias"": 0.526, ""momentum_score"": 40.8, ""momentum_state"": ""flat"", ""btc_linreg_bias"": 0.25, ""price_at_signal"": 0.021825, ""final_confidence"": 99, ""speed_percentile"": 96.2, ""staleness_minutes"": 4.3, ""price_acceleration"": -0.0177}"
15688,ATOM,Hermes-pump-chain-,SHORT,1.5127,0.03,5,11.10,pump_exit_dead_money,EXTREME,31.70,0.00647857,1.78490000,0.6667040170317665,0.17367919771415766,7200.944,closed,f,2026-09-24 21:46:26.023723,2026-09-24 23:46:26.96774,"{""rsi_14"": 47.06, ""z_score"": -2.0843, ""is_stale"": true, ""btc_score"": 51.4, ""macd_hist"": -0.00169408, ""btc_regime"": ""RANGING_BULL"", ""macd_value"": -0.00102003, ""wave_phase"": ""accelerating"", ""bb_position"": -0.0211, ""macd_signal"": 0.00067405, ""gap_at_entry"": 0.2759, ""z_score_tier"": ""extreme_low"", ""btc_trend_bias"": 0.0, ""momentum_score"": 4.3, ""momentum_state"": ""falling"", ""btc_linreg_bias"": 0.125, ""price_at_signal"": 1.7827, ""speed_percentile"": 10.6, ""staleness_minutes"": 2.2, ""price_acceleration"": 0.006}"
15236,BIGTIME,Hermes-pullback-entry-,SHORT,1.4515,0.05,3,11.10,atr_sl_hit,NORMAL,,,0.00661400,1.9201693377683702,0.28726942848503173,8045.625,closed,f,2026-09-11 09:48:18.736664,2026-09-11 12:02:24.361693,"{""z_score"": -2.3824, ""is_stale"": true, ""macd_hist"": -0.00000322, ""macd_value"": -0.00000751, ""wave_phase"": ""decelerating"", ""bb_position"": -0.0956, ""macd_signal"": -0.00000429, ""z_score_tier"": ""extreme_low"", ""momentum_score"": 11.4, ""momentum_state"": ""falling"", ""price_at_signal"": 0.006671, ""speed_percentile"": 28.0, ""price_acceleration"": -0.0001}"
15142,NEO,Hermes-pullback-entry+,LONG,-6.7705,-0.15,5,11.10,atr_sl_hit,NORMAL,,,2.26720000,1.221771347918137,1.345271700776288,16309.496,closed,f,2026-09-09 10:22:30.988879,2026-09-09 14:54:20.485181,"{""rsi_14"": 79.21, ""z_score"": 2.143, ""is_stale"": true, ""macd_hist"": 0.00217171, ""macd_value"": 0.00331697, ""wave_phase"": ""falling"", ""bb_position"": 1.0358, ""macd_signal"": 0.00114526, ""z_score_tier"": ""extreme_high"", ""momentum_score"": 5.5, ""momentum_state"": ""rising"", ""price_at_signal"": 2.2634, ""speed_percentile"": 13.7, ""price_acceleration"": -0.0048}"
15393,ACE,Hermes-pump-chain-,SHORT,3.3663,0.22,3,19.90,atr_sl_hit,HIGH,,,0.15150000,2.376237623762376,1.056105610561056,33108.418,closed,f,2026-09-14 19:05:40.80681,2026-09-15 04:17:29.224444,"{""rsi_14"": 27.78, ""z_score"": -1.7338, ""is_stale"": false, ""btc_score"": 84.9, ""macd_hist"": -0.00013463, ""btc_regime"": ""BULL_TREND"", ""macd_value"": -0.00068144, ""wave_phase"": ""falling"", ""bb_position"": 0.0665, ""macd_signal"": -0.00054681, ""z_score_tier"": ""low"", ""btc_trend_bias"": 0.665, ""momentum_score"": 40.3, ""momentum_state"": ""falling"", ""btc_linreg_bias"": 0.375, ""price_at_signal"": 0.1514, ""speed_percentile"": 95.7, ""price_acceleration"": -0.019}"
15253,CC,Hermes-mover-,SHORT,3.9536,0.26,3,19.90,profit-monster-trail,HIGH,,,0.10001000,1.6228377162283771,0.5249475052494751,2607.9844,closed,f,2026-09-11 15:14:09.874825,2026-09-11 15:57:37.859231,"{""z_score"": 1.7435, ""is_stale"": false, ""macd_hist"": 0.00017892, ""macd_value"": 0.00005033, ""wave_phase"": ""falling"", ""bb_position"": 0.9359, ""macd_signal"": -0.00012858, ""z_score_tier"": ""high"", ""momentum_score"": 34.5, ""momentum_state"": ""rising"", ""price_at_signal"": 0.100185, ""speed_percentile"": 77.6, ""price_acceleration"": -0.0314}"
15152,FIL,Hermes-pump-chain-,SHORT,0.6348,0.01,5,11.10,rr_engine_support_tp,HIGH,,,0.83487000,0.15691065674895494,0.03593373818678357,42.019157,closed,f,2026-09-09 16:17:42.464465,2026-09-09 16:18:24.483623,"{""rsi_14"": 22.59, ""z_score"": -1.3608, ""is_stale"": true, ""macd_hist"": -0.00157626, ""macd_value"": -0.00206158, ""wave_phase"": ""accelerating"", ""bb_position"": 0.1598, ""macd_signal"": -0.00048532, ""z_score_tier"": ""low"", ""momentum_score"": 4.6, ""momentum_state"": ""falling"", ""price_at_signal"": 0.8382, ""speed_percentile"": 11.2, ""price_acceleration"": 0.0063}"
15153,BANANA,Hermes-mover+,LONG,3.1482,0.12,3,11.10,profit-monster-trail,HIGH,,,4.11670000,1.4927004639638546,0.1032380304612918,965.0886,closed,f,2026-09-09 16:26:14.844741,2026-09-09 16:42:19.933385,"{""rsi_14"": 19.07, ""z_score"": -1.4248, ""is_stale"": false, ""macd_hist"": -0.00404822, ""macd_value"": 0.00115072, ""wave_phase"": ""accelerating"", ""bb_position"": 0.1438, ""macd_signal"": 0.00519894, ""z_score_tier"": ""low"", ""momentum_score"": 34.6, ""momentum_state"": ""falling"", ""price_at_signal"": 4.1126, ""speed_percentile"": 80.7, ""price_acceleration"": 0.0319}"
15257,LDO,Hermes-mover+,LONG,0.9048,0.02,5,11.10,profit-monster-trail,EXTREME,,,0.38129000,0.30160770017571925,0.1153977287628839,622.73425,closed,f,2026-09-11 16:57:38.744682,2026-09-11 17:08:01.478956,"{""z_score"": 1.7483, ""is_stale"": false, ""macd_hist"": 0.00034278, ""macd_value"": 0.00143028, ""wave_phase"": ""falling"", ""bb_position"": 0.9371, ""macd_signal"": 0.0010875, ""z_score_tier"": ""high"", ""momentum_score"": 36.7, ""momentum_state"": ""rising"", ""price_at_signal"": 0.38128, ""speed_percentile"": 86.3, ""price_acceleration"": -0.0309}"
15156,ONDO,Hermes-ema300-dip-short,SHORT,18.6556,0.42,5,11.10,atr_sl_hit,HIGH,,,0.37147000,4.869841440762377,0.2140145906802703,14932.617,closed,f,2026-09-09 18:02:28.329234,2026-09-09 22:11:20.946317,"{""z_score"": 2.0677, ""is_stale"": false, ""macd_hist"": 0.00019632, ""macd_value"": -0.00002988, ""wave_phase"": ""falling"", ""bb_position"": 1.0169, ""macd_signal"": -0.0002262, ""z_score_tier"": ""extreme_high"", ""momentum_score"": 19.9, ""momentum_state"": ""rising"", ""price_at_signal"": 0.37182, ""speed_percentile"": 47.2, ""price_acceleration"": -0.0086}"
15159,ENA,Hermes-pullback-entry-,SHORT,14.5699,0.48,5,16.60,atr_sl_hit,EXTREME,,,0.15683000,4.17968500924568,0.1657846075368233,12229.292,closed,f,2026-09-09 19:01:29.971009,2026-09-09 22:25:19.26343,"{""z_score"": -1.2397, ""is_stale"": false, ""macd_hist"": -0.00009894, ""macd_value"": -0.00019484, ""wave_phase"": ""accelerating"", ""bb_position"": 0.1901, ""macd_signal"": -0.0000959, ""z_score_tier"": ""low"", ""momentum_score"": 26.9, ""momentum_state"": ""flat"", ""price_at_signal"": 0.15698, ""speed_percentile"": 65.8, ""price_acceleration"": 0.0084}"
15263,ENA,Hermes-pump-chain-,SHORT,3.2157,0.13,5,19.90,profit-monster-trail,EXTREME,,,0.14305000,1.3806361412093673,0.006990562740300594,3014.1443,closed,f,2026-09-11 18:49:46.79635,2026-09-11 19:40:00.94065,"{""rsi_14"": 35.9, ""z_score"": -1.3122, ""is_stale"": false, ""macd_hist"": -0.00012924, ""macd_value"": -0.00052093, ""wave_phase"": ""accelerating"", ""bb_position"": 0.172, ""macd_signal"": -0.00039169, ""z_score_tier"": ""low"", ""momentum_score"": 28.0, ""momentum_state"": ""flat"", ""price_at_signal"": 0.1432, ""speed_percentile"": 67.7, ""price_acceleration"": 0.0015}"
15164,PURR,Hermes-mover-,SHORT,-1.0175,-0.04,3,11.10,profit-monster-trail,EXTREME,,,0.11414000,0.49938671806553353,0.10513404590853338,560.9886,closed,f,2026-09-09 20:24:29.450292,2026-09-09 20:33:50.438903,"{""z_score"": 1.7364, ""is_stale"": false, ""macd_hist"": 0.00019253, ""macd_value"": -0.0000241, ""wave_phase"": ""accelerating"", ""bb_position"": 0.9341, ""macd_signal"": -0.00021663, ""z_score_tier"": ""high"", ""momentum_score"": 42.7, ""momentum_state"": ""rising"", ""price_at_signal"": 0.11477, ""speed_percentile"": 98.1, ""price_acceleration"": 0.0144}"
15268,ARB,Hermes-pump-chain-,SHORT,-5.7339,-0.13,5,11.10,cut-loser-CL-T1,EXTREME,,,0.13952000,0.014334862385321102,1.1754587155963303,536.0077,closed,f,2026-09-11 21:03:31.7047,2026-09-11 21:12:27.712414,"{""rsi_14"": 33.33, ""z_score"": -0.5897, ""is_stale"": true, ""macd_hist"": -0.00004662, ""macd_value"": -0.00048146, ""wave_phase"": ""accelerating"", ""bb_position"": 0.3526, ""macd_signal"": -0.00043484, ""z_score_tier"": ""neutral"", ""momentum_score"": 0.5, ""momentum_state"": ""rising"", ""price_at_signal"": 0.13958, ""speed_percentile"": 1.2, ""price_acceleration"": 0.0002}"
15270,CC,Hermes-pump-chain-,SHORT,2.7315,0.18,3,19.90,profit-monster-trail,EXTREME,,,0.09785700,1.2119725722227332,0.026569381853112195,1991.0598,closed,f,2026-09-11 21:31:37.715548,2026-09-11 22:04:48.775384,"{""rsi_14"": 32.62, ""z_score"": -0.9337, ""is_stale"": true, ""macd_hist"": 0.00001946, ""macd_value"": -0.00005269, ""wave_phase"": ""decelerating"", ""bb_position"": 0.2666, ""macd_signal"": -0.00007215, ""z_score_tier"": ""neutral"", ""momentum_score"": 3.0, ""momentum_state"": ""flat"", ""price_at_signal"": 0.097809, ""speed_percentile"": 7.5, ""price_acceleration"": -0.0009}"
15171,AIXBT,Hermes-pullback-entry-,SHORT,6.4008,0.35,3,16.60,atr_sl_hit,EXTREME,,,0.02113800,3.202762796858738,0.4352351215819851,15832.596,closed,f,2026-09-09 22:13:29.027509,2026-09-10 02:37:21.622931,"{""z_score"": -3.2706, ""is_stale"": false, ""macd_hist"": -0.00006812, ""macd_value"": -0.00011723, ""wave_phase"": ""accelerating"", ""bb_position"": -0.3176, ""macd_signal"": -0.00004911, ""z_score_tier"": ""extreme_low"", ""momentum_score"": 26.8, ""momentum_state"": ""falling"", ""price_at_signal"": 0.021721, ""speed_percentile"": 65.8, ""price_acceleration"": 0.0007}"
15396,HYPER,Hermes-pullback-entry-,SHORT,7.0305,0.26,3,11.10,atr_sl_hit,HIGH,,,0.07057800,3.3735725013460285,1.283686134489501,40073.277,closed,f,2026-09-14 21:52:33.19621,2026-09-15 09:00:26.472495,"{""rsi_14"": 50.0, ""z_score"": -0.769, ""is_stale"": false, ""btc_score"": 4.7, ""macd_hist"": 0.00000031, ""btc_regime"": ""BEAR_TREND"", ""macd_value"": -0.00002034, ""wave_phase"": ""accelerating"", ""bb_position"": 0.3077, ""macd_signal"": -0.00002064, ""z_score_tier"": ""neutral"", ""btc_trend_bias"": -0.895, ""momentum_score"": 23.0, ""momentum_state"": ""falling"", ""btc_linreg_bias"": -0.25, ""price_at_signal"": 0.0709, ""speed_percentile"": 55.9, ""price_acceleration"": 0.0033}"
15273,MNT,Hermes-rr-struct-,SHORT,5.5818,0.12,5,11.10,profit-monster-trail,HIGH,,,0.58046000,1.3851083623333218,0.6443165765082866,33333.707,closed,f,2026-09-11 22:07:36.485117,2026-09-12 07:23:10.193983,"{""rsi_14"": 53.75, ""z_score"": -0.7351, ""is_stale"": true, ""macd_hist"": -0.00013268, ""macd_value"": -0.00123562, ""wave_phase"": ""falling"", ""bb_position"": 0.3162, ""macd_signal"": -0.00110294, ""z_score_tier"": ""neutral"", ""momentum_score"": 15.1, ""momentum_state"": ""flat"", ""price_at_signal"": 0.58058, ""speed_percentile"": 37.0, ""price_acceleration"": -0.0019}"
15176,WLFI,Hermes-pullback-entry+,LONG,-3.9463,-0.09,5,11.10,rr_engine_support_br,HIGH,,,0.05650900,0.769788883186749,0.8370348086145569,10963.301,closed,f,2026-09-10 04:32:36.691618,2026-09-10 07:35:19.992829,"{""z_score"": -0.1879, ""is_stale"": false, ""macd_hist"": -0.0000075, ""macd_value"": -0.00000336, ""wave_phase"": ""accelerating"", ""bb_position"": 0.453, ""macd_signal"": 0.00000414, ""z_score_tier"": ""neutral"", ""momentum_score"": 22.7, ""momentum_state"": ""flat"", ""price_at_signal"": 0.056471, ""speed_percentile"": 55.3, ""price_acceleration"": 0.005}"
15178,KAS,Hermes-pump-chain+,LONG,8.0440,0.59,3,22.10,rr_engine_support_br,EXTREME,,,0.03606400,3.3690106477373556,0.013864241348713398,4310.115,closed,f,2026-09-10 04:54:30.062438,2026-09-10 06:06:20.177453,"{""z_score"": 0.0377, ""is_stale"": false, ""macd_hist"": -0.00000043, ""macd_value"": 0.00003375, ""wave_phase"": ""accelerating"", ""bb_position"": 0.5094, ""macd_signal"": 0.00003418, ""z_score_tier"": ""neutral"", ""momentum_score"": 32.9, ""momentum_state"": ""falling"", ""price_at_signal"": 0.036088, ""speed_percentile"": 79.5, ""price_acceleration"": 0.0104}"
15281,ACE,Hermes-trend_purity+,LONG,0.1819,0.01,3,19.90,atr_sl_hit,EXTREME,,,0.16490000,1.334141904184354,0.18192844147968465,4370.662,closed,f,2026-09-12 02:16:29.537625,2026-09-12 03:29:20.199807,"{""rsi_14"": 40.91, ""z_score"": -0.0278, ""is_stale"": false, ""btc_score"": 49.8, ""macd_hist"": -0.00009716, ""btc_regime"": ""RANGING"", ""macd_value"": 0.00086526, ""wave_phase"": ""accelerating"", ""bb_position"": 0.493, ""macd_signal"": 0.00096243, ""z_score_tier"": ""neutral"", ""btc_trend_bias"": 0.0, ""momentum_score"": 36.8, ""momentum_state"": ""falling"", ""btc_linreg_bias"": 0.125, ""price_at_signal"": 0.1649, ""speed_percentile"": 88.8, ""price_acceleration"": 0.0198}"
15578,HYPER,Hermes-volume-breakout-long+,LONG,-4.4905,-0.17,3,11.10,atr_sl_hit,NORMAL,46.05,0.00018571,0.07275400,0.03298787695521896,1.5779201143579735,4534.193,closed,f,2026-09-21 00:36:45.998945,2026-09-21 01:52:20.191675,"{""rsi_14"": 66.67, ""z_score"": 1.3285, ""is_stale"": true, ""btc_score"": 100.0, ""macd_hist"": -0.00002101, ""btc_regime"": ""BULL_TREND"", ""macd_value"": 0.00012464, ""wave_phase"": ""accelerating"", ""bb_position"": 0.8321, ""macd_signal"": 0.00014565, ""gap_at_entry"": 0.9821, ""z_score_tier"": ""high"", ""btc_trend_bias"": 1.0, ""momentum_score"": 12.4, ""momentum_state"": ""rising"", ""btc_linreg_bias"": 1.0, ""price_at_signal"": 0.0729, ""speed_percentile"": 30.4, ""staleness_minutes"": 2.1, ""price_acceleration"": 0.0057}"
15576,HEMI,Hermes-pump-chain+,LONG,-3.6000,-0.13,3,11.10,pump_exit_momentum,EXTREME,67.39,0.00002357,0.00625000,1.008,1.28,23500.52,closed,f,2026-09-20 19:29:39.599027,2026-09-21 02:01:20.117845,"{""rsi_14"": 75.0, ""z_score"": 2.0753, ""is_stale"": false, ""btc_score"": 21.1, ""macd_hist"": 0.00000593, ""btc_regime"": ""TRANSITIONING"", ""macd_value"": 0.00000647, ""wave_phase"": ""decelerating"", ""bb_position"": 1.0188, ""macd_signal"": 0.00000053, ""gap_at_entry"": 0.1855, ""z_score_tier"": ""extreme_high"", ""btc_trend_bias"": -0.531, ""momentum_score"": 7.0, ""momentum_state"": ""rising"", ""btc_linreg_bias"": -0.25, ""price_at_signal"": 0.006274, ""speed_percentile"": 16.8, ""staleness_minutes"": 5.41, ""price_acceleration"": -0.0027}"
15280,BIGTIME,"Hermes-open-skies+,trend_purity+",LONG,5.5751,0.21,3,11.10,atr_sl_hit,EXTREME,,,0.00710300,3.125439954948613,0.04223567506687315,3890.9463,closed,f,2026-09-12 01:50:31.830574,2026-09-12 02:55:22.776898,"{""rsi_14"": 45.0, ""z_score"": 0.9936, ""is_stale"": false, ""btc_score"": 24.6, ""macd_hist"": -0.00000032, ""btc_regime"": ""RANGING"", ""macd_value"": 0.00002203, ""wave_phase"": ""bottoming"", ""bb_position"": 0.7484, ""macd_signal"": 0.00002235, ""z_score_tier"": ""neutral"", ""btc_trend_bias"": -0.452, ""momentum_score"": 35.0, ""momentum_state"": ""rising"", ""btc_linreg_bias"": 0.125, ""price_at_signal"": 0.007114, ""speed_percentile"": 84.5, ""price_acceleration"": 0.0064}"
15184,FIL,Hermes-pump-chain-,SHORT,1.2189,0.03,5,11.10,atr_sl_hit,EXTREME,,,0.80811000,1.5814678694732154,0.7894964794396803,17271.494,closed,f,2026-09-10 06:27:29.932835,2026-09-10 11:15:21.426094,"{""z_score"": -1.356, ""is_stale"": false, ""macd_hist"": -0.00047403, ""macd_value"": -0.0026149, ""wave_phase"": ""falling"", ""bb_position"": 0.161, ""macd_signal"": -0.00214087, ""z_score_tier"": ""low"", ""momentum_score"": 27.7, ""momentum_state"": ""falling"", ""price_at_signal"": 0.8078, ""speed_percentile"": 67.7, ""price_acceleration"": -0.007}"
15201,IMX,Hermes-pullback-entry-,SHORT,3.1677,0.11,5,16.60,rr_engine_resistance,HIGH,,,0.12282000,1.7261032405145742,0.21983390327308255,9409.31,closed,f,2026-09-10 14:34:31.879281,2026-09-10 17:11:21.188566,"{""z_score"": 0.4963, ""is_stale"": true, ""macd_hist"": 0.0000657, ""macd_value"": -0.00008439, ""wave_phase"": ""accelerating"", ""bb_position"": 0.6241, ""macd_signal"": -0.00015009, ""z_score_tier"": ""neutral"", ""momentum_score"": 10.7, ""momentum_state"": ""falling"", ""price_at_signal"": 0.12254, ""speed_percentile"": 26.1, ""price_acceleration"": 0.0033}"
15579,IOTA,"Hermes-accel-300-breakout,rs-r64,rs-r66",SHORT,4.5676,0.17,3,11.10,profit-monster-trail,EXTREME,50.79,0.00021979,0.04755200,2.151329071332436,0.021029609690444144,,closed,f,2026-09-21 01:31:17.085589,2026-09-21 02:03:29.999956,"{""rsi_14"": 33.33, ""z_score"": -1.8437, ""is_stale"": false, ""btc_score"": 82.3, ""macd_hist"": -0.00002138, ""btc_regime"": ""BULL_TREND"", ""macd_value"": 0.00000805, ""wave_phase"": ""falling"", ""bb_position"": 0.0391, ""macd_signal"": 0.00002943, ""gap_at_entry"": -0.456, ""z_score_tier"": ""low"", ""btc_trend_bias"": 0.606, ""momentum_score"": 36.4, ""momentum_state"": ""falling"", ""btc_linreg_bias"": 0.375, ""price_at_signal"": 0.047258, ""speed_percentile"": 85.1, ""staleness_minutes"": 2.47, ""price_acceleration"": -0.0241}"
15287,STX,Hermes-rr-struct+,LONG,2.0998,0.05,5,11.10,profit-monster-trail,HIGH,,,0.26193000,0.6413927385179247,0.17561944030847937,2588.7817,closed,f,2026-09-12 05:26:29.981383,2026-09-12 06:09:38.763224,"{""rsi_14"": 62.5, ""z_score"": -0.6956, ""is_stale"": false, ""btc_score"": 41.9, ""macd_hist"": -0.00005736, ""btc_regime"": ""RANGING_BEAR"", ""macd_value"": 0.00013982, ""wave_phase"": ""falling"", ""bb_position"": 0.3261, ""macd_signal"": 0.00019718, ""z_score_tier"": ""neutral"", ""btc_trend_bias"": -0.068, ""momentum_score"": 31.2, ""momentum_state"": ""falling"", ""btc_linreg_bias"": -0.125, ""price_at_signal"": 0.26207, ""speed_percentile"": 76.4, ""price_acceleration"": -0.0011}"
15288,PONS,Hermes-trend_purity+,LONG,6.2667,0.24,3,11.10,atr_sl_hit,EXTREME,,,0.61468000,3.742597774451747,0.31561137502440295,1743.0198,closed,f,2026-09-12 06:18:34.742641,2026-09-12 06:47:37.762461,"{""rsi_14"": 47.93, ""z_score"": 1.0512, ""is_stale"": false, ""btc_score"": 24.9, ""macd_hist"": 0.00006217, ""btc_regime"": ""RANGING"", ""macd_value"": 0.0010689, ""wave_phase"": ""bottoming"", ""bb_position"": 0.7628, ""macd_signal"": 0.00100673, ""z_score_tier"": ""high"", ""btc_trend_bias"": -0.446, ""momentum_score"": 11.6, ""momentum_state"": ""rising"", ""btc_linreg_bias"": 0.0, ""price_at_signal"": 0.610445, ""speed_percentile"": 28.6, ""price_acceleration"": 0.0059}"
15205,ACE,Hermes-pump-chain+,LONG,-3.9277,-0.15,3,11.10,atr_sl_hit,EXTREME,,,0.16040000,0.18703241895261846,1.371571072319202,2026.7518,closed,f,2026-09-10 17:31:31.428576,2026-09-10 18:05:18.180443,"{""z_score"": 0.8289, ""is_stale"": false, ""macd_hist"": 0.0000249, ""macd_value"": 0.00032596, ""wave_phase"": ""accelerating"", ""bb_position"": 0.7072, ""macd_signal"": 0.00030106, ""z_score_tier"": ""neutral"", ""momentum_score"": 37.4, ""momentum_state"": ""flat"", ""price_at_signal"": 0.1597, ""speed_percentile"": 87.6, ""price_acceleration"": 0.0234}"
15208,ICP,Hermes-pump-chain-,SHORT,-5.8770,-0.13,5,11.10,atr_sl_hit,EXTREME,,,2.72250000,0.11386593204775022,1.2837465564738293,2426.5864,closed,f,2026-09-10 18:11:53.429685,2026-09-10 18:52:20.016084,"{""z_score"": -1.7071, ""is_stale"": false, ""macd_hist"": -0.00245647, ""macd_value"": -0.00539429, ""wave_phase"": ""falling"", ""bb_position"": 0.0732, ""macd_signal"": -0.00293782, ""z_score_tier"": ""low"", ""momentum_score"": 17.6, ""momentum_state"": ""falling"", ""price_at_signal"": 2.7235, ""speed_percentile"": 41.0, ""price_acceleration"": -0.004}"
15290,ARB,Hermes-trend_purity+,LONG,-4.9142,-0.11,5,11.10,rr_engine_support_br,EXTREME,,,0.14448000,0.9205426356589147,0.9413067552602437,6296.5503,closed,f,2026-09-12 07:23:38.367383,2026-09-12 09:08:34.917869,"{""rsi_14"": 72.73, ""z_score"": 2.483, ""is_stale"": false, ""btc_score"": 63.1, ""macd_hist"": -0.00006126, ""btc_regime"": ""RANGING_BULL"", ""macd_value"": 0.00013082, ""wave_phase"": ""accelerating"", ""bb_position"": 1.1207, ""macd_signal"": 0.00019208, ""z_score_tier"": ""extreme_high"", ""btc_trend_bias"": 0.181, ""momentum_score"": 32.3, ""momentum_state"": ""rising"", ""btc_linreg_bias"": 0.25, ""price_at_signal"": 0.14375, ""speed_percentile"": 78.9, ""price_acceleration"": 0.0169}"
15823,ME,"Hermes-bb-bounce-v2-long+,volume-breakout-long+",LONG,3.1968,0.36,3,11.10,trail_sl,NORMAL,77.27,0.00015643,0.07664000,4.579853862212943,0.260960334029235,14891.229,closed,f,2026-10-02 06:15:34.439574,2026-10-02 10:23:45.668332,"{""rsi_14"": 86.36, ""z_score"": 0.0376, ""is_stale"": true, ""btc_score"": 46.6, ""macd_hist"": 0.00001679, ""btc_regime"": ""TRANSITIONING"", ""macd_value"": 0.00002224, ""wave_phase"": ""falling"", ""bb_position"": 0.5094, ""macd_signal"": 0.00000545, ""gap_at_entry"": 0.562, ""volume_spike"": 3.65, ""z_score_tier"": ""neutral"", ""btc_trend_bias"": 0.0, ""momentum_score"": 10.3, ""momentum_state"": ""flat"", ""btc_linreg_bias"": -0.375, ""price_at_signal"": 0.07678, ""final_confidence"": 99, ""speed_percentile"": 25.2, ""staleness_minutes"": 5.17, ""price_acceleration"": -0.003}"
15217,PURR,Hermes-accel-300-v4-short-,SHORT,-4.4949,-0.17,3,11.10,atr_sl_hit,HIGH,,,0.10612000,9.423294383716547e-15,1.2862796833773087,536.39355,closed,f,2026-09-11 00:00:26.680646,2026-09-11 00:09:23.074193,"{""z_score"": -2.7207, ""is_stale"": false, ""macd_hist"": -0.00018917, ""macd_value"": -0.00035545, ""wave_phase"": ""decelerating"", ""bb_position"": -0.1802, ""macd_signal"": -0.00016628, ""z_score_tier"": ""extreme_low"", ""momentum_score"": 21.8, ""momentum_state"": ""falling"", ""price_at_signal"": 0.10625, ""speed_percentile"": 52.8, ""price_acceleration"": -0.0004}"
15289,STX,"Hermes-rs-s66,rs-s70,trend_purity+",LONG,3.0287,0.07,5,11.10,atr_sl_hit,HIGH,,,0.26579000,2.389104179991723,0.47029609842356745,24818.967,closed,f,2026-09-12 06:48:40.139377,2026-09-12 13:42:19.106416,"{""rsi_14"": 53.66, ""z_score"": 1.1581, ""is_stale"": false, ""btc_score"": 62.0, ""macd_hist"": -0.0000738, ""btc_regime"": ""TRANSITIONING"", ""macd_value"": 0.00043769, ""wave_phase"": ""accelerating"", ""bb_position"": 0.7895, ""macd_signal"": 0.00051149, ""z_score_tier"": ""high"", ""btc_trend_bias"": 0.157, ""momentum_score"": 30.1, ""momentum_state"": ""rising"", ""btc_linreg_bias"": 0.125, ""price_at_signal"": 0.2659, ""speed_percentile"": 73.9, ""price_acceleration"": 0.0152}"
15297,MET,Hermes-trend_purity+,LONG,-4.1632,-0.16,3,11.10,atr_sl_hit,EXTREME,,,0.23852000,0.38571188998826095,1.23469730001677,1615.2313,closed,f,2026-09-12 14:38:30.409476,2026-09-12 15:05:25.640846,"{""rsi_14"": 50.0, ""z_score"": 3.5371, ""is_stale"": false, ""btc_score"": 59.4, ""macd_hist"": -0.00005826, ""btc_regime"": ""RANGING_BULL"", ""macd_value"": 0.00014023, ""wave_phase"": ""accelerating"", ""bb_position"": 1.3843, ""macd_signal"": 0.00019849, ""z_score_tier"": ""extreme_high"", ""btc_trend_bias"": 0.099, ""momentum_score"": 45.0, ""momentum_state"": ""rising"", ""btc_linreg_bias"": 0.375, ""price_at_signal"": 0.23876, ""speed_percentile"": 99.4, ""price_acceleration"": 0.0451}"
15223,SAND,Hermes-pullback-entry-,SHORT,-6.9797,-0.16,5,11.10,rr_engine_resistance,HIGH,,,0.03510200,0.014244202609537918,1.5355250413081876,1493.7567,closed,f,2026-09-11 03:36:31.229905,2026-09-11 04:01:24.986587,"{""z_score"": 0.1712, ""is_stale"": false, ""macd_hist"": -0.00000383, ""macd_value"": -0.00001629, ""wave_phase"": ""accelerating"", ""bb_position"": 0.5428, ""macd_signal"": -0.00001246, ""z_score_tier"": ""neutral"", ""momentum_score"": 27.6, ""momentum_state"": ""flat"", ""price_at_signal"": 0.035141, ""speed_percentile"": 67.1, ""price_acceleration"": 0.0102}"
15301,XPL,Hermes-pullback-entry-,SHORT,12.5376,0.28,5,11.10,atr_sl_hit,NORMAL,,,0.08183400,3.696507564093164,0.3311581983038835,11275.442,closed,f,2026-09-12 17:27:32.867032,2026-09-12 20:35:28.309745,"{""rsi_14"": 51.11, ""z_score"": -1.2455, ""is_stale"": false, ""btc_score"": 11.6, ""macd_hist"": 0.00000345, ""btc_regime"": ""RANGING"", ""macd_value"": 0.00000617, ""wave_phase"": ""decelerating"", ""bb_position"": 0.1886, ""macd_signal"": 0.00000272, ""z_score_tier"": ""low"", ""btc_trend_bias"": -0.743, ""momentum_score"": 13.8, ""momentum_state"": ""falling"", ""btc_linreg_bias"": 0.125, ""price_at_signal"": 0.082064, ""speed_percentile"": 34.2, ""price_acceleration"": -0.0041}"
15401,KAS,Hermes-rr-struct-v2+,LONG,-4.2831,-0.25,3,18.80,atr_sl_hit,HIGH,,,0.03527700,-0.028347081667942284,1.4343623323978796,6422.7437,closed,f,2026-09-15 01:17:35.885698,2026-09-15 03:04:38.629418,"{""rsi_14"": 61.64, ""z_score"": 1.2608, ""is_stale"": false, ""btc_score"": 9.3, ""macd_hist"": 0.00001169, ""btc_regime"": ""BEAR_TREND"", ""macd_value"": 0.00004309, ""wave_phase"": ""accelerating"", ""bb_position"": 0.8152, ""macd_signal"": 0.0000314, ""z_score_tier"": ""high"", ""btc_trend_bias"": -0.794, ""momentum_score"": 24.8, ""momentum_state"": ""flat"", ""btc_linreg_bias"": -0.375, ""price_at_signal"": 0.035133, ""speed_percentile"": 60.9, ""price_acceleration"": 0.006}"
15394,BABY,Hermes-pump-chain-,SHORT,8.8166,0.13,3,22.10,atr_sl_hit,EXTREME,,,0.01153500,4.334633723450368,1.1963589076723018,23088.447,closed,f,2026-09-14 19:17:35.512669,2026-09-15 01:42:23.959055,"{""rsi_14"": 62.5, ""z_score"": -3.0214, ""is_stale"": true, ""btc_score"": 68.4, ""macd_hist"": -0.00000883, ""btc_regime"": ""BULL_TREND"", ""macd_value"": -0.00001894, ""wave_phase"": ""falling"", ""bb_position"": -0.2553, ""macd_signal"": -0.00001011, ""z_score_tier"": ""extreme_low"", ""btc_trend_bias"": 0.298, ""momentum_score"": 6.1, ""momentum_state"": ""falling"", ""btc_linreg_bias"": 0.25, ""price_at_signal"": 0.011537, ""speed_percentile"": 14.9, ""price_acceleration"": -0.0015}"
15124,ATOM,Hermes-open-skies+,LONG,1.4065,0.01,5,11.10,atr_sl_hit,EXTREME,,,1.84860000,1.6931732121605538,0.622092394244293,7730.376,closed,f,2026-09-08 22:15:25.795229,2026-09-09 00:24:16.171222,"{""rsi_14"": 81.95, ""z_score"": 0.7561, ""is_stale"": false, ""macd_hist"": 0.0002481, ""macd_value"": 0.00778236, ""wave_phase"": ""falling"", ""bb_position"": 0.689, ""macd_signal"": 0.00753426, ""z_score_tier"": ""neutral"", ""momentum_score"": 39.4, ""momentum_state"": ""falling"", ""price_at_signal"": 1.858, ""speed_percentile"": 95.0, ""price_acceleration"": -0.0027}"
15822,HYPE,Hermes-bb-squeeze+,LONG,-4.6849,-0.11,5,11.10,hard_max_loss,NORMAL,84.61,0.23821429,90.61100000,0.05352551014776351,0.9838761298297201,4366.1523,closed,f,2026-10-02 06:14:34.572271,2026-10-02 07:27:20.72477,"{""rsi_14"": 68.69, ""z_score"": 2.342, ""is_stale"": false, ""btc_score"": 43.3, ""macd_hist"": 0.0102365, ""btc_regime"": ""TRANSITIONING"", ""macd_value"": 0.34612448, ""wave_phase"": ""bottoming"", ""bb_position"": 1.0855, ""macd_signal"": 0.33588798, ""gap_at_entry"": 1.8965, ""volume_spike"": 0.2, ""z_score_tier"": ""extreme_high"", ""btc_trend_bias"": -0.038, ""momentum_score"": 5.9, ""momentum_state"": ""rising"", ""btc_linreg_bias"": -0.375, ""price_at_signal"": 90.5675, ""final_confidence"": 89.0, ""speed_percentile"": 14.5, ""staleness_minutes"": 1.24, ""price_acceleration"": 0.0048}"
15585,CAKE,Hermes-pump-chain+,LONG,-4.7141,-0.18,3,11.10,atr_sl_hit,EXTREME,71.79,0.00834643,2.55190000,0.07641365257259297,1.3538931776323524,3942.1345,closed,f,2026-09-21 05:36:36.994657,2026-09-21 06:42:19.129243,"{""rsi_14"": 19.23, ""z_score"": 1.44, ""is_stale"": false, ""btc_score"": 89.9, ""macd_hist"": 0.00311661, ""btc_regime"": ""BULL_TREND"", ""macd_value"": 0.00420953, ""wave_phase"": ""decelerating"", ""bb_position"": 0.86, ""macd_signal"": 0.00109292, ""gap_at_entry"": -0.3588, ""z_score_tier"": ""high"", ""btc_trend_bias"": 0.775, ""momentum_score"": 18.4, ""momentum_state"": ""rising"", ""btc_linreg_bias"": 0.25, ""price_at_signal"": 2.5539, ""speed_percentile"": 44.1, ""staleness_minutes"": 1.94, ""price_acceleration"": -0.0018}"
15583,FIL,Hermes-volume-breakout-long+,LONG,22.1116,0.74,5,16.60,atr_sl_hit,EXTREME,68.42,0.00398571,0.95832000,6.029301277235161,0.6939226980549295,16074.759,closed,f,2026-09-21 05:22:37.696275,2026-09-21 09:50:32.455344,"{""rsi_14"": 72.39, ""z_score"": 2.0959, ""is_stale"": false, ""btc_score"": 47.1, ""macd_hist"": 0.00077476, ""btc_regime"": ""RANGING"", ""macd_value"": 0.00051131, ""wave_phase"": ""accelerating"", ""bb_position"": 1.024, ""macd_signal"": -0.00026345, ""gap_at_entry"": 0.6626, ""z_score_tier"": ""extreme_high"", ""btc_trend_bias"": 0.0, ""momentum_score"": 32.2, ""momentum_state"": ""rising"", ""btc_linreg_bias"": 0.0, ""price_at_signal"": 0.9586, ""speed_percentile"": 77.0, ""staleness_minutes"": 2.03, ""price_acceleration"": 0.0163}"
15588,GMX,Hermes-pump-chain+,LONG,0.0519,0.00,3,11.10,pump_exit_dead_money,HIGH,68.57,0.01752857,8.08980000,0.7206605849341146,1.1767905263418132,13100.558,closed,f,2026-09-21 11:27:31.820431,2026-09-21 15:05:52.377906,"{""rsi_14"": 30.0, ""z_score"": 1.7814, ""is_stale"": false, ""btc_score"": 82.6, ""macd_hist"": 0.0021555, ""btc_regime"": ""BULL_TREND"", ""macd_value"": 0.01045806, ""wave_phase"": ""falling"", ""bb_position"": 0.9454, ""macd_signal"": 0.00830256, ""gap_at_entry"": 0.8336, ""z_score_tier"": ""high"", ""btc_trend_bias"": 0.614, ""momentum_score"": 14.5, ""momentum_state"": ""rising"", ""btc_linreg_bias"": 0.25, ""price_at_signal"": 8.0839, ""speed_percentile"": 34.8, ""staleness_minutes"": 1.26, ""price_acceleration"": -0.0043}"
15125,CC,Hermes-pump-chain+,LONG,2.4203,0.09,3,11.10,atr_sl_hit,HIGH,,,0.10784000,2.160608308605341,0.5841988130563798,15410.128,closed,f,2026-09-08 22:52:29.743489,2026-09-09 03:09:19.871528,"{""rsi_14"": 89.14, ""z_score"": 1.5021, ""is_stale"": false, ""macd_hist"": 0.00002404, ""macd_value"": 0.00018046, ""wave_phase"": ""accelerating"", ""bb_position"": 0.8755, ""macd_signal"": 0.00015643, ""z_score_tier"": ""high"", ""momentum_score"": 41.3, ""momentum_state"": ""rising"", ""price_at_signal"": 0.10784, ""speed_percentile"": 98.1, ""price_acceleration"": 0.0223}"
15827,HYPER,Hermes-pump-chain-,SHORT,-3.5407,-0.13,3,11.10,hard_max_loss,NORMAL,19.63,0.00010121,0.07235800,0.08430304872993379,0.7725476104922607,2573.934,closed,f,2026-10-02 07:35:28.222822,2026-10-02 08:18:22.156809,"{""rsi_14"": 58.8, ""z_score"": -1.5157, ""is_stale"": true, ""btc_score"": 72.0, ""macd_hist"": -0.00000188, ""btc_regime"": ""BULL_TREND"", ""macd_value"": 0.00000704, ""wave_phase"": ""falling"", ""bb_position"": 0.1211, ""macd_signal"": 0.00000892, ""gap_at_entry"": -0.1555, ""volume_spike"": 1.3, ""z_score_tier"": ""low"", ""btc_trend_bias"": 0.378, ""momentum_score"": 6.1, ""momentum_state"": ""falling"", ""btc_linreg_bias"": 0.125, ""price_at_signal"": 0.072313, ""final_confidence"": 99, ""speed_percentile"": 15.1, ""staleness_minutes"": 3.21, ""price_acceleration"": -0.003}"
15122,AIXBT,Hermes-pump-chain+,LONG,-4.7925,-0.32,3,19.90,atr_sl_hit,EXTREME,,,0.02272600,0,1.4608818093813254,4656.1797,closed,f,2026-09-08 21:16:31.694142,2026-09-08 22:34:07.874034,"{""rsi_14"": 63.25, ""z_score"": 0.9085, ""is_stale"": false, ""macd_hist"": 0.0000129, ""macd_value"": 0.00003142, ""wave_phase"": ""decelerating"", ""bb_position"": 0.7271, ""macd_signal"": 0.00001852, ""z_score_tier"": ""neutral"", ""momentum_score"": 32.9, ""momentum_state"": ""rising"", ""price_at_signal"": 0.02273, ""speed_percentile"": 80.1, ""price_acceleration"": -0.0034}"
15306,INJ,Hermes-trend_purity+,LONG,-7.2769,-0.28,5,18.80,atr_sl_hit,HIGH,,,6.09460000,0.03527713057460703,1.2100876185475666,1844.2975,closed,f,2026-09-13 00:35:37.586315,2026-09-13 01:06:21.88384,"{""rsi_14"": 75.58, ""z_score"": 0.0662, ""is_stale"": false, ""btc_score"": 40.4, ""macd_hist"": -0.00347996, ""btc_regime"": ""RANGING"", ""macd_value"": 0.02890483, ""wave_phase"": ""accelerating"", ""bb_position"": 0.5166, ""macd_signal"": 0.0323848, ""z_score_tier"": ""neutral"", ""btc_trend_bias"": -0.103, ""momentum_score"": 14.1, ""momentum_state"": ""falling"", ""btc_linreg_bias"": 0.125, ""price_at_signal"": 6.09565, ""speed_percentile"": 34.8, ""price_acceleration"": 0.008}"
15595,CFX,Hermes-pullback-entry-,SHORT,-6.7686,-0.15,5,11.10,atr_sl_hit,HIGH,40.63,0.00019643,0.05326100,0.456243780627476,1.355588516926081,11447.197,closed,f,2026-09-21 17:16:34.082454,2026-09-21 20:27:21.279298,"{""rsi_14"": 71.6, ""z_score"": 1.9842, ""is_stale"": false, ""btc_score"": 81.0, ""macd_hist"": 0.00001492, ""btc_regime"": ""BULL_TREND"", ""macd_value"": 0.00006117, ""wave_phase"": ""accelerating"", ""bb_position"": 0.996, ""macd_signal"": 0.00004625, ""gap_at_entry"": -0.5726, ""z_score_tier"": ""high"", ""btc_trend_bias"": 0.578, ""momentum_score"": 17.8, ""momentum_state"": ""rising"", ""btc_linreg_bias"": 0.25, ""price_at_signal"": 0.053593, ""speed_percentile"": 42.9, ""staleness_minutes"": 4.99, ""price_acceleration"": 0.0075}"
15307,ZRO,Hermes-trend_purity+,LONG,-6.4989,-0.29,5,22.10,rr_engine_support_br,HIGH,,,1.02944000,0.020399440472489896,1.2909931613304322,8565.373,closed,f,2026-09-13 01:08:41.736384,2026-09-13 03:31:27.109412,"{""rsi_14"": 27.27, ""z_score"": 2.3057, ""is_stale"": false, ""btc_score"": 44.0, ""macd_hist"": -0.00007233, ""btc_regime"": ""RANGING"", ""macd_value"": 0.00079817, ""wave_phase"": ""neutral"", ""bb_position"": 1.0764, ""macd_signal"": 0.0008705, ""z_score_tier"": ""extreme_high"", ""btc_trend_bias"": -0.022, ""momentum_score"": 27.8, ""momentum_state"": ""rising"", ""btc_linreg_bias"": 0.125, ""price_at_signal"": 1.03135, ""speed_percentile"": 68.3, ""price_acceleration"": 0.0}"
15309,MET,Hermes-trend_purity+,LONG,-4.7486,-0.18,3,11.10,atr_sl_hit,EXTREME,,,0.24386000,0.5228409743295334,1.408595095546625,713.5799,closed,f,2026-09-13 03:48:30.380644,2026-09-13 04:00:23.960521,"{""rsi_14"": 69.72, ""z_score"": 0.5046, ""is_stale"": false, ""btc_score"": 12.0, ""macd_hist"": 0.00015274, ""btc_regime"": ""RANGING"", ""macd_value"": 0.00161274, ""wave_phase"": ""accelerating"", ""bb_position"": 0.6262, ""macd_signal"": 0.00146, ""z_score_tier"": ""neutral"", ""btc_trend_bias"": -0.733, ""momentum_score"": 48.5, ""momentum_state"": ""falling"", ""btc_linreg_bias"": 0.0, ""price_at_signal"": 0.244915, ""speed_percentile"": 99.4, ""price_acceleration"": 0.0928}"
15598,HEMI,Hermes-pump-chain+,LONG,-4.2097,-0.16,3,11.10,atr_sl_hit,EXTREME,85.81,0.00001943,0.00648500,0.5088666152659984,1.3415574402467232,1839.373,closed,f,2026-09-21 20:37:38.627164,2026-09-21 21:08:18.000162,"{""rsi_14"": 70.0, ""z_score"": 2.5668, ""is_stale"": false, ""btc_score"": 98.4, ""macd_hist"": 0.00000912, ""btc_regime"": ""BULL_TREND"", ""macd_value"": 0.00002217, ""wave_phase"": ""accelerating"", ""bb_position"": 1.1417, ""macd_signal"": 0.00001305, ""gap_at_entry"": 2.0172, ""z_score_tier"": ""extreme_high"", ""btc_trend_bias"": 0.964, ""momentum_score"": 32.1, ""momentum_state"": ""rising"", ""btc_linreg_bias"": 1.0, ""price_at_signal"": 0.006468, ""speed_percentile"": 77.6, ""staleness_minutes"": 1.06, ""price_acceleration"": 0.0126}"
15310,POL,Hermes-pullback-entry-,SHORT,2.0748,0.05,5,11.10,atr_sl_hit,NORMAL,,,0.09639500,1.622490793090928,0.04460812282794751,31235.746,closed,f,2026-09-13 04:11:48.019846,2026-09-13 12:52:23.765418,"{""rsi_14"": 20.0, ""z_score"": 1.328, ""is_stale"": true, ""btc_score"": 5.4, ""macd_hist"": 0.00002884, ""btc_regime"": ""BEAR_TREND"", ""macd_value"": 0.00000897, ""wave_phase"": ""falling"", ""bb_position"": 0.832, ""macd_signal"": -0.00001988, ""z_score_tier"": ""high"", ""btc_trend_bias"": -0.88, ""momentum_score"": 17.9, ""momentum_state"": ""flat"", ""btc_linreg_bias"": -0.375, ""price_at_signal"": 0.096284, ""speed_percentile"": 44.1, ""price_acceleration"": -0.0044}"
15304,NEO,Hermes-rr-struct+,LONG,30.9809,0.69,5,11.10,atr_sl_hit,NORMAL,,,2.18360000,7.71203517127679,1.0258289063931123,28480.732,closed,f,2026-09-12 20:36:36.899624,2026-09-13 04:31:17.631598,"{""rsi_14"": 50.0, ""z_score"": 2.2479, ""is_stale"": false, ""btc_score"": 46.9, ""macd_hist"": 0.0007562, ""btc_regime"": ""RANGING"", ""macd_value"": 0.0014057, ""wave_phase"": ""accelerating"", ""bb_position"": 1.062, ""macd_signal"": 0.0006495, ""z_score_tier"": ""extreme_high"", ""btc_trend_bias"": 0.0, ""momentum_score"": 36.7, ""momentum_state"": ""rising"", ""btc_linreg_bias"": 0.0, ""price_at_signal"": 2.1886, ""speed_percentile"": 89.4, ""price_acceleration"": 0.0062}"
15311,ZEN,Hermes-rr-struct+,LONG,1.0020,0.02,5,11.10,atr_sl_hit,HIGH,,,6.33730000,1.2718350085998769,0.09309958499676518,7967.383,closed,f,2026-09-13 04:46:33.990648,2026-09-13 06:59:21.373619,"{""rsi_14"": 56.41, ""z_score"": 0.2028, ""is_stale"": false, ""btc_score"": 25.2, ""macd_hist"": -0.00119554, ""btc_regime"": ""BEAR_TREND"", ""macd_value"": 0.01498267, ""wave_phase"": ""accelerating"", ""bb_position"": 0.5507, ""macd_signal"": 0.0161782, ""z_score_tier"": ""neutral"", ""btc_trend_bias"": -0.44, ""momentum_score"": 35.2, ""momentum_state"": ""flat"", ""btc_linreg_bias"": -0.25, ""price_at_signal"": 6.3318, ""speed_percentile"": 85.1, ""price_acceleration"": 0.0126}"
15312,BLUR,"Hermes-STBL(1.47x)),chain(ADA(1.47x),pump-chain+",LONG,1.1011,0.06,3,16.60,profit-monster-trail,EXTREME,,,0.01771000,1.0446075663466967,0.16939582156973462,,closed,f,2026-09-13 05:33:54.265955,2026-09-13 05:51:31.759496,"{""rsi_14"": 43.24, ""z_score"": 0.7046, ""is_stale"": false, ""btc_score"": 61.2, ""macd_hist"": 0.00001722, ""btc_regime"": ""RANGING"", ""macd_value"": 0.00006337, ""wave_phase"": ""falling"", ""bb_position"": 0.6761, ""macd_signal"": 0.00004614, ""z_score_tier"": ""neutral"", ""btc_trend_bias"": 0.139, ""momentum_score"": 25.1, ""momentum_state"": ""flat"", ""btc_linreg_bias"": -0.125, ""price_at_signal"": 0.017807, ""speed_percentile"": 61.5, ""price_acceleration"": -0.003}"
15308,XPL,Hermes-pullback-entry-,SHORT,4.2231,0.09,5,11.10,rr_engine_resistance,HIGH,,,0.08015500,1.9724284199363733,0.28444888029442955,27607.16,closed,f,2026-09-13 01:26:22.797191,2026-09-13 09:06:29.957762,"{""rsi_14"": 32.56, ""z_score"": 0.8933, ""is_stale"": true, ""btc_score"": 45.2, ""macd_hist"": 0.00003158, ""btc_regime"": ""RANGING"", ""macd_value"": -0.00005324, ""wave_phase"": ""accelerating"", ""bb_position"": 0.7233, ""macd_signal"": -0.00008482, ""z_score_tier"": ""neutral"", ""btc_trend_bias"": 0.0, ""momentum_score"": 2.5, ""momentum_state"": ""flat"", ""btc_linreg_bias"": 0.125, ""price_at_signal"": 0.079726, ""speed_percentile"": 6.2, ""price_acceleration"": 0.0002}"
15499,FIL,Hermes-pump-chain+,LONG,-9.8311,-0.22,5,11.10,atr_sl_hit,EXTREME,93.87,0.00496214,0.97395000,0,1.7968068175984393,1118.97,closed,f,2026-09-19 00:38:47.787614,2026-09-19 00:57:26.757553,"{""rsi_14"": 61.9, ""z_score"": 2.6145, ""is_stale"": false, ""btc_score"": 77.4, ""macd_hist"": 0.00155878, ""btc_regime"": ""TRANSITIONING"", ""macd_value"": 0.00487953, ""wave_phase"": ""accelerating"", ""bb_position"": 1.1536, ""macd_signal"": 0.00332075, ""z_score_tier"": ""extreme_high"", ""btc_trend_bias"": 0.497, ""momentum_score"": 8.8, ""momentum_state"": ""rising"", ""btc_linreg_bias"": -0.25, ""price_at_signal"": 0.97163, ""speed_percentile"": 21.7, ""staleness_minutes"": 4.42, ""price_acceleration"": 0.0112}"
15498,ATOM,Hermes-pump-chain+,LONG,-6.6498,-0.15,5,11.10,atr_sl_hit,HIGH,55.45,0.00482857,1.73690000,0.339685646842075,1.3011687489204906,2550.314,closed,f,2026-09-19 00:31:51.030419,2026-09-19 01:14:21.344494,"{""rsi_14"": 50.0, ""z_score"": 0.4611, ""is_stale"": false, ""btc_score"": 41.5, ""macd_hist"": -0.00013072, ""btc_regime"": ""RANGING_BEAR"", ""macd_value"": 0.00489733, ""wave_phase"": ""falling"", ""bb_position"": 0.6153, ""macd_signal"": 0.00502805, ""z_score_tier"": ""neutral"", ""btc_trend_bias"": -0.078, ""momentum_score"": 19.3, ""momentum_state"": ""flat"", ""btc_linreg_bias"": -0.25, ""price_at_signal"": 1.7334, ""speed_percentile"": 47.2, ""staleness_minutes"": 1.55, ""price_acceleration"": -0.0051}"
15635,ACE,Hermes-mover+,LONG,-3.8058,-0.28,3,22.10,atr_sl_hit,HIGH,68.09,0.00109286,0.18130000,0.882515168229454,1.323772752344181,5788.215,closed,f,2026-09-23 07:15:32.237905,2026-09-23 08:52:00.452672,"{""rsi_14"": 64.86, ""z_score"": 2.0703, ""is_stale"": false, ""btc_score"": 13.3, ""macd_hist"": 0.00027966, ""btc_regime"": ""TRANSITIONING"", ""macd_value"": 0.00048524, ""wave_phase"": ""neutral"", ""bb_position"": 1.0176, ""macd_signal"": 0.00020558, ""gap_at_entry"": 2.5601, ""z_score_tier"": ""extreme_high"", ""btc_trend_bias"": -0.703, ""momentum_score"": 28.5, ""momentum_state"": ""rising"", ""btc_linreg_bias"": -0.25, ""price_at_signal"": 0.1816, ""speed_percentile"": 68.9, ""staleness_minutes"": 4.17, ""price_acceleration"": 0.0}"
15602,SUSHI,"Hermes-accel-300-breakout,rs-r71,rs-r82",SHORT,2.6441,0.10,3,11.10,atr_tp_hit,EXTREME,30.02,0.00097071,0.25415000,0.9246507967735589,18.040527247688374,75.34506,closed,f,2026-09-22 01:02:08.258886,2026-09-22 01:03:23.603952,"{""rsi_14"": 59.62, ""z_score"": -2.3296, ""is_stale"": false, ""btc_score"": 0.1, ""macd_hist"": -0.00036142, ""btc_regime"": ""BEAR_TREND"", ""macd_value"": -0.00035149, ""wave_phase"": ""bottoming"", ""bb_position"": -0.0824, ""macd_signal"": 0.00000993, ""gap_at_entry"": -0.0915, ""z_score_tier"": ""extreme_low"", ""btc_trend_bias"": -0.997, ""momentum_score"": 6.6, ""momentum_state"": ""falling"", ""btc_linreg_bias"": -0.375, ""price_at_signal"": 0.25468, ""speed_percentile"": 16.1, ""staleness_minutes"": 2.03, ""price_acceleration"": 0.0054}"
15314,NXPC,Hermes-pullback-entry-,SHORT,-3.3783,-0.13,3,11.10,atr_sl_hit,NORMAL,,,0.21490000,0.7538389948813402,1.2168450442066077,12949.482,closed,f,2026-09-13 10:17:33.892421,2026-09-13 13:53:23.375147,"{""rsi_14"": 18.18, ""z_score"": 1.1802, ""is_stale"": true, ""btc_score"": 31.1, ""macd_hist"": -0.0000115, ""btc_regime"": ""BEAR_TREND"", ""macd_value"": -0.00009879, ""wave_phase"": ""decelerating"", ""bb_position"": 0.795, ""macd_signal"": -0.00008729, ""z_score_tier"": ""high"", ""btc_trend_bias"": -0.309, ""momentum_score"": 0.0, ""momentum_state"": ""flat"", ""btc_linreg_bias"": -0.25, ""price_at_signal"": 0.214725, ""speed_percentile"": 0.0, ""price_acceleration"": -0.0037}"
15501,IOTA,Hermes-grind-trend+,LONG,2.6882,0.10,3,11.10,profit-monster-trail,HIGH,54.47,0.00011029,0.04486200,1.2438143640497525,0.6798626900271945,,closed,f,2026-09-19 00:43:47.951501,2026-09-19 02:01:31.634167,"{""rsi_14"": 57.14, ""z_score"": 0.0456, ""is_stale"": false, ""btc_score"": 93.8, ""macd_hist"": -0.00001, ""btc_regime"": ""TRANSITIONING"", ""macd_value"": 0.00004, ""wave_phase"": ""accelerating"", ""bb_position"": 0.5114, ""macd_signal"": 0.00005, ""z_score_tier"": ""neutral"", ""btc_trend_bias"": 0.862, ""momentum_score"": 0.8, ""momentum_state"": ""falling"", ""btc_linreg_bias"": -0.25, ""price_at_signal"": 0.0448, ""speed_percentile"": 1.9, ""staleness_minutes"": 6.06, ""price_acceleration"": 0.0059}"
15315,CAKE,Hermes-pullback-entry-,SHORT,-2.6410,-0.10,3,11.10,rr_engine_resistance,NORMAL,,,2.18100000,0.8138468592388812,0.8459422283356258,19192.809,closed,f,2026-09-13 10:18:31.483638,2026-09-13 15:38:24.291269,"{""rsi_14"": 23.53, ""z_score"": -0.328, ""is_stale"": true, ""btc_score"": 26.2, ""macd_hist"": -0.00009359, ""btc_regime"": ""BEAR_TREND"", ""macd_value"": 0.00030323, ""wave_phase"": ""falling"", ""bb_position"": 0.418, ""macd_signal"": 0.00039682, ""z_score_tier"": ""neutral"", ""btc_trend_bias"": -0.419, ""momentum_score"": 16.5, ""momentum_state"": ""flat"", ""btc_linreg_bias"": -0.25, ""price_at_signal"": 2.18315, ""speed_percentile"": 40.4, ""price_acceleration"": -0.007}"
15313,BABY,Hermes-rr-struct+,LONG,4.4567,0.17,3,11.10,atr_sl_hit,HIGH,,,0.01178000,3.2088285229202036,0.03395585738539898,8747.386,closed,f,2026-09-13 09:40:32.821053,2026-09-13 12:06:20.20675,"{""rsi_14"": 53.85, ""z_score"": -1.1853, ""is_stale"": false, ""btc_score"": 1.1, ""macd_hist"": -0.00001188, ""btc_regime"": ""BEAR_TREND"", ""macd_value"": 0.00002877, ""wave_phase"": ""accelerating"", ""bb_position"": 0.2037, ""macd_signal"": 0.00004065, ""z_score_tier"": ""low"", ""btc_trend_bias"": -0.975, ""momentum_score"": 7.5, ""momentum_state"": ""falling"", ""btc_linreg_bias"": -0.375, ""price_at_signal"": 0.01171, ""speed_percentile"": 18.0, ""price_acceleration"": 0.0148}"
15605,GOAT,Hermes-pump-chain-,SHORT,-8.1028,-0.30,3,11.10,atr_sl_hit,EXTREME,31.79,0.00007007,0.01840100,0.6249660344546492,2.3694364436715394,6199.6855,closed,f,2026-09-22 02:22:32.973649,2026-09-22 04:05:52.659197,"{""rsi_14"": 53.88, ""z_score"": -1.6137, ""is_stale"": false, ""btc_score"": 28.0, ""macd_hist"": -0.00000486, ""btc_regime"": ""BEAR_TREND"", ""macd_value"": -0.00003093, ""wave_phase"": ""accelerating"", ""bb_position"": 0.0966, ""macd_signal"": -0.00002607, ""gap_at_entry"": -0.5477, ""z_score_tier"": ""low"", ""btc_trend_bias"": -0.378, ""momentum_score"": 36.0, ""momentum_state"": ""flat"", ""btc_linreg_bias"": -0.375, ""price_at_signal"": 0.018373, ""speed_percentile"": 84.5, ""staleness_minutes"": 2.24, ""price_acceleration"": 0.02}"
15500,ME,Hermes-grind-trend+,LONG,-0.2203,-0.01,3,11.10,profit-monster-trail,NORMAL,50.00,0.00023643,0.06810000,0.3524229074889868,0.6754772393538914,,closed,f,2026-09-19 00:43:17.9261,2026-09-19 02:07:33.268096,"{""rsi_14"": 62.91, ""z_score"": -0.8992, ""is_stale"": false, ""btc_score"": 93.8, ""macd_hist"": -0.00005925, ""btc_regime"": ""TRANSITIONING"", ""macd_value"": -0.00001742, ""wave_phase"": ""bottoming"", ""bb_position"": 0.2752, ""macd_signal"": 0.00004183, ""z_score_tier"": ""neutral"", ""btc_trend_bias"": 0.862, ""momentum_score"": 15.2, ""momentum_state"": ""falling"", ""btc_linreg_bias"": -0.25, ""price_at_signal"": 0.06795, ""speed_percentile"": 37.3, ""staleness_minutes"": 5.52, ""price_acceleration"": 0.0072}"
15502,SYRUP,Hermes-grind-trend+,LONG,3.8068,0.14,3,11.10,profit-monster-trail,HIGH,73.54,0.00072857,0.22066000,2.0030816640986133,0.41013323665367535,,closed,f,2026-09-19 02:18:55.63538,2026-09-19 03:22:10.985856,"{""rsi_14"": 64.0, ""z_score"": 1.1834, ""is_stale"": false, ""btc_score"": 77.2, ""macd_hist"": -0.0000196, ""btc_regime"": ""TRANSITIONING"", ""macd_value"": 0.00037615, ""wave_phase"": ""accelerating"", ""bb_position"": 0.7958, ""macd_signal"": 0.00039575, ""z_score_tier"": ""high"", ""btc_trend_bias"": 0.494, ""momentum_score"": 32.3, ""momentum_state"": ""flat"", ""btc_linreg_bias"": 0.25, ""price_at_signal"": 0.2198, ""speed_percentile"": 77.6, ""staleness_minutes"": 2.33, ""price_acceleration"": 0.0128}"
15608,ALGO,"Hermes-pump-chain-,rs-r64",SHORT,8.5401,0.19,5,11.10,pump_exit_dead_money,EXTREME,46.55,0.00060821,0.11124000,2.1395181589356347,1.0922330097087378,7430.787,closed,f,2026-09-22 03:30:35.678342,2026-09-22 05:34:26.465558,"{""rsi_14"": 42.86, ""z_score"": 0.488, ""is_stale"": false, ""btc_score"": 3.9, ""macd_hist"": 0.0001265, ""btc_regime"": ""BEAR_TREND"", ""macd_value"": -0.00030397, ""wave_phase"": ""falling"", ""bb_position"": 0.622, ""macd_signal"": -0.00043048, ""gap_at_entry"": -0.7651, ""z_score_tier"": ""neutral"", ""btc_trend_bias"": -0.913, ""momentum_score"": 32.3, ""momentum_state"": ""rising"", ""btc_linreg_bias"": -0.25, ""price_at_signal"": 0.111125, ""speed_percentile"": 77.6, ""staleness_minutes"": 1.18, ""price_acceleration"": -0.0177}"
15317,CHIP,Hermes-pullback-entry-,SHORT,9.3958,0.35,3,11.10,atr_sl_hit,HIGH,,,0.04562700,4.4688452013062445,0.006575054244197515,2498.8052,closed,f,2026-09-13 13:04:44.274649,2026-09-13 13:46:23.079908,"{""rsi_14"": 32.61, ""z_score"": -0.1027, ""is_stale"": true, ""btc_score"": 11.3, ""macd_hist"": -0.00000127, ""btc_regime"": ""RANGING"", ""macd_value"": -0.00002242, ""wave_phase"": ""accelerating"", ""bb_position"": 0.4743, ""macd_signal"": -0.00002115, ""z_score_tier"": ""neutral"", ""btc_trend_bias"": -0.75, ""momentum_score"": 4.6, ""momentum_state"": ""rising"", ""btc_linreg_bias"": 0.125, ""price_at_signal"": 0.045774, ""speed_percentile"": 11.2, ""price_acceleration"": 0.0012}"
15503,IMX,Hermes-pump-chain+,LONG,0.0742,0.00,5,11.10,atr_sl_hit,HIGH,97.14,0.00051286,0.13474000,0.7495918064420365,0.3710850526940775,3604.926,closed,f,2026-09-19 02:21:30.580059,2026-09-19 03:21:35.506075,"{""rsi_14"": 75.0, ""z_score"": 1.6986, ""is_stale"": false, ""btc_score"": 72.4, ""macd_hist"": 0.00006348, ""btc_regime"": ""BULL_TREND"", ""macd_value"": 0.00047499, ""wave_phase"": ""accelerating"", ""bb_position"": 0.9247, ""macd_signal"": 0.00041151, ""z_score_tier"": ""high"", ""btc_trend_bias"": 0.386, ""momentum_score"": 17.4, ""momentum_state"": ""rising"", ""btc_linreg_bias"": 0.25, ""price_at_signal"": 0.13486, ""speed_percentile"": 42.2, ""staleness_minutes"": 1.12, ""price_acceleration"": 0.0062}"
15413,APT,Hermes-pullback-entry-,SHORT,3.1419,0.07,5,11.10,atr_sl_hit,HIGH,,,0.57290000,1.9898760691220108,0,1856.2893,closed,f,2026-09-15 14:33:33.972862,2026-09-15 15:04:30.262204,"{""rsi_14"": 57.14, ""z_score"": -0.4073, ""is_stale"": true, ""btc_score"": 0.6, ""macd_hist"": -0.0001118, ""btc_regime"": ""BEAR_TREND"", ""macd_value"": -0.00042829, ""wave_phase"": ""bottoming"", ""bb_position"": 0.3982, ""macd_signal"": -0.00031649, ""z_score_tier"": ""neutral"", ""btc_trend_bias"": -0.986, ""momentum_score"": 14.2, ""momentum_state"": ""flat"", ""btc_linreg_bias"": -0.375, ""price_at_signal"": 0.5728, ""speed_percentile"": 34.8, ""price_acceleration"": 0.0012}"
15870,SEI,Hermes-bb-squeeze+,LONG,4.5749,0.20,5,22.10,profit-monster-trail,HIGH,88.24,0.00010293,0.07093100,1.110938799678561,0.16494903497765434,,closed,f,2026-10-03 09:46:53.825521,2026-10-03 10:51:45.522249,"{""rsi_14"": 70.45, ""z_score"": 2.4625, ""is_stale"": false, ""btc_score"": 22.5, ""macd_hist"": 0.00003347, ""btc_regime"": ""RANGING"", ""macd_value"": 0.00009502, ""wave_phase"": ""falling"", ""bb_position"": 1.1156, ""macd_signal"": 0.00006155, ""gap_at_entry"": 0.7297, ""volume_spike"": 0.22, ""z_score_tier"": ""extreme_high"", ""btc_trend_bias"": -0.5, ""momentum_score"": 29.6, ""momentum_state"": ""rising"", ""btc_linreg_bias"": 0.0, ""price_at_signal"": 0.070815, ""final_confidence"": 95.0, ""speed_percentile"": 72.8, ""staleness_minutes"": 1.28, ""price_acceleration"": -0.0026}"
15318,ZRO,Hermes-pullback-entry-,SHORT,-6.1820,-0.21,5,16.60,atr_sl_hit,HIGH,,,1.01100000,0.9990108803165183,1.2462908011869436,13611.6045,closed,f,2026-09-13 13:48:37.155163,2026-09-13 17:35:28.759565,"{""rsi_14"": 45.45, ""z_score"": 0.8236, ""is_stale"": false, ""btc_score"": 21.2, ""macd_hist"": 0.00049967, ""btc_regime"": ""BEAR_TREND"", ""macd_value"": -0.00088434, ""wave_phase"": ""falling"", ""bb_position"": 0.7059, ""macd_signal"": -0.001384, ""z_score_tier"": ""neutral"", ""btc_trend_bias"": -0.529, ""momentum_score"": 19.8, ""momentum_state"": ""flat"", ""btc_linreg_bias"": -0.25, ""price_at_signal"": 1.0095, ""speed_percentile"": 48.4, ""price_acceleration"": -0.0075}"
15610,GOAT,Hermes-pump-chain+,LONG,3.1465,0.12,3,11.10,atr_sl_hit,EXTREME,83.54,0.00008957,0.01887800,2.3996186036656426,0.4131793622205742,2323.8918,closed,f,2026-09-22 04:17:42.208384,2026-09-22 04:56:26.100204,"{""rsi_14"": 53.88, ""z_score"": 1.2349, ""is_stale"": false, ""btc_score"": 21.4, ""macd_hist"": 0.00001889, ""btc_regime"": ""BEAR_TREND"", ""macd_value"": 0.00009949, ""wave_phase"": ""accelerating"", ""bb_position"": 0.8087, ""macd_signal"": 0.0000806, ""gap_at_entry"": 2.1276, ""z_score_tier"": ""high"", ""btc_trend_bias"": -0.524, ""momentum_score"": 18.5, ""momentum_state"": ""rising"", ""btc_linreg_bias"": -0.25, ""price_at_signal"": 0.018897, ""speed_percentile"": 43.5, ""staleness_minutes"": 1.3, ""price_acceleration"": 0.0173}"
15638,USUAL,"Hermes-accel-300-breakout,rs-r93",SHORT,-2.3792,-0.09,3,11.10,cut-loser-CL-T1,EXTREME,10.00,0.00006143,0.01387000,0.07209805335255948,0.7930785868781542,,closed,f,2026-09-23 08:54:53.866185,2026-09-23 09:11:05.198408,"{""rsi_14"": 28.57, ""z_score"": -3.1423, ""is_stale"": false, ""btc_score"": 1.1, ""macd_hist"": -0.0000208, ""btc_regime"": ""TRANSITIONING"", ""macd_value"": -0.0000311, ""wave_phase"": ""accelerating"", ""bb_position"": -0.2856, ""macd_signal"": -0.0000103, ""gap_at_entry"": -1.1075, ""z_score_tier"": ""extreme_low"", ""btc_trend_bias"": -0.975, ""momentum_score"": 34.7, ""momentum_state"": ""falling"", ""btc_linreg_bias"": -0.375, ""price_at_signal"": 0.01387, ""speed_percentile"": 82.0, ""staleness_minutes"": 2.68, ""price_acceleration"": 0.0205}"
15703,LTC,"Hermes-rs-s30,rs-s33",LONG,-0.3967,-0.02,5,22.10,profit-monster-trail,NORMAL,30.51,0.23410714,70.59100000,0.5836438072842147,0.11332889461829412,,closed,f,2026-09-28 03:31:58.885122,2026-09-28 04:02:34.782991,"{""rsi_14"": 60.78, ""z_score"": -1.3744, ""is_stale"": false, ""btc_score"": 2.1, ""macd_hist"": -0.0622135, ""btc_regime"": ""TRANSITIONING"", ""macd_value"": -0.01153902, ""wave_phase"": ""bottoming"", ""bb_position"": 0.1564, ""macd_signal"": 0.05067448, ""gap_at_entry"": -0.0722, ""volume_spike"": 0.36, ""z_score_tier"": ""low"", ""btc_trend_bias"": -0.953, ""momentum_score"": 11.1, ""momentum_state"": ""falling"", ""btc_linreg_bias"": -0.375, ""price_at_signal"": 70.598, ""final_confidence"": 90.4, ""speed_percentile"": 27.3, ""staleness_minutes"": 3.06, ""price_acceleration"": 0.0038}"
15609,ETC,Hermes-pump-chain+,LONG,-7.2261,-0.16,5,11.10,atr_sl_hit,EXTREME,64.04,0.03447143,8.87750000,0.15657561250352015,1.3528583497606308,3765.406,closed,f,2026-09-22 04:10:40.01484,2026-09-22 05:13:25.420801,"{""rsi_14"": 30.0, ""z_score"": 2.3001, ""is_stale"": false, ""btc_score"": 22.0, ""macd_hist"": 0.01031971, ""btc_regime"": ""BEAR_TREND"", ""macd_value"": 0.02197115, ""wave_phase"": ""accelerating"", ""bb_position"": 1.075, ""macd_signal"": 0.01165144, ""gap_at_entry"": 0.9478, ""z_score_tier"": ""extreme_high"", ""btc_trend_bias"": -0.511, ""momentum_score"": 20.9, ""momentum_state"": ""rising"", ""btc_linreg_bias"": -0.25, ""price_at_signal"": 8.9245, ""speed_percentile"": 50.3, ""staleness_minutes"": 1.46, ""price_acceleration"": 0.009}"
15873,SYRUP,Hermes-bb-squeeze+,LONG,2.8339,0.21,3,22.10,profit-monster-trail,HIGH,73.82,0.00061821,0.24754800,1.3096449981417746,0.3546786885775688,,closed,f,2026-10-03 13:07:39.132203,2026-10-03 13:47:51.543459,"{""rsi_14"": 58.08, ""z_score"": 2.5301, ""is_stale"": false, ""btc_score"": 98.7, ""macd_hist"": 0.00008575, ""btc_regime"": ""BULL_TREND"", ""macd_value"": 0.0002661, ""wave_phase"": ""falling"", ""bb_position"": 1.1325, ""macd_signal"": 0.00018035, ""gap_at_entry"": 1.8346, ""volume_spike"": 0.02, ""z_score_tier"": ""extreme_high"", ""btc_trend_bias"": 0.972, ""momentum_score"": 31.8, ""momentum_state"": ""rising"", ""btc_linreg_bias"": 0.375, ""price_at_signal"": 0.24703, ""final_confidence"": 94.0, ""speed_percentile"": 77.2, ""staleness_minutes"": 1.33, ""price_acceleration"": -0.0081}"
15504,ADA,Hermes-pump-chain+,LONG,-6.9030,-0.16,5,11.10,atr_sl_hit,HIGH,87.82,0.00098286,0.23468000,0.17683654337821714,1.3166865519004602,2393.689,closed,f,2026-09-19 02:41:33.895849,2026-09-19 03:21:27.584731,"{""rsi_14"": 64.71, ""z_score"": 2.902, ""is_stale"": false, ""btc_score"": 76.8, ""macd_hist"": 0.00015421, ""btc_regime"": ""BULL_TREND"", ""macd_value"": 0.00058739, ""wave_phase"": ""accelerating"", ""bb_position"": 1.2255, ""macd_signal"": 0.00043318, ""gap_at_entry"": 2.8254, ""z_score_tier"": ""extreme_high"", ""btc_trend_bias"": 0.484, ""momentum_score"": 22.8, ""momentum_state"": ""rising"", ""btc_linreg_bias"": 0.25, ""price_at_signal"": 0.233345, ""speed_percentile"": 54.7, ""staleness_minutes"": 1.28, ""price_acceleration"": 0.0205}"
15614,FOGO,Hermes-pump-chain+,LONG,-4.0828,-0.30,3,22.10,atr_sl_hit,HIGH,81.50,0.00002686,0.00705400,0.8080521689821378,1.3184009072866458,6304.6157,closed,f,2026-09-22 05:52:32.067192,2026-09-22 07:37:36.68292,"{""rsi_14"": 50.0, ""z_score"": 1.6442, ""is_stale"": false, ""btc_score"": 41.8, ""macd_hist"": 0.00001249, ""btc_regime"": ""RANGING_BEAR"", ""macd_value"": 0.00003537, ""wave_phase"": ""accelerating"", ""bb_position"": 0.911, ""macd_signal"": 0.00002289, ""gap_at_entry"": 2.0084, ""z_score_tier"": ""high"", ""btc_trend_bias"": -0.07, ""momentum_score"": 18.9, ""momentum_state"": ""rising"", ""btc_linreg_bias"": -0.25, ""price_at_signal"": 0.007064, ""speed_percentile"": 46.0, ""staleness_minutes"": 0.61, ""price_acceleration"": 0.0008}"
15316,DYDX,Hermes-pullback-entry-,SHORT,-6.2893,-0.14,5,11.10,atr_sl_hit,NORMAL,,,0.11289000,0.8946762335016387,1.2490034546904065,6831.276,closed,f,2026-09-13 12:27:29.881403,2026-09-13 14:21:21.157124,"{""rsi_14"": 75.0, ""z_score"": 1.9547, ""is_stale"": true, ""btc_score"": 58.4, ""macd_hist"": 0.00006184, ""btc_regime"": ""RANGING"", ""macd_value"": 0.0001329, ""wave_phase"": ""falling"", ""bb_position"": 0.9887, ""macd_signal"": 0.00007106, ""z_score_tier"": ""high"", ""btc_trend_bias"": 0.075, ""momentum_score"": 17.4, ""momentum_state"": ""rising"", ""btc_linreg_bias"": 0.0, ""price_at_signal"": 0.11232, ""speed_percentile"": 42.9, ""price_acceleration"": -0.0052}"
15639,SYRUP,Hermes-bb-bounce-v2-long+,LONG,0.0941,0.01,3,22.10,profit-monster-trail,HIGH,66.51,0.00093607,0.21687200,0.513205946364676,0.0539488730679848,,closed,f,2026-09-23 09:12:44.646559,2026-09-23 09:48:19.678391,"{""rsi_14"": 61.9, ""z_score"": 1.5789, ""is_stale"": false, ""btc_score"": 36.2, ""macd_hist"": 0.00027642, ""btc_regime"": ""TRANSITIONING"", ""macd_value"": -0.00031932, ""wave_phase"": ""accelerating"", ""bb_position"": 0.8947, ""macd_signal"": -0.00059574, ""gap_at_entry"": -0.8275, ""z_score_tier"": ""high"", ""btc_trend_bias"": -0.196, ""momentum_score"": 30.2, ""momentum_state"": ""rising"", ""btc_linreg_bias"": -0.375, ""price_at_signal"": 0.21677, ""speed_percentile"": 72.7, ""staleness_minutes"": 0.64, ""price_acceleration"": 0.0043}"
15321,TURBO,Hermes-rr-struct+,LONG,-3.8257,-0.14,3,11.10,atr_sl_hit,NORMAL,,,0.00094100,0,1.2752391073326248,3292.144,closed,f,2026-09-13 14:26:33.825748,2026-09-13 15:21:25.969884,"{""rsi_14"": 72.73, ""z_score"": 0.544, ""is_stale"": false, ""btc_score"": 89.4, ""macd_hist"": -0.00000013, ""btc_regime"": ""BULL_TREND"", ""macd_value"": 0.00000335, ""wave_phase"": ""bottoming"", ""bb_position"": 0.636, ""macd_signal"": 0.00000348, ""z_score_tier"": ""neutral"", ""btc_trend_bias"": 0.764, ""momentum_score"": 27.8, ""momentum_state"": ""falling"", ""btc_linreg_bias"": 1.0, ""price_at_signal"": 0.000939, ""speed_percentile"": 68.3, ""price_acceleration"": 0.0028}"
15878,ARB,Hermes-bb-squeeze+,LONG,0.5431,0.01,5,11.10,profit-monster-trail,HIGH,57.20,0.00034357,0.20254000,0.6467858200849215,0.291300483855041,,closed,f,2026-10-03 14:09:34.661835,2026-10-03 15:00:24.328966,"{""rsi_14"": 67.07, ""z_score"": 3.4334, ""is_stale"": true, ""btc_score"": 44.7, ""macd_hist"": 0.00019582, ""btc_regime"": ""RANGING"", ""macd_value"": 0.00031386, ""wave_phase"": ""accelerating"", ""bb_position"": 1.3583, ""macd_signal"": 0.00011804, ""gap_at_entry"": 1.4897, ""volume_spike"": 0.04, ""z_score_tier"": ""extreme_high"", ""btc_trend_bias"": -0.007, ""momentum_score"": 14.7, ""momentum_state"": ""rising"", ""btc_linreg_bias"": 0.125, ""price_at_signal"": 0.20402, ""final_confidence"": 91.0, ""speed_percentile"": 36.1, ""staleness_minutes"": 6.11, ""price_acceleration"": 0.0036}"
15507,IO,Hermes-grind-trend+,LONG,-0.4377,-0.02,3,11.10,profit-monster-trail,HIGH,48.25,0.00048571,0.14395000,0.43070510593956235,0.06946856547412296,,closed,f,2026-09-19 02:47:33.013749,2026-09-19 03:17:05.671469,"{""rsi_14"": 61.54, ""z_score"": 0.4545, ""is_stale"": false, ""btc_score"": 62.5, ""macd_hist"": -0.00000064, ""btc_regime"": ""RANGING_BULL"", ""macd_value"": 0.00017169, ""wave_phase"": ""accelerating"", ""bb_position"": 0.6136, ""macd_signal"": 0.00017233, ""gap_at_entry"": 1.137, ""z_score_tier"": ""neutral"", ""btc_trend_bias"": 0.168, ""momentum_score"": 2.4, ""momentum_state"": ""flat"", ""btc_linreg_bias"": 0.375, ""price_at_signal"": 0.144, ""speed_percentile"": 5.6, ""staleness_minutes"": 1.09, ""price_acceleration"": 0.0085}"
15508,LDO,Hermes-grind-trend+,LONG,2.3471,0.05,5,11.10,profit-monster-trail,HIGH,34.67,0.00114286,0.39624000,1.1811023622047243,0.16404199475065617,,closed,f,2026-09-19 02:49:37.942415,2026-09-19 03:18:04.169984,"{""rsi_14"": 37.84, ""z_score"": -1.6971, ""is_stale"": false, ""btc_score"": 47.4, ""macd_hist"": -0.00016542, ""btc_regime"": ""TRANSITIONING"", ""macd_value"": 0.00013891, ""wave_phase"": ""accelerating"", ""bb_position"": 0.0757, ""macd_signal"": 0.00030433, ""gap_at_entry"": 0.4261, ""z_score_tier"": ""low"", ""btc_trend_bias"": 0.0, ""momentum_score"": 6.7, ""momentum_state"": ""falling"", ""btc_linreg_bias"": 0.375, ""price_at_signal"": 0.3958, ""speed_percentile"": 16.1, ""staleness_minutes"": 1.2, ""price_acceleration"": 0.0097}"
15320,BABY,Hermes-open-skies+,LONG,0.4748,0.02,3,11.10,atr_sl_hit,HIGH,,,0.01263700,1.8042256864762207,0.6093218327134605,2695.299,closed,f,2026-09-13 14:17:30.373121,2026-09-13 15:02:25.672204,"{""rsi_14"": 48.0, ""z_score"": 2.121, ""is_stale"": false, ""btc_score"": 82.1, ""macd_hist"": 0.00001118, ""btc_regime"": ""TRANSITIONING"", ""macd_value"": 0.00003874, ""wave_phase"": ""accelerating"", ""bb_position"": 1.0302, ""macd_signal"": 0.00002757, ""z_score_tier"": ""extreme_high"", ""btc_trend_bias"": 0.603, ""momentum_score"": 35.2, ""momentum_state"": ""rising"", ""btc_linreg_bias"": 0.375, ""price_at_signal"": 0.012108, ""speed_percentile"": 85.1, ""price_acceleration"": 0.024}"
15510,USUAL,Hermes-grind-trend+,LONG,-2.4470,-0.09,3,11.10,cut-loser-CL-T1,NORMAL,44.44,0.00001786,0.01226000,0,0.8156606851549756,,closed,f,2026-09-19 03:17:32.964156,2026-09-19 03:56:19.7746,"{""rsi_14"": 61.54, ""z_score"": 0.6361, ""is_stale"": false, ""btc_score"": 81.7, ""macd_hist"": -0.00000112, ""btc_regime"": ""TRANSITIONING"", ""macd_value"": 0.00000679, ""wave_phase"": ""falling"", ""bb_position"": 0.659, ""macd_signal"": 0.00000791, ""gap_at_entry"": 1.0103, ""z_score_tier"": ""neutral"", ""btc_trend_bias"": 0.594, ""momentum_score"": 19.6, ""momentum_state"": ""flat"", ""btc_linreg_bias"": 0.25, ""price_at_signal"": 0.01229, ""speed_percentile"": 46.6, ""staleness_minutes"": 9.87, ""price_acceleration"": -0.0017}"
15506,HBAR,Hermes-grind-trend+,LONG,-0.5534,-0.01,5,11.10,profit-monster-trail,NORMAL,61.69,0.00019929,0.07951100,0.36347172089396435,0.08552275785740338,,closed,f,2026-09-19 02:45:30.826064,2026-09-19 03:21:05.065397,"{""rsi_14"": 63.89, ""z_score"": 0.4281, ""is_stale"": false, ""btc_score"": 64.3, ""macd_hist"": 0.00000014, ""btc_regime"": ""RANGING_BULL"", ""macd_value"": 0.00004697, ""wave_phase"": ""accelerating"", ""bb_position"": 0.607, ""macd_signal"": 0.00004683, ""gap_at_entry"": 0.2972, ""z_score_tier"": ""neutral"", ""btc_trend_bias"": 0.207, ""momentum_score"": 32.3, ""momentum_state"": ""falling"", ""btc_linreg_bias"": 0.25, ""price_at_signal"": 0.07954, ""speed_percentile"": 77.0, ""staleness_minutes"": 1.14, ""price_acceleration"": 0.02}"
15641,NXPC,Hermes-bb-bounce-v2-long+,LONG,-0.4545,-0.03,3,22.10,profit-monster-trail,NORMAL,55.14,0.00066607,0.24976000,0.5525304292120435,0.5084881486226778,,closed,f,2026-09-23 11:20:41.077899,2026-09-23 13:05:36.959746,"{""rsi_14"": 66.67, ""z_score"": -0.0454, ""is_stale"": true, ""btc_score"": 0.1, ""macd_hist"": 0.00007591, ""btc_regime"": ""TRANSITIONING"", ""macd_value"": -0.00019583, ""wave_phase"": ""accelerating"", ""bb_position"": 0.4887, ""macd_signal"": -0.00027174, ""gap_at_entry"": -0.4757, ""z_score_tier"": ""neutral"", ""btc_trend_bias"": -0.998, ""momentum_score"": 12.9, ""momentum_state"": ""rising"", ""btc_linreg_bias"": -0.125, ""price_at_signal"": 0.25004, ""speed_percentile"": 31.7, ""staleness_minutes"": 0.48, ""price_acceleration"": 0.0018}"
15620,IOTA,"Hermes-accel-300-breakout,rs-r130",SHORT,-0.1712,-0.01,3,11.10,profit-monster-trail,HIGH,23.87,0.00024100,0.04732300,0.6994484711451091,0.09720431925279463,,closed,f,2026-09-22 14:34:35.427909,2026-09-22 14:50:24.497376,"{""rsi_14"": 50.0, ""z_score"": -3.4203, ""is_stale"": true, ""btc_score"": 0.0, ""macd_hist"": -0.00006454, ""btc_regime"": ""RANGING"", ""macd_value"": -0.00011684, ""wave_phase"": ""accelerating"", ""bb_position"": -0.3551, ""macd_signal"": -0.0000523, ""gap_at_entry"": 0.2231, ""z_score_tier"": ""extreme_low"", ""btc_trend_bias"": -1.0, ""momentum_score"": 10.0, ""momentum_state"": ""falling"", ""btc_linreg_bias"": 0.375, ""price_at_signal"": 0.047185, ""speed_percentile"": 24.2, ""staleness_minutes"": 2.87, ""price_acceleration"": 0.0063}"
15642,USUAL,Hermes-accel-300-breakout,SHORT,-2.5641,-0.10,3,11.10,cut-loser-CL-T1,EXTREME,47.83,0.00006786,0.01287000,0.1554001554001554,0.777000777000777,,closed,f,2026-09-23 16:06:31.007774,2026-09-23 16:19:47.593165,"{""rsi_14"": 28.57, ""z_score"": -2.4182, ""is_stale"": false, ""btc_score"": 0.8, ""macd_hist"": -0.00001361, ""btc_regime"": ""BEAR_TREND"", ""macd_value"": -0.00004275, ""wave_phase"": ""falling"", ""bb_position"": -0.1046, ""macd_signal"": -0.00002914, ""gap_at_entry"": -4.9718, ""z_score_tier"": ""extreme_low"", ""btc_trend_bias"": -0.983, ""momentum_score"": 24.9, ""momentum_state"": ""falling"", ""btc_linreg_bias"": -1.0, ""price_at_signal"": 0.0127, ""speed_percentile"": 55.9, ""staleness_minutes"": 1.89, ""price_acceleration"": -0.0316}"
15643,PUMP,Hermes-accel-300-breakout,SHORT,2.2173,0.05,5,11.10,profit-monster-trail,EXTREME,48.89,0.00002350,0.00405900,0.8869179600886918,0.1970928800197093,,closed,f,2026-09-23 16:06:44.986441,2026-09-23 16:45:53.715647,"{""rsi_14"": 34.83, ""z_score"": -2.6517, ""is_stale"": false, ""btc_score"": 0.8, ""macd_hist"": -0.0000085, ""btc_regime"": ""BEAR_TREND"", ""macd_value"": -0.00001849, ""wave_phase"": ""falling"", ""bb_position"": -0.1629, ""macd_signal"": -0.00000999, ""gap_at_entry"": -4.1428, ""z_score_tier"": ""extreme_low"", ""btc_trend_bias"": -0.983, ""momentum_score"": 24.7, ""momentum_state"": ""falling"", ""btc_linreg_bias"": -1.0, ""price_at_signal"": 0.003981, ""speed_percentile"": 55.3, ""staleness_minutes"": 2.1, ""price_acceleration"": -0.0295}"
15512,BANANA,Hermes-grind-trend+,LONG,-2.3475,-0.09,3,11.10,cut-loser-CL-T1,NORMAL,36.14,0.00407143,4.06390000,0.20054627328428357,0.7295947242796329,,closed,f,2026-09-19 03:23:10.362051,2026-09-19 04:41:24.72621,"{""rsi_14"": 50.0, ""z_score"": -1.7349, ""is_stale"": false, ""btc_score"": 27.2, ""macd_hist"": -0.00093727, ""btc_regime"": ""TRANSITIONING"", ""macd_value"": 0.00029969, ""wave_phase"": ""falling"", ""bb_position"": 0.0663, ""macd_signal"": 0.00123696, ""gap_at_entry"": 0.2299, ""z_score_tier"": ""low"", ""btc_trend_bias"": -0.396, ""momentum_score"": 13.5, ""momentum_state"": ""falling"", ""btc_linreg_bias"": 0.0, ""price_at_signal"": 4.069, ""speed_percentile"": 32.3, ""staleness_minutes"": 1.64, ""price_acceleration"": -0.0027}"
15800,ETH,Hermes-bb-bounce-v2-long+,LONG,3.7810,0.09,5,11.10,profit-monster-trail,NORMAL,48.14,5.45357143,2684.50000000,1.0188116967777985,0.39299683367479976,,closed,f,2026-10-01 15:30:51.648239,2026-10-01 17:51:21.030841,"{""rsi_14"": 65.99, ""z_score"": 0.8902, ""is_stale"": false, ""btc_score"": 93.2, ""macd_hist"": 0.78819926, ""btc_regime"": ""TRANSITIONING"", ""macd_value"": 1.90105171, ""wave_phase"": ""accelerating"", ""bb_position"": 0.7225, ""macd_signal"": 1.11285246, ""gap_at_entry"": -0.0618, ""volume_spike"": 0.26, ""z_score_tier"": ""neutral"", ""btc_trend_bias"": 0.85, ""momentum_score"": 14.8, ""momentum_state"": ""flat"", ""btc_linreg_bias"": 0.125, ""price_at_signal"": 2693.45, ""final_confidence"": 87.0, ""speed_percentile"": 35.2, ""staleness_minutes"": 5.26, ""price_acceleration"": 0.0068}"
15513,AIXBT,Hermes-grind-trend+,LONG,0.6007,0.02,3,11.10,profit-monster-trail,HIGH,38.29,0.00008379,0.02097400,0.7151711642986555,0.019071231047964148,,closed,f,2026-09-19 03:46:42.034404,2026-09-19 04:27:21.666282,"{""rsi_14"": 31.58, ""z_score"": -1.5944, ""is_stale"": false, ""btc_score"": 13.9, ""macd_hist"": -0.00000328, ""btc_regime"": ""BEAR_TREND"", ""macd_value"": -0.00004835, ""wave_phase"": ""falling"", ""bb_position"": 0.1014, ""macd_signal"": -0.00004507, ""gap_at_entry"": 1.0809, ""z_score_tier"": ""low"", ""btc_trend_bias"": -0.692, ""momentum_score"": 18.0, ""momentum_state"": ""falling"", ""btc_linreg_bias"": -0.25, ""price_at_signal"": 0.02118, ""speed_percentile"": 43.5, ""staleness_minutes"": 2.23, ""price_acceleration"": -0.0046}"
15644,CFX,Hermes-accel-300-breakout,SHORT,-0.5467,-0.01,5,11.10,profit-monster-trail,EXTREME,55.03,0.00024664,0.05212800,0.5985267034990792,0.4469766728054021,,closed,f,2026-09-23 16:06:54.998578,2026-09-23 17:18:08.952758,"{""rsi_14"": 26.03, ""z_score"": -2.4758, ""is_stale"": false, ""btc_score"": 1.1, ""macd_hist"": -0.00003623, ""btc_regime"": ""BEAR_TREND"", ""macd_value"": -0.00019595, ""wave_phase"": ""falling"", ""bb_position"": -0.1189, ""macd_signal"": -0.00015972, ""gap_at_entry"": -3.9576, ""z_score_tier"": ""extreme_low"", ""btc_trend_bias"": -0.975, ""momentum_score"": 18.9, ""momentum_state"": ""falling"", ""btc_linreg_bias"": -1.0, ""price_at_signal"": 0.051296, ""speed_percentile"": 42.2, ""staleness_minutes"": 2.38, ""price_acceleration"": -0.0248}"
15326,FIL,Hermes-pump-chain+,LONG,6.7845,0.15,5,11.10,profit-monster-trail,EXTREME,,,0.94333000,2.055484294997509,0.08904625104682348,,closed,f,2026-09-13 15:46:41.206897,2026-09-13 15:54:19.735031,"{""rsi_14"": 75.32, ""z_score"": 0.8792, ""is_stale"": false, ""btc_score"": 66.0, ""macd_hist"": -0.00042457, ""btc_regime"": ""BULL_TREND"", ""macd_value"": 0.00336705, ""wave_phase"": ""falling"", ""bb_position"": 0.7198, ""macd_signal"": 0.00379162, ""z_score_tier"": ""neutral"", ""btc_trend_bias"": 0.245, ""momentum_score"": 43.5, ""momentum_state"": ""rising"", ""btc_linreg_bias"": 0.25, ""price_at_signal"": 0.94148, ""speed_percentile"": 97.5, ""price_acceleration"": -0.0251}"
15645,COMP,Hermes-pump-chain-,SHORT,1.4676,0.03,5,11.10,atr_sl_hit,EXTREME,40.17,0.11825000,21.80400000,0.582461933590167,0.8966244725738397,7126.24,closed,f,2026-09-23 16:56:32.998471,2026-09-23 18:55:19.238517,"{""rsi_14"": 40.54, ""z_score"": -2.6873, ""is_stale"": false, ""btc_score"": 1.0, ""macd_hist"": -0.01048028, ""btc_regime"": ""BEAR_TREND"", ""macd_value"": -0.03026207, ""wave_phase"": ""accelerating"", ""bb_position"": -0.1718, ""macd_signal"": -0.01978179, ""gap_at_entry"": -2.1889, ""z_score_tier"": ""extreme_low"", ""btc_trend_bias"": -0.977, ""momentum_score"": 13.6, ""momentum_state"": ""falling"", ""btc_linreg_bias"": -0.25, ""price_at_signal"": 21.805, ""speed_percentile"": 31.1, ""staleness_minutes"": 4.15, ""price_acceleration"": 0.0057}"
15514,ALT,Hermes-grind-trend+,LONG,-0.7186,-0.03,3,11.10,profit-monster-trail,HIGH,41.03,0.00001636,0.00709700,0.30999013667746933,0.16908552909680147,,closed,f,2026-09-19 03:49:40.939578,2026-09-19 04:26:21.603857,"{""rsi_14"": 50.0, ""z_score"": -0.916, ""is_stale"": false, ""btc_score"": 13.9, ""macd_hist"": 0.00000071, ""btc_regime"": ""BEAR_TREND"", ""macd_value"": -0.00001255, ""wave_phase"": ""falling"", ""bb_position"": 0.271, ""macd_signal"": -0.00001326, ""gap_at_entry"": 0.0145, ""z_score_tier"": ""neutral"", ""btc_trend_bias"": -0.692, ""momentum_score"": 29.4, ""momentum_state"": ""flat"", ""btc_linreg_bias"": -0.25, ""price_at_signal"": 0.00714, ""speed_percentile"": 70.8, ""staleness_minutes"": 5.23, ""price_acceleration"": -0.0108}"
15802,ETH,Hermes-continuation+,LONG,1.4624,0.03,5,11.10,profit-monster-trail,NORMAL,58.78,5.63500000,2701.00000000,0.4794520547945205,0.03517215845982969,,closed,f,2026-10-01 18:17:13.156384,2026-10-01 18:41:40.80397,"{""rsi_14"": 56.27, ""z_score"": 0.8486, ""is_stale"": false, ""btc_score"": 90.4, ""macd_hist"": 0.45065243, ""btc_regime"": ""BULL_TREND"", ""macd_value"": -1.65757979, ""wave_phase"": ""bottoming"", ""bb_position"": 0.7121, ""macd_signal"": -2.10823222, ""gap_at_entry"": 0.2209, ""volume_spike"": 0.34, ""z_score_tier"": ""neutral"", ""btc_trend_bias"": 0.788, ""momentum_score"": 13.5, ""momentum_state"": ""flat"", ""btc_linreg_bias"": 0.25, ""price_at_signal"": 2699.65, ""final_confidence"": 98.0, ""speed_percentile"": 32.7, ""staleness_minutes"": 0.77, ""price_acceleration"": 0.0006}"
15327,FIL,Hermes-pump-chain+,LONG,-0.7353,-0.02,5,11.10,profit-monster-trail,EXTREME,,,0.95200000,0.4254201680672269,0.03571428571428571,,closed,f,2026-09-13 15:55:27.335168,2026-09-13 16:00:22.370384,"{""rsi_14"": 75.32, ""z_score"": 1.7251, ""is_stale"": false, ""btc_score"": 74.8, ""macd_hist"": 0.00082686, ""btc_regime"": ""TRANSITIONING"", ""macd_value"": 0.0051139, ""wave_phase"": ""falling"", ""bb_position"": 0.9313, ""macd_signal"": 0.00428704, ""z_score_tier"": ""high"", ""btc_trend_bias"": 0.439, ""momentum_score"": 40.9, ""momentum_state"": ""rising"", ""btc_linreg_bias"": 0.0, ""price_at_signal"": 0.95154, ""speed_percentile"": 95.7, ""price_acceleration"": -0.0052}"
15328,FIL,Hermes-pump-chain+,LONG,4.7588,0.11,5,11.10,profit-monster-trail,EXTREME,,,0.95192000,1.699722665770233,0.9002857382973359,,closed,f,2026-09-13 16:01:46.31698,2026-09-13 16:14:26.506203,"{""rsi_14"": 75.32, ""z_score"": 1.0699, ""is_stale"": false, ""btc_score"": 74.0, ""macd_hist"": 0.00102181, ""btc_regime"": ""BULL_TREND"", ""macd_value"": 0.00762282, ""wave_phase"": ""accelerating"", ""bb_position"": 0.7675, ""macd_signal"": 0.00660101, ""z_score_tier"": ""high"", ""btc_trend_bias"": 0.422, ""momentum_score"": 20.3, ""momentum_state"": ""falling"", ""btc_linreg_bias"": 0.125, ""price_at_signal"": 0.95166, ""speed_percentile"": 49.7, ""price_acceleration"": 0.0291}"
15836,SYRUP,Hermes-bb-squeeze+,LONG,-3.1136,-0.23,3,22.10,hard_max_loss,EXTREME,56.90,0.00077071,0.24377000,0.004102227509541781,0.8040365918693807,1480.5862,closed,f,2026-10-02 11:41:38.906779,2026-10-02 12:06:19.492924,"{""rsi_14"": 58.18, ""z_score"": 2.3957, ""is_stale"": false, ""btc_score"": 90.6, ""macd_hist"": 0.00008207, ""btc_regime"": ""TRANSITIONING"", ""macd_value"": 0.00045229, ""wave_phase"": ""accelerating"", ""bb_position"": 1.0989, ""macd_signal"": 0.00037022, ""gap_at_entry"": 1.6407, ""volume_spike"": 0.43, ""z_score_tier"": ""extreme_high"", ""btc_trend_bias"": 0.79, ""momentum_score"": 17.0, ""momentum_state"": ""rising"", ""btc_linreg_bias"": 0.375, ""price_at_signal"": 0.24404, ""final_confidence"": 90.0, ""speed_percentile"": 41.5, ""staleness_minutes"": 1.26, ""price_acceleration"": 0.0104}"
15516,ALGO,Hermes-mover+,LONG,-7.5667,-0.05,5,11.10,atr_sl_hit,HIGH,61.49,0.00040886,0.09766500,0.2723595965801464,1.4058260379869965,7444.4185,closed,f,2026-09-19 04:16:31.172902,2026-09-19 06:20:35.591261,"{""rsi_14"": 78.57, ""z_score"": 0.4315, ""is_stale"": false, ""btc_score"": 39.5, ""macd_hist"": 0.00001902, ""btc_regime"": ""TRANSITIONING"", ""macd_value"": 0.00027683, ""wave_phase"": ""decelerating"", ""bb_position"": 0.6079, ""macd_signal"": 0.00025781, ""gap_at_entry"": -0.25, ""z_score_tier"": ""neutral"", ""btc_trend_bias"": -0.122, ""momentum_score"": 21.4, ""momentum_state"": ""falling"", ""btc_linreg_bias"": -0.125, ""price_at_signal"": 0.09761, ""speed_percentile"": 52.2, ""staleness_minutes"": 1.08, ""price_acceleration"": -0.0028}"
15329,FIL,Hermes-pump-chain+,LONG,1.2816,0.03,5,11.10,profit-monster-trail,EXTREME,,,0.96366000,0.7430006433804454,0.7523400369424901,,closed,f,2026-09-13 16:21:32.643448,2026-09-13 16:37:37.019169,"{""rsi_14"": 75.32, ""z_score"": 1.6926, ""is_stale"": false, ""btc_score"": 85.1, ""macd_hist"": 0.00022224, ""btc_regime"": ""TRANSITIONING"", ""macd_value"": 0.00436486, ""wave_phase"": ""bottoming"", ""bb_position"": 0.9232, ""macd_signal"": 0.00414261, ""z_score_tier"": ""high"", ""btc_trend_bias"": 0.668, ""momentum_score"": 39.1, ""momentum_state"": ""rising"", ""btc_linreg_bias"": 0.125, ""price_at_signal"": 0.96612, ""speed_percentile"": 93.2, ""price_acceleration"": 0.0076}"
15515,IOTA,Hermes-pump-chain+,LONG,0.1304,0.00,3,11.10,atr_sl_hit,HIGH,77.88,0.00014229,0.04599500,1.4718991194695075,0,1348.5535,closed,f,2026-09-19 04:06:53.363922,2026-09-19 04:29:21.917416,"{""rsi_14"": 0.0, ""z_score"": 1.1018, ""is_stale"": false, ""btc_score"": 18.1, ""macd_hist"": 0.00006095, ""btc_regime"": ""BEAR_TREND"", ""macd_value"": 0.00014342, ""wave_phase"": ""falling"", ""bb_position"": 0.7754, ""macd_signal"": 0.00008247, ""gap_at_entry"": 1.3185, ""z_score_tier"": ""high"", ""btc_trend_bias"": -0.599, ""momentum_score"": 30.4, ""momentum_state"": ""rising"", ""btc_linreg_bias"": -0.25, ""price_at_signal"": 0.045695, ""speed_percentile"": 73.3, ""staleness_minutes"": 5.55, ""price_acceleration"": -0.0167}"
15330,APT,Hermes-pump-chain+,LONG,5.3951,0.12,5,11.10,profit-monster-trail,HIGH,,,0.60240000,1.1454183266932272,0.099601593625498,,closed,f,2026-09-13 16:22:30.988708,2026-09-13 16:44:39.073253,"{""rsi_14"": 44.44, ""z_score"": 1.2467, ""is_stale"": false, ""btc_score"": 75.6, ""macd_hist"": 0.00034204, ""btc_regime"": ""BULL_TREND"", ""macd_value"": 0.00107916, ""wave_phase"": ""decelerating"", ""bb_position"": 0.8117, ""macd_signal"": 0.00073712, ""z_score_tier"": ""high"", ""btc_trend_bias"": 0.459, ""momentum_score"": 18.2, ""momentum_state"": ""rising"", ""btc_linreg_bias"": 0.25, ""price_at_signal"": 0.6027, ""speed_percentile"": 44.1, ""price_acceleration"": -0.0013}"
15324,ZEN,Hermes-rr-struct-,SHORT,-7.0563,-0.16,5,11.10,atr_sl_hit,HIGH,,,6.32060000,0.09176344017972977,1.38278011581179,6068.8525,closed,f,2026-09-13 15:28:27.229757,2026-09-13 17:09:36.082291,"{""rsi_14"": 41.79, ""z_score"": -0.3193, ""is_stale"": true, ""btc_score"": 44.0, ""macd_hist"": 0.00039504, ""btc_regime"": ""TRANSITIONING"", ""macd_value"": -0.01276571, ""wave_phase"": ""falling"", ""bb_position"": 0.4202, ""macd_signal"": -0.01316075, ""z_score_tier"": ""neutral"", ""btc_trend_bias"": -0.021, ""momentum_score"": 3.1, ""momentum_state"": ""rising"", ""btc_linreg_bias"": 0.25, ""price_at_signal"": 6.3313, ""speed_percentile"": 7.5, ""price_acceleration"": -0.0046}"
15511,BABY,Hermes-grind-trend+,LONG,-5.2413,-0.19,3,11.10,atr_sl_hit,HIGH,34.92,0.00003500,0.01156200,0.233523611831863,1.7816986680505102,4600.546,closed,f,2026-09-19 03:22:49.120215,2026-09-19 04:39:29.666219,"{""rsi_14"": 36.36, ""z_score"": -1.7687, ""is_stale"": false, ""btc_score"": 27.2, ""macd_hist"": -0.00000859, ""btc_regime"": ""TRANSITIONING"", ""macd_value"": 0.00000357, ""wave_phase"": ""bottoming"", ""bb_position"": 0.0578, ""macd_signal"": 0.00001216, ""gap_at_entry"": 0.6742, ""z_score_tier"": ""low"", ""btc_trend_bias"": -0.396, ""momentum_score"": 14.0, ""momentum_state"": ""falling"", ""btc_linreg_bias"": 0.0, ""price_at_signal"": 0.01159, ""speed_percentile"": 33.5, ""staleness_minutes"": 1.42, ""price_acceleration"": 0.0089}"
15624,ONDO,Hermes-bb-bounce-v2-long+,LONG,-4.4555,-0.10,5,11.10,cut-loser-CL-T1,HIGH,47.27,0.00134429,0.43654000,0,0.7960324368900903,,closed,f,2026-09-22 21:52:29.965618,2026-09-22 22:11:05.959383,"{""rsi_14"": 62.22, ""z_score"": -0.1043, ""is_stale"": false, ""btc_score"": 38.8, ""macd_hist"": -0.0001268, ""btc_regime"": ""RANGING_BEAR"", ""macd_value"": -0.0002895, ""wave_phase"": ""falling"", ""bb_position"": 0.4739, ""macd_signal"": -0.00016271, ""gap_at_entry"": 0.2368, ""z_score_tier"": ""neutral"", ""btc_trend_bias"": -0.138, ""momentum_score"": 16.1, ""momentum_state"": ""rising"", ""btc_linreg_bias"": -0.125, ""price_at_signal"": 0.435645, ""speed_percentile"": 39.1, ""staleness_minutes"": 2.08, ""price_acceleration"": -0.0046}"
15649,PUMP,Hermes-accel-300-breakout,SHORT,-1.0005,-0.02,5,11.10,profit-monster-trail,EXTREME,40.45,0.00003164,0.00399800,0.3001500750375188,0.02501250625312656,,closed,f,2026-09-23 17:06:39.703481,2026-09-23 17:16:06.514649,"{""rsi_14"": 40.85, ""z_score"": -2.4418, ""is_stale"": false, ""btc_score"": 6.3, ""macd_hist"": -0.00000331, ""btc_regime"": ""BEAR_TREND"", ""macd_value"": -0.00000702, ""wave_phase"": ""accelerating"", ""bb_position"": -0.1105, ""macd_signal"": -0.00000371, ""gap_at_entry"": -2.8146, ""z_score_tier"": ""extreme_low"", ""btc_trend_bias"": -0.859, ""momentum_score"": 8.5, ""momentum_state"": ""falling"", ""btc_linreg_bias"": -0.375, ""price_at_signal"": 0.003999, ""speed_percentile"": 18.6, ""staleness_minutes"": 0.98, ""price_acceleration"": 0.008}"
15807,SAGA,Hermes-bb-squeeze+,LONG,3.1991,0.12,3,11.10,profit-monster-trail,EXTREME,60.53,0.00007500,0.02532000,1.4218009478672986,0.2764612954186414,,closed,f,2026-10-02 00:23:25.877892,2026-10-02 01:01:07.70729,"{""rsi_14"": 60.61, ""z_score"": 1.5401, ""is_stale"": false, ""btc_score"": 88.9, ""macd_hist"": 0.00001311, ""btc_regime"": ""TRANSITIONING"", ""macd_value"": 0.00006044, ""wave_phase"": ""bottoming"", ""bb_position"": 0.885, ""macd_signal"": 0.00004733, ""gap_at_entry"": 1.8707, ""volume_spike"": 1.0, ""z_score_tier"": ""high"", ""btc_trend_bias"": 0.753, ""momentum_score"": 16.1, ""momentum_state"": ""rising"", ""btc_linreg_bias"": 0.25, ""price_at_signal"": 0.02532, ""final_confidence"": 89.0, ""speed_percentile"": 39.6, ""staleness_minutes"": 3.06, ""price_acceleration"": 0.0021}"
15417,SAND,Hermes-pullback-entry-,SHORT,0.1157,0.00,5,11.10,atr_sl_hit,HIGH,,,0.03456700,1.2266034078745625,0.09257384210374056,3295.3586,closed,f,2026-09-15 16:54:30.091424,2026-09-15 17:49:25.449976,"{""rsi_14"": 47.37, ""z_score"": 1.7491, ""is_stale"": true, ""btc_score"": 21.6, ""macd_hist"": -0.00001138, ""btc_regime"": ""BEAR_TREND"", ""macd_value"": 0.00000713, ""wave_phase"": ""falling"", ""bb_position"": 0.9373, ""macd_signal"": 0.00001852, ""z_score_tier"": ""high"", ""btc_trend_bias"": -0.52, ""momentum_score"": 8.4, ""momentum_state"": ""flat"", ""btc_linreg_bias"": -0.25, ""price_at_signal"": 0.03454, ""speed_percentile"": 20.5, ""price_acceleration"": -0.0029}"
15884,ZORA,Hermes-bb-bounce-v3-long+,LONG,0.9268,0.00,3,11.10,profit-monster-trail,NORMAL,39.39,0.00001093,0.00776900,0.6178401338653623,0.19307504183292573,,closed,f,2026-10-03 16:28:31.916273,2026-10-03 17:33:14.911404,"{""rsi_14"": 41.03, ""z_score"": -0.0702, ""is_stale"": false, ""btc_score"": 27.3, ""macd_hist"": -0.00000069, ""btc_regime"": ""RANGING"", ""macd_value"": 0.00000075, ""wave_phase"": ""accelerating"", ""bb_position"": 0.4824, ""macd_signal"": 0.00000144, ""gap_at_entry"": 0.3436, ""volume_spike"": 0.13, ""z_score_tier"": ""neutral"", ""btc_trend_bias"": -0.393, ""momentum_score"": 24.0, ""momentum_state"": ""flat"", ""btc_linreg_bias"": 0.25, ""price_at_signal"": 0.007765, ""final_confidence"": 99, ""speed_percentile"": 58.2, ""staleness_minutes"": 1.09, ""price_acceleration"": 0.0069}"
15332,FOGO,Hermes-pullback-entry-,SHORT,7.8746,0.29,3,11.10,rr_engine_resistance,HIGH,,,0.00666700,3.689815509224539,0.359982000899955,26156.156,closed,f,2026-09-13 17:20:30.90458,2026-09-14 00:36:27.061097,"{""rsi_14"": 0.0, ""z_score"": -0.7982, ""is_stale"": false, ""btc_score"": 99.6, ""macd_hist"": -0.0000015, ""btc_regime"": ""BULL_TREND"", ""macd_value"": -0.00000182, ""wave_phase"": ""accelerating"", ""bb_position"": 0.3005, ""macd_signal"": -0.00000032, ""z_score_tier"": ""neutral"", ""btc_trend_bias"": 0.992, ""momentum_score"": 29.8, ""momentum_state"": ""flat"", ""btc_linreg_bias"": 0.375, ""price_at_signal"": 0.006651, ""speed_percentile"": 72.7, ""price_acceleration"": 0.0076}"
15646,BIGTIME,Hermes-pump-chain-,SHORT,-0.0365,0.00,3,11.10,atr_sl_hit,EXTREME,47.97,0.00003050,0.00820800,0.5360623781676414,0.1827485380116959,1423.77,closed,f,2026-09-23 16:56:46.9864,2026-09-23 17:20:30.756454,"{""rsi_14"": 25.0, ""z_score"": -2.131, ""is_stale"": false, ""btc_score"": 4.3, ""macd_hist"": -0.00000482, ""btc_regime"": ""BEAR_TREND"", ""macd_value"": -0.00001262, ""wave_phase"": ""accelerating"", ""bb_position"": -0.0327, ""macd_signal"": -0.0000078, ""gap_at_entry"": -1.8917, ""z_score_tier"": ""extreme_low"", ""btc_trend_bias"": -0.904, ""momentum_score"": 23.3, ""momentum_state"": ""falling"", ""btc_linreg_bias"": -0.25, ""price_at_signal"": 0.0082, ""speed_percentile"": 53.4, ""staleness_minutes"": 6.4, ""price_acceleration"": 0.0202}"
15648,WCT,Hermes-accel-300-breakout,SHORT,-1.0861,-0.04,3,11.10,profit-monster-trail,EXTREME,28.27,0.00019800,0.04143300,0.3258272391571935,0.11584968503366881,,closed,f,2026-09-23 17:05:42.890804,2026-09-23 17:18:17.905888,"{""rsi_14"": 64.47, ""z_score"": -2.1703, ""is_stale"": false, ""btc_score"": 13.5, ""macd_hist"": -0.0000544, ""btc_regime"": ""TRANSITIONING"", ""macd_value"": -0.00010686, ""wave_phase"": ""accelerating"", ""bb_position"": -0.0426, ""macd_signal"": -0.00005246, ""gap_at_entry"": -3.0049, ""z_score_tier"": ""extreme_low"", ""btc_trend_bias"": -0.7, ""momentum_score"": 23.5, ""momentum_state"": ""falling"", ""btc_linreg_bias"": -0.375, ""price_at_signal"": 0.041504, ""speed_percentile"": 54.0, ""staleness_minutes"": 1.15, ""price_acceleration"": 0.024}"
15647,GOAT,Hermes-pump-chain-,SHORT,0.5171,0.02,3,11.10,atr_sl_hit,EXTREME,43.94,0.00011057,0.01914400,0.5954868366067697,0.05745925616381112,1668.4805,closed,f,2026-09-23 16:57:30.110163,2026-09-23 17:25:18.590683,"{""rsi_14"": 53.88, ""z_score"": -1.4408, ""is_stale"": false, ""btc_score"": 0.1, ""macd_hist"": -0.00001135, ""btc_regime"": ""BEAR_TREND"", ""macd_value"": -0.00003604, ""wave_phase"": ""accelerating"", ""bb_position"": 0.1398, ""macd_signal"": -0.00002469, ""gap_at_entry"": -2.956, ""z_score_tier"": ""low"", ""btc_trend_bias"": -0.999, ""momentum_score"": 33.6, ""momentum_state"": ""falling"", ""btc_linreg_bias"": -0.375, ""price_at_signal"": 0.019072, ""speed_percentile"": 77.6, ""staleness_minutes"": 1.24, ""price_acceleration"": 0.0248}"
15808,CHIP,Hermes-bb-squeeze+,LONG,-0.6904,-0.03,3,11.10,profit-monster-trail,EXTREME,57.30,0.00008800,0.04301800,0.43935096936166257,0.055790599284020644,,closed,f,2026-10-02 01:01:45.059685,2026-10-02 01:15:15.67551,"{""rsi_14"": 42.72, ""z_score"": 2.8448, ""is_stale"": true, ""btc_score"": 37.5, ""macd_hist"": 0.00003399, ""btc_regime"": ""RANGING"", ""macd_value"": 0.00004259, ""wave_phase"": ""accelerating"", ""bb_position"": 1.2112, ""macd_signal"": 0.0000086, ""gap_at_entry"": 0.7437, ""volume_spike"": 0.44, ""z_score_tier"": ""extreme_high"", ""btc_trend_bias"": -0.167, ""momentum_score"": 18.6, ""momentum_state"": ""rising"", ""btc_linreg_bias"": 0.25, ""price_at_signal"": 0.0432, ""final_confidence"": 99, ""speed_percentile"": 45.9, ""staleness_minutes"": 3.45, ""price_acceleration"": 0.0057}"
15651,GMX,Hermes-pump-chain-,SHORT,2.9378,0.11,3,11.10,pump_exit_dead_money,EXTREME,27.52,0.02785714,7.99580000,1.2431526551439507,0.2576352585107181,7254.354,closed,f,2026-09-23 17:37:28.80565,2026-09-23 19:38:23.159429,"{""rsi_14"": 46.15, ""z_score"": -1.314, ""is_stale"": false, ""btc_score"": 24.3, ""macd_hist"": 0.00044968, ""btc_regime"": ""BEAR_TREND"", ""macd_value"": 0.00187099, ""wave_phase"": ""falling"", ""bb_position"": 0.1715, ""macd_signal"": 0.00142131, ""gap_at_entry"": -1.6314, ""z_score_tier"": ""low"", ""btc_trend_bias"": -0.46, ""momentum_score"": 32.4, ""momentum_state"": ""flat"", ""btc_linreg_bias"": -0.25, ""price_at_signal"": 7.9975, ""speed_percentile"": 75.2, ""staleness_minutes"": 1.21, ""price_acceleration"": -0.0235}"
15521,BABY,Hermes-pump-chain+,LONG,5.4512,0.30,3,16.60,atr_sl_hit,HIGH,73.98,0.00002264,0.01139200,3.221558988764045,0.16678370786516855,31257.262,closed,f,2026-09-19 06:53:36.242707,2026-09-19 15:34:33.504667,"{""rsi_14"": 36.36, ""z_score"": 1.2816, ""is_stale"": false, ""btc_score"": 37.3, ""macd_hist"": 0.00000888, ""btc_regime"": ""RANGING_BEAR"", ""macd_value"": 0.00002553, ""wave_phase"": ""decelerating"", ""bb_position"": 0.8204, ""macd_signal"": 0.00001665, ""gap_at_entry"": -0.3781, ""z_score_tier"": ""high"", ""btc_trend_bias"": -0.172, ""momentum_score"": 10.1, ""momentum_state"": ""flat"", ""btc_linreg_bias"": -0.25, ""price_at_signal"": 0.011369, ""speed_percentile"": 24.2, ""staleness_minutes"": 1.18, ""price_acceleration"": -0.0027}"
15335,GMT,Hermes-pump-chain-,SHORT,5.8907,0.22,3,11.10,atr_sl_hit,EXTREME,,,0.00774100,3.2941480428885157,0.8655212504844335,24891.361,closed,f,2026-09-13 17:56:31.117279,2026-09-14 00:51:22.478698,"{""rsi_14"": 60.0, ""z_score"": -1.0258, ""is_stale"": false, ""btc_score"": 71.5, ""macd_hist"": -0.00000084, ""btc_regime"": ""TRANSITIONING"", ""macd_value"": -0.00001848, ""wave_phase"": ""accelerating"", ""bb_position"": 0.2435, ""macd_signal"": -0.00001764, ""z_score_tier"": ""low"", ""btc_trend_bias"": 0.367, ""momentum_score"": 41.0, ""momentum_state"": ""falling"", ""btc_linreg_bias"": 0.25, ""price_at_signal"": 0.007763, ""speed_percentile"": 96.9, ""price_acceleration"": 0.0179}"
15650,CHIP,Hermes-accel-300-breakout,SHORT,0.2389,0.01,3,11.10,atr_sl_hit,EXTREME,27.37,0.00034300,0.04270100,0.44495445071543993,0.8219948010585232,1308.4591,closed,f,2026-09-23 17:16:31.79549,2026-09-23 17:38:20.254616,"{""rsi_14"": 59.14, ""z_score"": -2.3635, ""is_stale"": false, ""btc_score"": 2.2, ""macd_hist"": -0.00005258, ""btc_regime"": ""BEAR_TREND"", ""macd_value"": -0.00005941, ""wave_phase"": ""accelerating"", ""bb_position"": -0.0909, ""macd_signal"": -0.00000682, ""gap_at_entry"": -2.6887, ""z_score_tier"": ""extreme_low"", ""btc_trend_bias"": -0.952, ""momentum_score"": 30.9, ""momentum_state"": ""falling"", ""btc_linreg_bias"": -0.375, ""price_at_signal"": 0.042672, ""speed_percentile"": 72.0, ""staleness_minutes"": 8.98, ""price_acceleration"": 0.0244}"
15325,ETC,Hermes-rr-struct+,LONG,0.5935,0.01,5,11.10,atr_sl_hit,NORMAL,,,7.58220000,1.4388963625333018,0.031653082218881065,13494.441,closed,f,2026-09-13 15:46:31.20139,2026-09-13 19:31:25.64284,"{""rsi_14"": 50.0, ""z_score"": 0.465, ""is_stale"": false, ""btc_score"": 66.0, ""macd_hist"": 0.00172125, ""btc_regime"": ""BULL_TREND"", ""macd_value"": -0.00380807, ""wave_phase"": ""falling"", ""bb_position"": 0.6163, ""macd_signal"": -0.00552932, ""z_score_tier"": ""neutral"", ""btc_trend_bias"": 0.245, ""momentum_score"": 27.4, ""momentum_state"": ""rising"", ""btc_linreg_bias"": 0.25, ""price_at_signal"": 7.5857, ""speed_percentile"": 66.5, ""price_acceleration"": -0.0122}"
15652,AVAX,Hermes-pump-chain-,SHORT,-2.7743,-0.06,5,11.10,pump_exit_dead_money,EXTREME,34.80,0.04485714,10.27300000,0.4769784872967974,0.8614815535870729,7255.3516,closed,f,2026-09-23 18:15:30.528161,2026-09-23 20:16:25.879598,"{""rsi_14"": 76.32, ""z_score"": -1.071, ""is_stale"": false, ""btc_score"": 31.3, ""macd_hist"": -0.0045212, ""btc_regime"": ""RANGING"", ""macd_value"": -0.02056356, ""wave_phase"": ""accelerating"", ""bb_position"": 0.2322, ""macd_signal"": -0.01604236, ""gap_at_entry"": -1.9011, ""z_score_tier"": ""low"", ""btc_trend_bias"": -0.303, ""momentum_score"": 23.2, ""momentum_state"": ""falling"", ""btc_linreg_bias"": 0.25, ""price_at_signal"": 10.24, ""speed_percentile"": 55.9, ""staleness_minutes"": 1.72, ""price_acceleration"": 0.012}"
15810,CRV,Hermes-bb-squeeze+,LONG,-0.7242,-0.02,5,11.10,profit-monster-trail,HIGH,79.60,0.00120071,0.37973000,0.40818476285782,0.06583625207384194,,closed,f,2026-10-02 02:08:41.869647,2026-10-02 02:31:44.861681,"{""rsi_14"": 72.57, ""z_score"": 2.1856, ""is_stale"": true, ""btc_score"": 98.1, ""macd_hist"": 0.0001839, ""btc_regime"": ""BULL_TREND"", ""macd_value"": 0.00075936, ""wave_phase"": ""accelerating"", ""bb_position"": 1.0464, ""macd_signal"": 0.00057546, ""gap_at_entry"": 0.8868, ""volume_spike"": 0.44, ""z_score_tier"": ""extreme_high"", ""btc_trend_bias"": 0.958, ""momentum_score"": 10.3, ""momentum_state"": ""rising"", ""btc_linreg_bias"": 0.25, ""price_at_signal"": 0.37999, ""final_confidence"": 90.0, ""speed_percentile"": 25.2, ""staleness_minutes"": 1.42, ""price_acceleration"": 0.0012}"
15336,ONDO,Hermes-ema300-dip-long,LONG,-6.8509,-0.15,5,11.10,atr_sl_hit,NORMAL,,,0.34959000,0.6092851626190681,1.3973511828141538,9056.915,closed,f,2026-09-13 19:45:28.460585,2026-09-13 22:16:25.375777,"{""rsi_14"": 42.5, ""z_score"": -0.9471, ""is_stale"": false, ""btc_score"": 7.2, ""macd_hist"": 0.00004202, ""btc_regime"": ""BEAR_TREND"", ""macd_value"": -0.00037331, ""wave_phase"": ""falling"", ""bb_position"": 0.2632, ""macd_signal"": -0.00041534, ""z_score_tier"": ""neutral"", ""btc_trend_bias"": -0.841, ""momentum_score"": 25.5, ""momentum_state"": ""flat"", ""btc_linreg_bias"": -0.25, ""price_at_signal"": 0.349745, ""speed_percentile"": 62.7, ""price_acceleration"": -0.0022}"
15337,ACE,Hermes-pullback-entry-,SHORT,2.9940,0.20,3,19.90,atr_sl_hit,NORMAL,,,0.15030000,2.328675981370592,0.7318695941450433,11212.029,closed,f,2026-09-13 20:17:31.047024,2026-09-13 23:24:23.075941,"{""rsi_14"": 55.56, ""z_score"": 0.1111, ""is_stale"": false, ""btc_score"": 40.9, ""macd_hist"": 0.00002471, ""btc_regime"": ""RANGING"", ""macd_value"": 0.00007868, ""wave_phase"": ""falling"", ""bb_position"": 0.5278, ""macd_signal"": 0.00005397, ""z_score_tier"": ""neutral"", ""btc_trend_bias"": -0.092, ""momentum_score"": 35.5, ""momentum_state"": ""flat"", ""btc_linreg_bias"": 0.0, ""price_at_signal"": 0.1501, ""speed_percentile"": 87.0, ""price_acceleration"": -0.0106}"
15523,ME,Hermes-pullback-entry-,SHORT,-3.9450,-0.15,3,11.10,atr_sl_hit,NORMAL,14.29,0.00017429,0.06768000,0.783096926713948,1.3150118203309693,8569.805,closed,f,2026-09-19 07:23:31.078384,2026-09-19 09:46:20.883107,"{""rsi_14"": 43.75, ""z_score"": -0.649, ""is_stale"": false, ""btc_score"": 76.4, ""macd_hist"": -0.0000128, ""btc_regime"": ""TRANSITIONING"", ""macd_value"": -0.00000442, ""wave_phase"": ""falling"", ""bb_position"": 0.3378, ""macd_signal"": 0.00000839, ""gap_at_entry"": -0.0798, ""z_score_tier"": ""neutral"", ""btc_trend_bias"": 0.476, ""momentum_score"": 24.7, ""momentum_state"": ""flat"", ""btc_linreg_bias"": 0.25, ""price_at_signal"": 0.0678, ""speed_percentile"": 60.2, ""staleness_minutes"": 1.2, ""price_acceleration"": -0.0079}"
15653,FOGO,Hermes-pump-chain-,SHORT,2.6918,0.20,3,22.10,pump_exit_dead_money,EXTREME,45.00,0.00002336,0.00646400,1.7172029702970297,0.3712871287128713,8634.42,closed,f,2026-09-23 19:31:28.64445,2026-09-23 21:55:23.064136,"{""rsi_14"": 40.0, ""z_score"": 0.2148, ""is_stale"": true, ""btc_score"": 67.1, ""macd_hist"": -0.00000136, ""btc_regime"": ""BULL_TREND"", ""macd_value"": -0.00000152, ""wave_phase"": ""accelerating"", ""bb_position"": 0.5537, ""macd_signal"": -0.00000016, ""gap_at_entry"": -0.8623, ""z_score_tier"": ""neutral"", ""btc_trend_bias"": 0.269, ""momentum_score"": 0.0, ""momentum_state"": ""flat"", ""btc_linreg_bias"": 0.25, ""price_at_signal"": 0.006482, ""speed_percentile"": 0.0, ""staleness_minutes"": 5.23, ""price_acceleration"": 0.0041}"
15524,IOTA,Hermes-grind-trend+,LONG,0.5845,0.02,3,11.10,profit-monster-trail,HIGH,58.99,0.00016707,0.04567800,0.8866412715092605,0.3656026971408556,,closed,f,2026-09-19 07:27:08.687576,2026-09-19 07:53:37.731181,"{""rsi_14"": 57.14, ""z_score"": 0.7688, ""is_stale"": false, ""btc_score"": 61.0, ""macd_hist"": -0.00000513, ""btc_regime"": ""RANGING_BULL"", ""macd_value"": 0.0000355, ""wave_phase"": ""accelerating"", ""bb_position"": 0.6922, ""macd_signal"": 0.00004062, ""gap_at_entry"": 0.3578, ""z_score_tier"": ""neutral"", ""btc_trend_bias"": 0.133, ""momentum_score"": 37.3, ""momentum_state"": ""flat"", ""btc_linreg_bias"": 0.25, ""price_at_signal"": 0.0456, ""speed_percentile"": 88.8, ""staleness_minutes"": 0.73, ""price_acceleration"": 0.0236}"
15338,ENA,"Hermes-ADA(1.73x),ZRO(1.52x)),pump-chain+",LONG,-7.8125,-0.22,5,16.60,atr_sl_hit,HIGH,,,0.13952000,0.4838016055045872,1.4012327981651376,5756.1514,closed,f,2026-09-13 20:30:48.2959,2026-09-13 22:06:44.447278,"{""rsi_14"": 18.18, ""z_score"": 1.4509, ""is_stale"": false, ""btc_score"": 44.6, ""macd_hist"": 0.0000458, ""btc_regime"": ""RANGING"", ""macd_value"": 0.00018314, ""wave_phase"": ""accelerating"", ""bb_position"": 0.8627, ""macd_signal"": 0.00013733, ""z_score_tier"": ""high"", ""btc_trend_bias"": -0.01, ""momentum_score"": 39.5, ""momentum_state"": ""rising"", ""btc_linreg_bias"": 0.0, ""price_at_signal"": 0.13949, ""speed_percentile"": 94.4, ""price_acceleration"": 0.0115}"
15339,HEMI,Hermes-pump-chain-,SHORT,-1.0075,-0.04,3,11.10,atr_sl_hit,EXTREME,,,0.00625300,1.4393091316168238,0,5145.663,closed,f,2026-09-13 22:36:48.546129,2026-09-14 00:02:34.209033,"{""rsi_14"": 25.0, ""z_score"": -0.8613, ""is_stale"": false, ""btc_score"": 0.5, ""macd_hist"": 0.00000254, ""btc_regime"": ""BEAR_TREND"", ""macd_value"": -0.00004399, ""wave_phase"": ""falling"", ""bb_position"": 0.2847, ""macd_signal"": -0.00004653, ""z_score_tier"": ""neutral"", ""btc_trend_bias"": -0.988, ""momentum_score"": 41.9, ""momentum_state"": ""flat"", ""btc_linreg_bias"": -0.375, ""price_at_signal"": 0.006213, ""speed_percentile"": 99.4, ""price_acceleration"": -0.0399}"
15333,BIGTIME,Hermes-pullback-entry-,SHORT,10.3091,0.57,3,16.60,atr_sl_hit,EXTREME,,,0.00753700,4.577418070850471,0.43783998938569724,21411.34,closed,f,2026-09-13 17:34:39.093765,2026-09-13 23:31:30.432919,"{""rsi_14"": 50.0, ""z_score"": -1.476, ""is_stale"": false, ""btc_score"": 66.6, ""macd_hist"": -0.00000076, ""btc_regime"": ""TRANSITIONING"", ""macd_value"": 0.00000188, ""wave_phase"": ""falling"", ""bb_position"": 0.131, ""macd_signal"": 0.00000265, ""z_score_tier"": ""low"", ""btc_trend_bias"": 0.257, ""momentum_score"": 22.3, ""momentum_state"": ""flat"", ""btc_linreg_bias"": 0.25, ""price_at_signal"": 0.00755, ""speed_percentile"": 54.7, ""price_acceleration"": -0.0026}"
15525,YGG,Hermes-grind-trend+,LONG,0.0837,0.00,3,11.10,profit-monster-trail,HIGH,33.80,0.00013500,0.02509800,0.5538289903577974,0.03585943103036098,,closed,f,2026-09-19 07:39:34.736485,2026-09-19 07:53:47.178977,"{""rsi_14"": 44.44, ""z_score"": -0.4867, ""is_stale"": false, ""btc_score"": 62.4, ""macd_hist"": -0.00001136, ""btc_regime"": ""RANGING_BULL"", ""macd_value"": 0.00002742, ""wave_phase"": ""accelerating"", ""bb_position"": 0.3783, ""macd_signal"": 0.00003878, ""gap_at_entry"": 1.1843, ""z_score_tier"": ""neutral"", ""btc_trend_bias"": 0.164, ""momentum_score"": 0.5, ""momentum_state"": ""falling"", ""btc_linreg_bias"": 0.25, ""price_at_signal"": 0.02512, ""speed_percentile"": 1.2, ""staleness_minutes"": 2.09, ""price_acceleration"": 0.0107}"
15623,CFX,Hermes-mover+,LONG,7.3554,0.16,5,11.10,UNIVERSAL_MAX_HOLD,HIGH,66.56,0.00013807,0.05479000,1.5057492243110056,0.8505201679138529,28803.592,closed,f,2026-09-22 19:22:28.930057,2026-09-23 03:22:32.522003,"{""rsi_14"": 52.27, ""z_score"": 1.9948, ""is_stale"": false, ""btc_score"": 82.7, ""macd_hist"": 0.00003295, ""btc_regime"": ""BULL_TREND"", ""macd_value"": 0.00007853, ""wave_phase"": ""accelerating"", ""bb_position"": 0.9987, ""macd_signal"": 0.00004558, ""gap_at_entry"": 0.774, ""z_score_tier"": ""high"", ""btc_trend_bias"": 0.616, ""momentum_score"": 28.8, ""momentum_state"": ""rising"", ""btc_linreg_bias"": 0.25, ""price_at_signal"": 0.054801, ""speed_percentile"": 70.2, ""staleness_minutes"": 1.13, ""price_acceleration"": 0.0059}"
15526,IO,Hermes-grind-trend-,SHORT,-2.7019,-0.07,3,11.10,cut-loser-CL-T1,HIGH,45.93,0.00044286,0.13990000,0,0.9363831308077198,,closed,f,2026-09-19 08:04:08.204593,2026-09-19 08:13:47.644557,"{""rsi_14"": 41.18, ""z_score"": -1.8669, ""is_stale"": false, ""btc_score"": 64.6, ""macd_hist"": -0.00000136, ""btc_regime"": ""TRANSITIONING"", ""macd_value"": -0.00011022, ""wave_phase"": ""falling"", ""bb_position"": 0.0333, ""macd_signal"": -0.00010886, ""gap_at_entry"": -1.0031, ""z_score_tier"": ""low"", ""btc_trend_bias"": 0.213, ""momentum_score"": 33.5, ""momentum_state"": ""falling"", ""btc_linreg_bias"": 0.125, ""price_at_signal"": 0.1398, ""speed_percentile"": 80.1, ""staleness_minutes"": 1.18, ""price_acceleration"": -0.0168}"
15340,ALT,Hermes-pullback-entry-,SHORT,2.3774,0.09,3,11.10,rr_engine_resistance,HIGH,,,0.00744500,0,1.3028878441907321,2.376648,closed,f,2026-09-14 00:00:33.571338,2026-09-14 00:00:35.947986,"{""rsi_14"": 62.5, ""z_score"": 3.1312, ""is_stale"": false, ""btc_score"": 26.5, ""macd_hist"": 0.00000036, ""btc_regime"": ""BEAR_TREND"", ""macd_value"": 0.00000524, ""wave_phase"": ""accelerating"", ""bb_position"": 1.2828, ""macd_signal"": 0.00000488, ""z_score_tier"": ""extreme_high"", ""btc_trend_bias"": -0.41, ""momentum_score"": 12.7, ""momentum_state"": ""rising"", ""btc_linreg_bias"": -0.25, ""price_at_signal"": 0.00637, ""speed_percentile"": 30.4, ""price_acceleration"": 0.005}"
15656,NEAR,Hermes-accel-300-breakout,SHORT,-0.2994,-0.01,5,11.10,profit-monster-trail,EXTREME,24.55,0.03975714,4.34240000,0.4916635961680177,0.3592483419307296,,closed,f,2026-09-23 20:29:26.423862,2026-09-23 20:39:17.65639,"{""rsi_14"": 55.81, ""z_score"": -2.2867, ""is_stale"": false, ""btc_score"": 10.0, ""macd_hist"": -0.00829637, ""btc_regime"": ""TRANSITIONING"", ""macd_value"": -0.01162344, ""wave_phase"": ""accelerating"", ""bb_position"": -0.0717, ""macd_signal"": -0.00332708, ""gap_at_entry"": -1.1566, ""z_score_tier"": ""extreme_low"", ""btc_trend_bias"": -0.778, ""momentum_score"": 45.0, ""momentum_state"": ""falling"", ""btc_linreg_bias"": 0.25, ""price_at_signal"": 4.3539, ""speed_percentile"": 99.4, ""staleness_minutes"": 1.01, ""price_acceleration"": 0.0578}"
15420,WLFI,Hermes-pullback-entry-,SHORT,0.0615,0.00,5,11.10,,NORMAL,,,0.05694200,0,0.136981489937129,,closed,f,2026-09-15 18:27:35.359029,2026-09-15 18:30:38.10771,"{""rsi_14"": 42.86, ""z_score"": -0.7266, ""is_stale"": true, ""btc_score"": 53.0, ""macd_hist"": 0.0000054, ""btc_regime"": ""TRANSITIONING"", ""macd_value"": -0.00000344, ""wave_phase"": ""accelerating"", ""bb_position"": 0.3184, ""macd_signal"": -0.00000884, ""z_score_tier"": ""neutral"", ""btc_trend_bias"": 0.0, ""momentum_score"": 11.0, ""momentum_state"": ""flat"", ""btc_linreg_bias"": 0.25, ""price_at_signal"": 0.056951, ""speed_percentile"": 26.7, ""price_acceleration"": 0.0026}"
15518,AVAX,Hermes-pump-chain+,LONG,23.6246,0.53,5,11.10,atr_sl_hit,EXTREME,91.35,0.03510000,8.48480000,6.754431453894022,0.685932491042806,15554.874,closed,f,2026-09-19 05:17:28.200427,2026-09-19 09:36:43.074616,"{""rsi_14"": 58.88, ""z_score"": 2.0659, ""is_stale"": false, ""btc_score"": 51.1, ""macd_hist"": 0.00903898, ""btc_regime"": ""RANGING"", ""macd_value"": 0.01958057, ""wave_phase"": ""falling"", ""bb_position"": 1.0165, ""macd_signal"": 0.01054159, ""gap_at_entry"": 0.3881, ""z_score_tier"": ""extreme_high"", ""btc_trend_bias"": 0.0, ""momentum_score"": 25.2, ""momentum_state"": ""rising"", ""btc_linreg_bias"": -0.25, ""price_at_signal"": 8.4768, ""speed_percentile"": 60.9, ""staleness_minutes"": 5.1, ""price_acceleration"": -0.0156}"
15654,CHIP,Hermes-pump-chain-,SHORT,-4.4518,-0.17,3,11.10,atr_sl_hit,EXTREME,35.40,0.00017357,0.04164600,0.8236085098208712,1.3326609998559285,5397.9688,closed,f,2026-09-23 20:03:24.012379,2026-09-23 21:33:21.980966,"{""rsi_14"": 45.45, ""z_score"": -1.4234, ""is_stale"": false, ""btc_score"": 72.8, ""macd_hist"": -0.00000047, ""btc_regime"": ""BULL_TREND"", ""macd_value"": -0.00004488, ""wave_phase"": ""falling"", ""bb_position"": 0.1442, ""macd_signal"": -0.00004441, ""gap_at_entry"": -2.3425, ""z_score_tier"": ""low"", ""btc_trend_bias"": 0.394, ""momentum_score"": 31.9, ""momentum_state"": ""flat"", ""btc_linreg_bias"": 0.375, ""price_at_signal"": 0.041792, ""speed_percentile"": 77.0, ""staleness_minutes"": 3.02, ""price_acceleration"": -0.0144}"
15813,HBAR,Hermes-bb-squeeze+,LONG,2.4726,0.06,5,11.10,profit-monster-trail,HIGH,64.31,0.00023143,0.10313000,1.3041791913119365,0.15029574323669156,,closed,f,2026-10-02 02:21:28.120654,2026-10-02 03:08:02.322924,"{""rsi_14"": 71.29, ""z_score"": 1.928, ""is_stale"": true, ""btc_score"": 100.0, ""macd_hist"": 0.00001389, ""btc_regime"": ""BULL_TREND"", ""macd_value"": 0.00020599, ""wave_phase"": ""accelerating"", ""bb_position"": 0.982, ""macd_signal"": 0.0001921, ""gap_at_entry"": 0.6779, ""volume_spike"": 0.15, ""z_score_tier"": ""high"", ""btc_trend_bias"": 1.0, ""momentum_score"": 2.6, ""momentum_state"": ""rising"", ""btc_linreg_bias"": 1.0, ""price_at_signal"": 0.103215, ""final_confidence"": 99, ""speed_percentile"": 6.3, ""staleness_minutes"": 1.08, ""price_acceleration"": 0.0035}"
15421,MET,Hermes-grind-breakout-,SHORT,0.8130,0.03,3,11.10,profit-monster-trail,EXTREME,,,0.19925000,0.3713927227101631,0.010037641154328734,,closed,f,2026-09-15 18:36:33.783527,2026-09-15 18:40:05.945561,"{""rsi_14"": 32.0, ""z_score"": -1.5426, ""is_stale"": false, ""btc_score"": 60.4, ""macd_hist"": -0.00004079, ""btc_regime"": ""TRANSITIONING"", ""macd_value"": -0.00065734, ""wave_phase"": ""accelerating"", ""bb_position"": 0.1143, ""macd_signal"": -0.00061655, ""z_score_tier"": ""low"", ""btc_trend_bias"": 0.121, ""momentum_score"": 2.5, ""momentum_state"": ""falling"", ""btc_linreg_bias"": 0.25, ""price_at_signal"": 0.199505, ""speed_percentile"": 6.2, ""price_acceleration"": 0.0086}"
15655,CASHCAT,Hermes-pump-chain-,SHORT,5.4688,0.20,3,11.10,atr_sl_hit,EXTREME,52.70,0.00103143,0.16252000,3.165764213635245,0.039995077528919516,4675.0503,closed,f,2026-09-23 20:17:30.239379,2026-09-23 21:35:25.289699,"{""rsi_14"": 65.98, ""z_score"": -1.054, ""is_stale"": false, ""btc_score"": 44.7, ""macd_hist"": -0.00009026, ""btc_regime"": ""RANGING"", ""macd_value"": -0.00004099, ""wave_phase"": ""accelerating"", ""bb_position"": 0.2365, ""macd_signal"": 0.00004927, ""gap_at_entry"": 0.6405, ""z_score_tier"": ""low"", ""btc_trend_bias"": -0.007, ""momentum_score"": 11.2, ""momentum_state"": ""rising"", ""btc_linreg_bias"": 0.25, ""price_at_signal"": 0.161885, ""speed_percentile"": 27.3, ""staleness_minutes"": 3.25, ""price_acceleration"": 0.0152}"
15342,ENA,Hermes-pullback-entry-,SHORT,-5.8707,-0.20,5,16.60,atr_sl_hit,HIGH,,,0.13627000,0.8218977030894548,1.2218389961106626,5630.938,closed,f,2026-09-14 00:23:36.31477,2026-09-14 01:57:27.252826,"{""rsi_14"": 56.52, ""z_score"": 1.0437, ""is_stale"": false, ""btc_score"": 35.2, ""macd_hist"": 0.00003938, ""btc_regime"": ""RANGING"", ""macd_value"": 0.00006811, ""wave_phase"": ""falling"", ""bb_position"": 0.7609, ""macd_signal"": 0.00002874, ""z_score_tier"": ""high"", ""btc_trend_bias"": -0.217, ""momentum_score"": 30.4, ""momentum_state"": ""rising"", ""btc_linreg_bias"": 0.25, ""price_at_signal"": 0.136465, ""speed_percentile"": 73.9, ""price_acceleration"": -0.0106}"
15528,COMP,Hermes-grind-trend+,LONG,2.7124,0.06,5,11.10,profit-monster-trail,HIGH,50.88,0.10639286,21.38300000,1.1925361268297245,0.18940279661413273,,closed,f,2026-09-19 10:04:06.219031,2026-09-19 11:20:53.7557,"{""rsi_14"": 71.43, ""z_score"": -0.2433, ""is_stale"": false, ""btc_score"": 75.0, ""macd_hist"": -0.01289101, ""btc_regime"": ""TRANSITIONING"", ""macd_value"": 0.03311439, ""wave_phase"": ""falling"", ""bb_position"": 0.4392, ""macd_signal"": 0.0460054, ""gap_at_entry"": 0.9551, ""z_score_tier"": ""neutral"", ""btc_trend_bias"": 0.444, ""momentum_score"": 36.9, ""momentum_state"": ""falling"", ""btc_linreg_bias"": 0.0, ""price_at_signal"": 21.32, ""speed_percentile"": 88.2, ""staleness_minutes"": 0.75, ""price_acceleration"": -0.0053}"
15343,ENS,Hermes-pullback-entry-,SHORT,-6.5675,-0.15,5,11.10,atr_sl_hit,NORMAL,,,5.58810000,0.5028542796299279,1.2383457704765484,5103.7563,closed,f,2026-09-14 00:42:37.328633,2026-09-14 02:07:41.085007,"{""rsi_14"": 28.57, ""z_score"": -0.2838, ""is_stale"": false, ""btc_score"": 26.7, ""macd_hist"": -0.00026332, ""btc_regime"": ""BEAR_TREND"", ""macd_value"": -0.00580571, ""wave_phase"": ""falling"", ""bb_position"": 0.4291, ""macd_signal"": -0.00554239, ""z_score_tier"": ""neutral"", ""btc_trend_bias"": -0.406, ""momentum_score"": 24.9, ""momentum_state"": ""falling"", ""btc_linreg_bias"": -0.25, ""price_at_signal"": 5.5935, ""speed_percentile"": 60.9, ""price_acceleration"": -0.0069}"
15345,ONDO,Hermes-pullback-entry-,SHORT,-5.9178,-0.13,5,11.10,atr_sl_hit,NORMAL,,,0.34219000,0.21625412782372366,1.2142377041994215,3116.827,closed,f,2026-09-14 01:17:33.05915,2026-09-14 02:09:29.886116,"{""rsi_14"": 48.39, ""z_score"": -0.1864, ""is_stale"": true, ""btc_score"": 27.1, ""macd_hist"": -0.00006919, ""btc_regime"": ""BEAR_TREND"", ""macd_value"": 0.00002777, ""wave_phase"": ""accelerating"", ""bb_position"": 0.4534, ""macd_signal"": 0.00009696, ""z_score_tier"": ""neutral"", ""btc_trend_bias"": -0.397, ""momentum_score"": 22.3, ""momentum_state"": ""falling"", ""btc_linreg_bias"": -0.25, ""price_at_signal"": 0.34274, ""speed_percentile"": 54.7, ""price_acceleration"": 0.0045}"
15658,GMX,Hermes-pump-chain-,SHORT,-0.3114,-0.01,3,11.10,pump_exit_dead_money,EXTREME,57.29,0.01532857,7.90050000,0.4809822163154231,0.5265489525979369,7236.86,closed,f,2026-09-23 22:11:48.248078,2026-09-24 00:12:25.107901,"{""rsi_14"": 100.0, ""z_score"": 2.2216, ""is_stale"": true, ""btc_score"": 44.3, ""macd_hist"": -0.00197192, ""btc_regime"": ""RANGING"", ""macd_value"": -0.00430489, ""wave_phase"": ""accelerating"", ""bb_position"": 1.0554, ""macd_signal"": -0.00233297, ""gap_at_entry"": -0.2455, ""z_score_tier"": ""extreme_high"", ""btc_trend_bias"": -0.015, ""momentum_score"": 14.4, ""momentum_state"": ""rising"", ""btc_linreg_bias"": 0.125, ""price_at_signal"": 7.9148, ""speed_percentile"": 35.4, ""staleness_minutes"": 3.46, ""price_acceleration"": 0.0056}"
15520,JUP,Hermes-pump-chain+,LONG,21.1304,0.47,5,11.10,atr_sl_hit,EXTREME,95.26,0.00125214,0.27141000,5.8214509413802,0.41081758225562803,13908.05,closed,f,2026-09-19 06:43:40.999826,2026-09-19 10:35:29.049317,"{""rsi_14"": 57.14, ""z_score"": 1.5715, ""is_stale"": false, ""btc_score"": 35.8, ""macd_hist"": 0.00031122, ""btc_regime"": ""RANGING_BEAR"", ""macd_value"": 0.00105542, ""wave_phase"": ""accelerating"", ""bb_position"": 0.8929, ""macd_signal"": 0.0007442, ""gap_at_entry"": -0.1052, ""z_score_tier"": ""high"", ""btc_trend_bias"": -0.204, ""momentum_score"": 38.9, ""momentum_state"": ""rising"", ""btc_linreg_bias"": -0.25, ""price_at_signal"": 0.270375, ""speed_percentile"": 91.3, ""staleness_minutes"": 1.2, ""price_acceleration"": 0.0147}"
15657,BABY,Hermes-pump-chain-,SHORT,1.0175,0.08,3,22.10,pump_exit_dead_money,EXTREME,50.00,0.00003800,0.01231800,1.0472479298587434,0.3896736483195324,7251.6543,closed,f,2026-09-23 22:11:36.274557,2026-09-24 00:12:27.929062,"{""rsi_14"": 50.0, ""z_score"": -1.3156, ""is_stale"": true, ""btc_score"": 43.4, ""macd_hist"": -0.00001193, ""btc_regime"": ""RANGING"", ""macd_value"": -0.0000045, ""wave_phase"": ""accelerating"", ""bb_position"": 0.1711, ""macd_signal"": 0.00000743, ""gap_at_entry"": -1.2909, ""z_score_tier"": ""low"", ""btc_trend_bias"": -0.035, ""momentum_score"": 17.4, ""momentum_state"": ""flat"", ""btc_linreg_bias"": 0.125, ""price_at_signal"": 0.012303, ""speed_percentile"": 42.9, ""staleness_minutes"": 5.39, ""price_acceleration"": 0.0061}"
15816,TURBO,Hermes-bb-bounce-v3-long+,LONG,4.3478,0.16,3,11.10,profit-monster-trail,HIGH,35.71,0.00000400,0.00103500,1.642512077294686,0.2898550724637681,,closed,f,2026-10-02 03:51:26.134952,2026-10-02 04:37:43.820874,"{""rsi_14"": 41.67, ""z_score"": 0.1204, ""is_stale"": true, ""btc_score"": 94.7, ""macd_hist"": 0.00000002, ""btc_regime"": ""BULL_TREND"", ""macd_value"": 0.00000006, ""wave_phase"": ""decelerating"", ""bb_position"": 0.5301, ""macd_signal"": 0.00000004, ""gap_at_entry"": 0.5091, ""volume_spike"": 0.2, ""z_score_tier"": ""neutral"", ""btc_trend_bias"": 0.883, ""momentum_score"": 8.2, ""momentum_state"": ""flat"", ""btc_linreg_bias"": 0.375, ""price_at_signal"": 0.001036, ""final_confidence"": 99, ""speed_percentile"": 20.1, ""staleness_minutes"": 3.0, ""price_acceleration"": -0.0013}"
15341,BLUR,Hermes-pullback-entry-,SHORT,1.0269,0.06,3,16.60,atr_sl_hit,EXTREME,,,0.01782000,1.6217732884399552,0.4713804713804714,6483.0776,closed,f,2026-09-14 00:17:37.183501,2026-09-14 02:05:40.260952,"{""rsi_14"": 61.11, ""z_score"": 0.1345, ""is_stale"": false, ""btc_score"": 41.5, ""macd_hist"": 0.00000057, ""btc_regime"": ""RANGING"", ""macd_value"": -0.00000285, ""wave_phase"": ""accelerating"", ""bb_position"": 0.5336, ""macd_signal"": -0.00000343, ""z_score_tier"": ""neutral"", ""btc_trend_bias"": -0.079, ""momentum_score"": 21.9, ""momentum_state"": ""flat"", ""btc_linreg_bias"": 0.25, ""price_at_signal"": 0.017841, ""speed_percentile"": 53.4, ""price_acceleration"": 0.0041}"
15530,ENS,Hermes-grind-trend+,LONG,4.5342,0.03,5,11.10,profit-monster-trail,HIGH,36.11,0.02666429,6.28560000,1.7675321369479444,0.03340969835815197,,closed,f,2026-09-19 10:08:36.627037,2026-09-19 10:59:47.027378,"{""rsi_14"": 63.64, ""z_score"": -2.5707, ""is_stale"": false, ""btc_score"": 55.7, ""macd_hist"": -0.00073858, ""btc_regime"": ""RANGING"", ""macd_value"": 0.00099485, ""wave_phase"": ""bottoming"", ""bb_position"": -0.1427, ""macd_signal"": 0.00173343, ""gap_at_entry"": 0.4739, ""z_score_tier"": ""extreme_low"", ""btc_trend_bias"": 0.016, ""momentum_score"": 24.6, ""momentum_state"": ""falling"", ""btc_linreg_bias"": 0.0, ""price_at_signal"": 6.3, ""speed_percentile"": 59.6, ""staleness_minutes"": 2.24, ""price_acceleration"": 0.0013}"
15119,ETC,Hermes-pump-chain+,LONG,-1.1155,-0.03,5,11.10,profit-monster-trail,EXTREME,,,8.60610000,0.4810541360197999,1.0480937939368586,2019.7456,closed,f,2026-09-08 20:27:25.626396,2026-09-08 21:01:05.372055,"{""rsi_14"": 71.4, ""z_score"": 1.3416, ""is_stale"": false, ""macd_hist"": 0.00595267, ""macd_value"": 0.02290244, ""wave_phase"": ""accelerating"", ""bb_position"": 0.8354, ""macd_signal"": 0.01694976, ""z_score_tier"": ""high"", ""momentum_score"": 41.2, ""momentum_state"": ""rising"", ""price_at_signal"": 8.5566, ""speed_percentile"": 96.2, ""price_acceleration"": 0.0263}"
15344,LDO,Hermes-pullback-entry-,SHORT,-6.5746,-0.15,5,11.10,atr_sl_hit,HIGH,,,0.36124000,0.5564167866238512,1.2069538257114383,3829.9165,closed,f,2026-09-14 01:06:33.251067,2026-09-14 02:10:23.167595,"{""rsi_14"": 40.91, ""z_score"": -1.1012, ""is_stale"": true, ""btc_score"": 23.4, ""macd_hist"": -0.00013097, ""btc_regime"": ""BEAR_TREND"", ""macd_value"": -0.00001805, ""wave_phase"": ""falling"", ""bb_position"": 0.2247, ""macd_signal"": 0.00011293, ""z_score_tier"": ""low"", ""btc_trend_bias"": -0.479, ""momentum_score"": 18.1, ""momentum_state"": ""rising"", ""btc_linreg_bias"": -0.25, ""price_at_signal"": 0.36208, ""speed_percentile"": 44.7, ""price_acceleration"": -0.0008}"
15531,FIL,Hermes-pump-chain+,LONG,0.9748,0.02,5,11.10,atr_sl_hit,EXTREME,56.81,0.00574286,0.98480000,1.7110073111291633,0.08529650690495533,6163.277,closed,f,2026-09-19 11:13:40.18843,2026-09-19 12:56:23.465418,"{""rsi_14"": 52.59, ""z_score"": 0.7598, ""is_stale"": false, ""btc_score"": 68.9, ""macd_hist"": 0.0000849, ""btc_regime"": ""TRANSITIONING"", ""macd_value"": 0.00105426, ""wave_phase"": ""accelerating"", ""bb_position"": 0.6899, ""macd_signal"": 0.00096936, ""gap_at_entry"": 1.1529, ""z_score_tier"": ""neutral"", ""btc_trend_bias"": 0.309, ""momentum_score"": 7.2, ""momentum_state"": ""flat"", ""btc_linreg_bias"": 0.0, ""price_at_signal"": 0.98634, ""speed_percentile"": 17.4, ""staleness_minutes"": 3.17, ""price_acceleration"": 0.0119}"
15815,IOTA,Hermes-doji-bottom-long,LONG,2.9726,0.11,3,11.10,profit-monster-trail,HIGH,49.77,0.00015064,0.05429500,1.2395248181232157,0.21364766553089604,,closed,f,2026-10-02 03:41:26.969814,2026-10-02 04:23:30.728223,"{""rsi_14"": 53.54, ""z_score"": 0.558, ""is_stale"": true, ""btc_score"": 98.0, ""macd_hist"": 0.00001315, ""btc_regime"": ""BULL_TREND"", ""macd_value"": -0.00010566, ""wave_phase"": ""decelerating"", ""bb_position"": 0.6395, ""macd_signal"": -0.00011881, ""gap_at_entry"": -0.885, ""volume_spike"": 0.35, ""z_score_tier"": ""neutral"", ""btc_trend_bias"": 0.956, ""momentum_score"": 1.2, ""momentum_state"": ""rising"", ""btc_linreg_bias"": 0.375, ""price_at_signal"": 0.05414, ""final_confidence"": 95.0, ""speed_percentile"": 3.1, ""staleness_minutes"": 5.2, ""price_acceleration"": -0.0002}"
15659,COMP,Hermes-pump-chain-,SHORT,-5.8035,-0.13,5,11.10,atr_sl_hit,EXTREME,34.46,0.28107143,22.22800000,0.2406874212704697,1.3159078639553716,1791.7341,closed,f,2026-09-24 00:51:30.948222,2026-09-24 01:21:22.68232,"{""rsi_14"": 48.08, ""z_score"": -1.6603, ""is_stale"": false, ""btc_score"": 29.7, ""macd_hist"": -0.03595078, ""btc_regime"": ""BEAR_TREND"", ""macd_value"": -0.02216284, ""wave_phase"": ""accelerating"", ""bb_position"": 0.0849, ""macd_signal"": 0.01378794, ""gap_at_entry"": 1.21, ""z_score_tier"": ""low"", ""btc_trend_bias"": -0.341, ""momentum_score"": 34.9, ""momentum_state"": ""falling"", ""btc_linreg_bias"": -0.125, ""price_at_signal"": 22.2135, ""speed_percentile"": 84.5, ""staleness_minutes"": 5.3, ""price_acceleration"": 0.0303}"
15527,SEI,Hermes-grind-trend+,LONG,7.7089,0.17,5,11.10,profit-monster-trail,HIGH,72.45,0.00011214,0.04825600,2.1220159151193636,0.4807692307692308,,closed,f,2026-09-19 09:59:32.80723,2026-09-19 11:12:48.828832,"{""rsi_14"": 70.37, ""z_score"": 1.3049, ""is_stale"": false, ""btc_score"": 49.7, ""macd_hist"": 0.00000672, ""btc_regime"": ""RANGING"", ""macd_value"": 0.00003444, ""wave_phase"": ""falling"", ""bb_position"": 0.8262, ""macd_signal"": 0.00002771, ""gap_at_entry"": 0.7463, ""z_score_tier"": ""high"", ""btc_trend_bias"": 0.0, ""momentum_score"": 24.9, ""momentum_state"": ""flat"", ""btc_linreg_bias"": 0.25, ""price_at_signal"": 0.04822, ""speed_percentile"": 60.2, ""staleness_minutes"": 3.14, ""price_acceleration"": -0.0043}"
15819,ARB,Hermes-bb-squeeze+,LONG,-0.7021,-0.02,5,11.10,profit-monster-trail,EXTREME,70.47,0.00054000,0.20651000,0.639194227882427,0.4261294852549513,,closed,f,2026-10-02 04:25:38.0035,2026-10-02 04:35:33.816262,"{""rsi_14"": 59.75, ""z_score"": 3.9717, ""is_stale"": true, ""btc_score"": 99.6, ""macd_hist"": 0.00016219, ""btc_regime"": ""BULL_TREND"", ""macd_value"": 0.00022374, ""wave_phase"": ""bottoming"", ""bb_position"": 1.4929, ""macd_signal"": 0.00006155, ""gap_at_entry"": 1.8426, ""volume_spike"": 1.0, ""z_score_tier"": ""extreme_high"", ""btc_trend_bias"": 0.992, ""momentum_score"": 1.8, ""momentum_state"": ""rising"", ""btc_linreg_bias"": 0.375, ""price_at_signal"": 0.20537, ""final_confidence"": 96.0, ""speed_percentile"": 4.4, ""staleness_minutes"": 1.37, ""price_acceleration"": 0.0019}"
15522,GMT,Hermes-grind-trend+,LONG,5.0013,0.19,3,11.10,profit-monster-trail,NORMAL,32.81,0.00001643,0.00767800,2.2010940349049233,0.5339932274029695,,closed,f,2026-09-19 07:09:53.725747,2026-09-19 12:24:19.280387,"{""rsi_14"": 57.14, ""z_score"": -0.1008, ""is_stale"": false, ""btc_score"": 42.0, ""macd_hist"": -0.00000263, ""btc_regime"": ""RANGING"", ""macd_value"": 0.00000077, ""wave_phase"": ""accelerating"", ""bb_position"": 0.4748, ""macd_signal"": 0.0000034, ""gap_at_entry"": 0.1865, ""z_score_tier"": ""neutral"", ""btc_trend_bias"": -0.067, ""momentum_score"": 23.9, ""momentum_state"": ""rising"", ""btc_linreg_bias"": 0.0, ""price_at_signal"": 0.00768, ""speed_percentile"": 57.1, ""staleness_minutes"": 1.4, ""price_acceleration"": 0.0131}"
15820,ADA,Hermes-bb-squeeze+,LONG,-0.6708,-0.02,5,11.10,profit-monster-trail,HIGH,71.60,0.00060464,0.25342000,0.5425775392628838,0.5011443453555363,,closed,f,2026-10-02 04:25:49.102182,2026-10-02 04:35:43.478551,"{""rsi_14"": 57.86, ""z_score"": 3.5146, ""is_stale"": false, ""btc_score"": 99.6, ""macd_hist"": 0.00016227, ""btc_regime"": ""BULL_TREND"", ""macd_value"": 0.00007779, ""wave_phase"": ""falling"", ""bb_position"": 1.3787, ""macd_signal"": -0.00008449, ""gap_at_entry"": 1.7244, ""volume_spike"": 1.0, ""z_score_tier"": ""extreme_high"", ""btc_trend_bias"": 0.992, ""momentum_score"": 22.9, ""momentum_state"": ""rising"", ""btc_linreg_bias"": 0.375, ""price_at_signal"": 0.251875, ""final_confidence"": 96.0, ""speed_percentile"": 56.0, ""staleness_minutes"": 1.55, ""price_acceleration"": -0.0006}"
15533,CAKE,Hermes-pullback-entry-,SHORT,2.3935,0.09,3,11.10,atr_sl_hit,HIGH,47.17,0.00605357,2.41910000,1.9862758877268405,0.38444049439874334,34988.85,closed,f,2026-09-19 13:30:36.043486,2026-09-19 23:13:44.895105,"{""rsi_14"": 35.0, ""z_score"": -1.3556, ""is_stale"": false, ""btc_score"": 31.0, ""macd_hist"": -0.00048844, ""btc_regime"": ""RANGING"", ""macd_value"": -0.00406705, ""wave_phase"": ""accelerating"", ""bb_position"": 0.1611, ""macd_signal"": -0.00357861, ""gap_at_entry"": 0.0681, ""z_score_tier"": ""low"", ""btc_trend_bias"": -0.312, ""momentum_score"": 28.0, ""momentum_state"": ""falling"", ""btc_linreg_bias"": 0.0, ""price_at_signal"": 2.42925, ""speed_percentile"": 68.3, ""staleness_minutes"": 4.28, ""price_acceleration"": 0.0057}"
15818,ONDO,Hermes-bb-squeeze+,LONG,-1.9062,-0.04,5,11.10,profit-monster-trail,HIGH,71.49,0.00147214,0.50625000,0.3565432098765432,0.31209876543209875,,closed,f,2026-10-02 04:25:28.007086,2026-10-02 04:35:53.390478,"{""rsi_14"": 55.91, ""z_score"": 3.8492, ""is_stale"": true, ""btc_score"": 99.6, ""macd_hist"": 0.00036396, ""btc_regime"": ""BULL_TREND"", ""macd_value"": 0.00040412, ""wave_phase"": ""accelerating"", ""bb_position"": 1.4623, ""macd_signal"": 0.00004016, ""gap_at_entry"": 1.4889, ""volume_spike"": 1.0, ""z_score_tier"": ""extreme_high"", ""btc_trend_bias"": 0.992, ""momentum_score"": 16.1, ""momentum_state"": ""rising"", ""btc_linreg_bias"": 0.375, ""price_at_signal"": 0.50293, ""final_confidence"": 96.0, ""speed_percentile"": 39.6, ""staleness_minutes"": 1.1, ""price_acceleration"": 0.0042}"
15814,BTC,Hermes-continuum-trend+,LONG,7.3285,0.32,5,22.10,profit-monster-trail,FLAT,32.70,116.73571429,85215.00000000,1.8793639617438245,0.04870034618318371,,closed,f,2026-10-02 03:19:07.170036,2026-10-02 04:37:36.781615,"{""rsi_14"": 42.07, ""z_score"": 0.4095, ""is_stale"": false, ""btc_score"": 98.9, ""macd_hist"": -12.96203853, ""btc_regime"": ""BULL_TREND"", ""macd_value"": 75.31781365, ""wave_phase"": ""falling"", ""bb_position"": 0.6024, ""macd_signal"": 88.27985218, ""gap_at_entry"": 0.5388, ""volume_spike"": 0.15, ""z_score_tier"": ""neutral"", ""btc_trend_bias"": 0.976, ""momentum_score"": 21.6, ""momentum_state"": ""rising"", ""btc_linreg_bias"": 0.375, ""price_at_signal"": 85285.5, ""final_confidence"": 99, ""speed_percentile"": 51.6, ""staleness_minutes"": 1.25, ""price_acceleration"": -0.0078}"
15534,IMX,Hermes-pump-chain+,LONG,4.7578,0.11,5,11.10,atr_sl_hit,EXTREME,74.22,0.00088000,0.14082000,2.3647209203238178,0.39767078539980116,13124.133,closed,f,2026-09-19 13:46:37.478872,2026-09-19 17:25:21.611464,"{""rsi_14"": 54.17, ""z_score"": 1.339, ""is_stale"": false, ""btc_score"": 28.3, ""macd_hist"": 0.00034258, ""btc_regime"": ""BEAR_TREND"", ""macd_value"": 0.0003596, ""wave_phase"": ""accelerating"", ""bb_position"": 0.8348, ""macd_signal"": 0.00001702, ""gap_at_entry"": 2.0976, ""z_score_tier"": ""high"", ""btc_trend_bias"": -0.37, ""momentum_score"": 36.2, ""momentum_state"": ""rising"", ""btc_linreg_bias"": -0.125, ""price_at_signal"": 0.14142, ""speed_percentile"": 87.0, ""staleness_minutes"": 3.31, ""price_acceleration"": 0.0053}"
15662,CAKE,Hermes-pump-chain-,SHORT,-1.6177,-0.09,3,16.60,pump_exit_dead_money,HIGH,43.73,0.00840000,2.59620000,0.24651413604498884,1.2344965719127956,7255.5225,closed,f,2026-09-24 02:06:31.046884,2026-09-24 04:07:26.569327,"{""rsi_14"": 62.5, ""z_score"": -1.8216, ""is_stale"": false, ""btc_score"": 0.7, ""macd_hist"": -0.00166501, ""btc_regime"": ""BEAR_TREND"", ""macd_value"": -0.00216763, ""wave_phase"": ""falling"", ""bb_position"": 0.0446, ""macd_signal"": -0.00050262, ""gap_at_entry"": 0.7226, ""z_score_tier"": ""low"", ""btc_trend_bias"": -0.984, ""momentum_score"": 38.7, ""momentum_state"": ""falling"", ""btc_linreg_bias"": -0.375, ""price_at_signal"": 2.5985, ""speed_percentile"": 93.2, ""staleness_minutes"": 4.23, ""price_acceleration"": -0.0076}"
15532,DOGE,Hermes-pump-chain+,LONG,3.8602,0.09,5,11.10,atr_sl_hit,NORMAL,67.37,0.00021857,0.08807900,2.018642355158437,0.021571543727789824,14737.776,closed,f,2026-09-19 11:13:50.153118,2026-09-19 15:19:27.929179,"{""rsi_14"": 64.6, ""z_score"": 1.6503, ""is_stale"": false, ""btc_score"": 71.1, ""macd_hist"": 0.00004888, ""btc_regime"": ""TRANSITIONING"", ""macd_value"": 0.00010404, ""wave_phase"": ""bottoming"", ""bb_position"": 0.9126, ""macd_signal"": 0.00005516, ""gap_at_entry"": 0.7549, ""z_score_tier"": ""high"", ""btc_trend_bias"": 0.357, ""momentum_score"": 24.2, ""momentum_state"": ""rising"", ""btc_linreg_bias"": 0.0, ""price_at_signal"": 0.08817, ""speed_percentile"": 59.0, ""staleness_minutes"": 2.51, ""price_acceleration"": 0.0005}"
15660,ARB,Hermes-pump-chain-,SHORT,-7.5537,-0.17,5,11.10,atr_sl_hit,EXTREME,34.75,0.00098571,0.21645000,0.3372603372603373,1.5477015477015477,3173.1824,closed,f,2026-09-24 01:24:33.865573,2026-09-24 02:17:27.047909,"{""rsi_14"": 36.36, ""z_score"": -2.125, ""is_stale"": false, ""btc_score"": 8.2, ""macd_hist"": -0.00010829, ""btc_regime"": ""BEAR_TREND"", ""macd_value"": -0.00004768, ""wave_phase"": ""falling"", ""bb_position"": -0.0312, ""macd_signal"": 0.00006061, ""gap_at_entry"": -0.9944, ""z_score_tier"": ""extreme_low"", ""btc_trend_bias"": -0.817, ""momentum_score"": 23.6, ""momentum_state"": ""falling"", ""btc_linreg_bias"": -0.125, ""price_at_signal"": 0.21576, ""speed_percentile"": 57.8, ""staleness_minutes"": 2.03, ""price_acceleration"": -0.0006}"
15665,ACE,"Hermes-pump-chain-,rs-r68",SHORT,-4.5353,-0.33,3,22.10,atr_sl_hit,EXTREME,23.08,0.00118571,0.17860000,1.5117581187010078,1.343784994400896,4354.89,closed,f,2026-09-24 03:24:50.468154,2026-09-24 04:37:25.358091,"{""rsi_14"": 50.0, ""z_score"": -2.2244, ""is_stale"": false, ""btc_score"": 40.6, ""macd_hist"": -0.00014785, ""btc_regime"": ""RANGING"", ""macd_value"": -0.00029088, ""wave_phase"": ""accelerating"", ""bb_position"": -0.0561, ""macd_signal"": -0.00014303, ""gap_at_entry"": -1.0446, ""z_score_tier"": ""extreme_low"", ""btc_trend_bias"": -0.098, ""momentum_score"": 35.9, ""momentum_state"": ""falling"", ""btc_linreg_bias"": 0.0, ""price_at_signal"": 0.1804, ""speed_percentile"": 87.0, ""staleness_minutes"": 5.01, ""price_acceleration"": 0.018}"
15539,WLFI,Hermes-grind-trend-,SHORT,-4.8588,-0.11,5,11.10,cut-loser-CL-T1,NORMAL,10.36,0.00018571,0.05846900,0.008551540132377841,1.014212659700012,,closed,f,2026-09-19 15:58:35.324385,2026-09-19 16:26:50.772416,"{""rsi_14"": 38.46, ""z_score"": -1.9404, ""is_stale"": false, ""btc_score"": 99.3, ""macd_hist"": -0.0000272, ""btc_regime"": ""BULL_TREND"", ""macd_value"": -0.00010412, ""wave_phase"": ""accelerating"", ""bb_position"": 0.0149, ""macd_signal"": -0.00007692, ""gap_at_entry"": -0.5302, ""z_score_tier"": ""low"", ""btc_trend_bias"": 0.985, ""momentum_score"": 31.2, ""momentum_state"": ""falling"", ""btc_linreg_bias"": 0.375, ""price_at_signal"": 0.0586, ""speed_percentile"": 75.2, ""staleness_minutes"": 1.12, ""price_acceleration"": 0.0079}"
15824,PUMP,Hermes-bb-squeeze+,LONG,0.5917,0.01,5,11.10,profit-monster-trail,EXTREME,69.23,0.00003279,0.00591500,0.6424344885883347,0,,closed,f,2026-10-02 06:35:29.96594,2026-10-02 06:54:19.51421,"{""rsi_14"": 55.71, ""z_score"": 2.5459, ""is_stale"": true, ""btc_score"": 51.8, ""macd_hist"": 0.00000349, ""btc_regime"": ""RANGING"", ""macd_value"": 0.00000718, ""wave_phase"": ""accelerating"", ""bb_position"": 1.1365, ""macd_signal"": 0.00000369, ""gap_at_entry"": 1.4982, ""volume_spike"": 0.24, ""z_score_tier"": ""extreme_high"", ""btc_trend_bias"": 0.0, ""momentum_score"": 1.0, ""momentum_state"": ""rising"", ""btc_linreg_bias"": 0.0, ""price_at_signal"": 0.005955, ""final_confidence"": 99, ""speed_percentile"": 2.5, ""staleness_minutes"": 2.15, ""price_acceleration"": 0.0005}"
15537,FIL,Hermes-warrior-sr-confirm+,LONG,4.1396,0.09,5,11.10,profit-monster-trail,EXTREME,55.17,0.00683143,0.98197000,1.6874242593969266,0,,closed,f,2026-09-19 15:36:29.344844,2026-09-19 16:04:44.664312,"{""rsi_14"": 61.82, ""z_score"": 2.8493, ""is_stale"": false, ""btc_score"": 94.7, ""macd_hist"": 0.00153654, ""btc_regime"": ""BULL_TREND"", ""macd_value"": 0.00002984, ""wave_phase"": ""accelerating"", ""bb_position"": 1.2123, ""macd_signal"": -0.00150671, ""gap_at_entry"": -0.4538, ""z_score_tier"": ""extreme_high"", ""btc_trend_bias"": 0.882, ""momentum_score"": 16.9, ""momentum_state"": ""rising"", ""btc_linreg_bias"": 0.375, ""price_at_signal"": 0.9822, ""speed_percentile"": 41.0, ""staleness_minutes"": 6.12, ""price_acceleration"": 0.0001}"
15666,ETH,Hermes-bb-bounce-v2-long+,LONG,1.5882,0.04,5,11.10,profit-monster-trail,NORMAL,42.94,3.88571429,2676.00000000,0.8650971599402093,0.20739910313901344,,closed,f,2026-09-24 03:41:46.694691,2026-09-24 05:57:55.784538,"{""rsi_14"": 50.09, ""z_score"": -0.8677, ""is_stale"": false, ""btc_score"": 1.1, ""macd_hist"": 0.12463192, ""btc_regime"": ""BEAR_TREND"", ""macd_value"": -2.57311744, ""wave_phase"": ""falling"", ""bb_position"": 0.2831, ""macd_signal"": -2.69774936, ""gap_at_entry"": -0.2571, ""z_score_tier"": ""neutral"", ""btc_trend_bias"": -0.976, ""momentum_score"": 9.5, ""momentum_state"": ""flat"", ""btc_linreg_bias"": -0.25, ""price_at_signal"": 2674.25, ""speed_percentile"": 22.4, ""staleness_minutes"": 1.2, ""price_acceleration"": -0.0037}"
15825,BLUR,Hermes-bb-squeeze+,LONG,2.3380,0.17,3,22.10,profit-monster-trail,HIGH,58.98,0.00003871,0.02100800,1.209063214013709,0.2998857578065499,,closed,f,2026-10-02 07:14:27.950797,2026-10-02 08:00:44.624238,"{""rsi_14"": 63.53, ""z_score"": 3.7102, ""is_stale"": false, ""btc_score"": 69.2, ""macd_hist"": 0.00000992, ""btc_regime"": ""TRANSITIONING"", ""macd_value"": 0.00001062, ""wave_phase"": ""accelerating"", ""bb_position"": 1.4275, ""macd_signal"": 0.0000007, ""gap_at_entry"": 0.965, ""volume_spike"": 0.18, ""z_score_tier"": ""extreme_high"", ""btc_trend_bias"": 0.315, ""momentum_score"": 33.4, ""momentum_state"": ""rising"", ""btc_linreg_bias"": -0.25, ""price_at_signal"": 0.020956, ""final_confidence"": 90.0, ""speed_percentile"": 80.5, ""staleness_minutes"": 3.14, ""price_acceleration"": 0.0114}"
15536,DOGE,Hermes-grind-trend-,SHORT,-4.8583,-0.11,5,11.10,cut-loser-CL-T1,NORMAL,27.01,0.00031857,0.08871400,0.15668327434226842,0.8172329057420474,,closed,f,2026-09-19 15:28:36.892177,2026-09-19 16:14:46.882378,"{""rsi_14"": 31.31, ""z_score"": -1.0346, ""is_stale"": true, ""btc_score"": 92.4, ""macd_hist"": -0.00001899, ""btc_regime"": ""BULL_TREND"", ""macd_value"": -0.00007353, ""wave_phase"": ""falling"", ""bb_position"": 0.2414, ""macd_signal"": -0.00005454, ""gap_at_entry"": 0.182, ""z_score_tier"": ""low"", ""btc_trend_bias"": 0.831, ""momentum_score"": 16.7, ""momentum_state"": ""flat"", ""btc_linreg_bias"": 0.375, ""price_at_signal"": 0.08879, ""speed_percentile"": 41.0, ""staleness_minutes"": 4.17, ""price_acceleration"": -0.0016}"
15667,ALT,Hermes-mover+,LONG,-0.2005,-0.01,3,11.10,atr_sl_hit,HIGH,83.12,0.00001821,0.00748300,1.4432714152078043,0.33409060537217694,4794.11,closed,f,2026-09-24 04:35:34.575693,2026-09-24 05:55:28.685673,"{""rsi_14"": 66.67, ""z_score"": 1.9484, ""is_stale"": true, ""btc_score"": 16.3, ""macd_hist"": 0.00000584, ""btc_regime"": ""BEAR_TREND"", ""macd_value"": 0.00001487, ""wave_phase"": ""decelerating"", ""bb_position"": 0.9871, ""macd_signal"": 0.00000903, ""gap_at_entry"": 0.729, ""z_score_tier"": ""high"", ""btc_trend_bias"": -0.638, ""momentum_score"": 0.0, ""momentum_state"": ""rising"", ""btc_linreg_bias"": -0.375, ""price_at_signal"": 0.007475, ""speed_percentile"": 0.0, ""staleness_minutes"": 3.91, ""price_acceleration"": -0.0036}"
15826,BANANA,"Hermes-bb-bounce-v2-long+,bb-bounce-v3-long+",LONG,1.7999,0.04,3,11.10,profit-monster-trail,NORMAL,69.74,0.00437857,4.05020000,0.8925485161226606,0.42713940052343097,,closed,f,2026-10-02 07:18:37.823732,2026-10-02 09:01:13.622546,"{""rsi_14"": 60.76, ""z_score"": 2.3412, ""is_stale"": true, ""btc_score"": 67.1, ""macd_hist"": 0.00131327, ""btc_regime"": ""RANGING"", ""macd_value"": 0.00169584, ""wave_phase"": ""decelerating"", ""bb_position"": 1.0853, ""macd_signal"": 0.00038257, ""gap_at_entry"": -0.096, ""volume_spike"": 1.0, ""z_score_tier"": ""extreme_high"", ""btc_trend_bias"": 0.269, ""momentum_score"": 3.8, ""momentum_state"": ""rising"", ""btc_linreg_bias"": 0.0, ""price_at_signal"": 4.05245, ""final_confidence"": 99, ""speed_percentile"": 9.4, ""staleness_minutes"": 2.15, ""price_acceleration"": -0.0013}"
15538,INJ,Hermes-pump-chain+,LONG,1.2925,0.03,5,11.10,atr_sl_hit,EXTREME,80.18,0.04090357,7.50490000,1.4757025410065423,0.9880211595091207,2862.4185,closed,f,2026-09-19 15:46:44.987789,2026-09-19 16:34:27.40616,"{""rsi_14"": 54.93, ""z_score"": 2.2753, ""is_stale"": false, ""btc_score"": 76.6, ""macd_hist"": 0.01597389, ""btc_regime"": ""BULL_TREND"", ""macd_value"": 0.01101649, ""wave_phase"": ""decelerating"", ""bb_position"": 1.0688, ""macd_signal"": -0.00495741, ""gap_at_entry"": -0.3647, ""z_score_tier"": ""extreme_high"", ""btc_trend_bias"": 0.481, ""momentum_score"": 17.0, ""momentum_state"": ""rising"", ""btc_linreg_bias"": 0.375, ""price_at_signal"": 7.4855, ""speed_percentile"": 41.6, ""staleness_minutes"": 4.36, ""price_acceleration"": -0.0058}"
15668,BABY,Hermes-mover+,LONG,-6.0727,-0.45,3,22.10,atr_sl_hit,EXTREME,79.17,0.00004350,0.01276300,0.289900493614354,1.9744574159680326,15763.212,closed,f,2026-09-24 05:07:36.341045,2026-09-24 09:30:19.552958,"{""rsi_14"": 52.38, ""z_score"": 1.6002, ""is_stale"": false, ""btc_score"": 53.7, ""macd_hist"": 0.00000942, ""btc_regime"": ""TRANSITIONING"", ""macd_value"": 0.00003067, ""wave_phase"": ""accelerating"", ""bb_position"": 0.9001, ""macd_signal"": 0.00002125, ""gap_at_entry"": 1.6866, ""z_score_tier"": ""high"", ""btc_trend_bias"": 0.0, ""momentum_score"": 35.8, ""momentum_state"": ""rising"", ""btc_linreg_bias"": -0.25, ""price_at_signal"": 0.012737, ""speed_percentile"": 86.3, ""staleness_minutes"": 1.22, ""price_acceleration"": 0.0161}"
15664,ARB,Hermes-pump-chain-,SHORT,-6.3174,-0.14,5,11.10,atr_sl_hit,EXTREME,34.74,0.00113786,0.21686000,0.9637554182421839,1.3972147929539795,6592.892,closed,f,2026-09-24 03:16:28.2613,2026-09-24 05:06:21.153453,"{""rsi_14"": 51.72, ""z_score"": -2.4813, ""is_stale"": false, ""btc_score"": 35.6, ""macd_hist"": -0.00019999, ""btc_regime"": ""TRANSITIONING"", ""macd_value"": -0.00078198, ""wave_phase"": ""accelerating"", ""bb_position"": -0.1203, ""macd_signal"": -0.00058199, ""gap_at_entry"": -0.8048, ""z_score_tier"": ""extreme_low"", ""btc_trend_bias"": -0.208, ""momentum_score"": 22.0, ""momentum_state"": ""falling"", ""btc_linreg_bias"": 0.25, ""price_at_signal"": 0.21643, ""speed_percentile"": 53.4, ""staleness_minutes"": 2.22, ""price_acceleration"": 0.0108}"
15540,INJ,Hermes-pump-chain+,LONG,5.3908,0.12,5,11.10,atr_sl_hit,EXTREME,82.90,0.04617500,7.58700000,2.464083300382233,0.15487017266376696,1650.6433,closed,f,2026-09-19 17:07:34.312441,2026-09-19 17:35:04.955755,"{""rsi_14"": 56.12, ""z_score"": 1.9309, ""is_stale"": false, ""btc_score"": 70.2, ""macd_hist"": 0.0122559, ""btc_regime"": ""TRANSITIONING"", ""macd_value"": 0.01324803, ""wave_phase"": ""falling"", ""bb_position"": 0.9827, ""macd_signal"": 0.00099213, ""gap_at_entry"": 0.9142, ""z_score_tier"": ""high"", ""btc_trend_bias"": 0.337, ""momentum_score"": 28.8, ""momentum_state"": ""rising"", ""btc_linreg_bias"": 0.25, ""price_at_signal"": 7.58175, ""speed_percentile"": 70.2, ""staleness_minutes"": 1.32, ""price_acceleration"": -0.0002}"
15669,AVAX,Hermes-mover+,LONG,-6.6956,-0.15,5,11.10,atr_sl_hit,HIGH,69.08,0.03507143,10.38000000,0,1.300578034682081,1358.6238,closed,f,2026-09-24 05:11:46.560123,2026-09-24 05:34:25.183871,"{""rsi_14"": 70.0, ""z_score"": 2.2444, ""is_stale"": false, ""btc_score"": 76.6, ""macd_hist"": 0.00421701, ""btc_regime"": ""TRANSITIONING"", ""macd_value"": 0.01775996, ""wave_phase"": ""bottoming"", ""bb_position"": 1.0611, ""macd_signal"": 0.01354295, ""gap_at_entry"": 1.0531, ""z_score_tier"": ""extreme_high"", ""btc_trend_bias"": 0.479, ""momentum_score"": 17.8, ""momentum_state"": ""rising"", ""btc_linreg_bias"": -0.25, ""price_at_signal"": 10.383, ""speed_percentile"": 43.5, ""staleness_minutes"": 1.42, ""price_acceleration"": 0.0006}"
15828,DYDX,Hermes-bb-squeeze+,LONG,1.6098,0.02,5,11.10,profit-monster-trail,EXTREME,64.82,0.00050429,0.15219000,0.7819173401668966,0.19712201852946976,,closed,f,2026-10-02 07:40:27.380589,2026-10-02 07:52:44.018843,"{""rsi_14"": 59.67, ""z_score"": 1.8686, ""is_stale"": true, ""btc_score"": 50.3, ""macd_hist"": 0.00012448, ""btc_regime"": ""TRANSITIONING"", ""macd_value"": 0.00036857, ""wave_phase"": ""accelerating"", ""bb_position"": 0.9671, ""macd_signal"": 0.00024409, ""gap_at_entry"": 0.9007, ""volume_spike"": 1.64, ""z_score_tier"": ""high"", ""btc_trend_bias"": 0.0, ""momentum_score"": 2.8, ""momentum_state"": ""rising"", ""btc_linreg_bias"": 0.125, ""price_at_signal"": 0.15218, ""final_confidence"": 89.0, ""speed_percentile"": 6.9, ""staleness_minutes"": 1.13, ""price_acceleration"": 0.0001}"
15571,BTC,Hermes-continuum-,SHORT,0.1784,0.02,5,11.10,HL_CLOSED,FLAT,48.53,109.92857143,81282.00000000,0.281120051179843,0.18269727614970105,5843.802,closed,f,2026-09-20 17:26:50.491742,2026-09-20 19:04:14.293418,"{""rsi_14"": 57.12, ""z_score"": 0.6778, ""is_stale"": false, ""btc_score"": 86.9, ""macd_hist"": 3.34754687, ""btc_regime"": ""BULL_TREND"", ""macd_value"": -13.13612465, ""wave_phase"": ""falling"", ""bb_position"": 0.6695, ""macd_signal"": -16.48367152, ""gap_at_entry"": 0.4905, ""z_score_tier"": ""neutral"", ""btc_trend_bias"": 0.708, ""momentum_score"": 12.2, ""momentum_state"": ""flat"", ""btc_linreg_bias"": 0.25, ""price_at_signal"": 81316.5, ""speed_percentile"": 29.2, ""staleness_minutes"": 2.47, ""price_acceleration"": -0.0033}"
15359,KAS,Hermes-pump-chain+,LONG,-3.6534,-0.23,3,18.80,atr_sl_hit,NORMAL,,,0.03391400,0.722415521613493,1.2089402606593147,13732.845,closed,f,2026-09-14 04:49:31.220314,2026-09-14 08:38:24.064775,"{""rsi_14"": 61.64, ""z_score"": 0.6596, ""is_stale"": true, ""btc_score"": 80.6, ""macd_hist"": 0.00000221, ""btc_regime"": ""RANGING"", ""macd_value"": 0.00004087, ""wave_phase"": ""falling"", ""bb_position"": 0.6649, ""macd_signal"": 0.00003866, ""z_score_tier"": ""neutral"", ""btc_trend_bias"": 0.57, ""momentum_score"": 3.1, ""momentum_state"": ""flat"", ""btc_linreg_bias"": 0.0, ""price_at_signal"": 0.033924, ""speed_percentile"": 7.5, ""price_acceleration"": -0.0047}"
15543,JUP,Hermes-pump-chain+,LONG,-6.2417,-0.14,5,11.10,atr_sl_hit,EXTREME,88.39,0.00102786,0.27877000,0.6690102952254546,1.3541629300139901,12913.647,closed,f,2026-09-19 18:01:52.756648,2026-09-19 21:37:06.404284,"{""rsi_14"": 73.47, ""z_score"": 1.7993, ""is_stale"": false, ""btc_score"": 23.6, ""macd_hist"": 0.00054295, ""btc_regime"": ""BEAR_TREND"", ""macd_value"": 0.00035808, ""wave_phase"": ""decelerating"", ""bb_position"": 0.9498, ""macd_signal"": -0.00018487, ""gap_at_entry"": -0.4561, ""z_score_tier"": ""high"", ""btc_trend_bias"": -0.475, ""momentum_score"": 23.9, ""momentum_state"": ""rising"", ""btc_linreg_bias"": -0.25, ""price_at_signal"": 0.277965, ""speed_percentile"": 57.8, ""staleness_minutes"": 1.33, ""price_acceleration"": -0.004}"
15847,TURBO,Hermes-mtf-regime-trend+,LONG,-1.3825,-0.31,3,22.10,hard_sl,HIGH,25.00,0.00000529,0.00108500,0.27649769585253126,0.7373271889400901,3811.0747,closed,f,2026-10-02 13:52:34.864219,2026-10-02 14:56:05.939028,"{""rsi_14"": 65.52, ""z_score"": 0.062, ""is_stale"": false, ""btc_score"": 95.8, ""macd_hist"": 0.0000002, ""btc_regime"": ""BULL_TREND"", ""macd_value"": 0.00000343, ""wave_phase"": ""falling"", ""bb_position"": 0.5155, ""macd_signal"": 0.00000324, ""gap_at_entry"": 1.6371, ""volume_spike"": 0.18, ""z_score_tier"": ""neutral"", ""btc_trend_bias"": 0.907, ""momentum_score"": 28.2, ""momentum_state"": ""rising"", ""btc_linreg_bias"": 0.375, ""price_at_signal"": 0.001088, ""final_confidence"": 96.0, ""speed_percentile"": 67.9, ""staleness_minutes"": 3.08, ""price_acceleration"": -0.0014}"
15361,BCH,Hermes-pump-chain+,LONG,-6.3331,-0.14,5,11.10,atr_sl_hit,NORMAL,,,224.22000000,0.3567924360003568,1.3000624386763,8510.35,closed,f,2026-09-14 04:52:29.351753,2026-09-14 07:14:19.701536,"{""rsi_14"": 62.5, ""z_score"": 1.4702, ""is_stale"": true, ""btc_score"": 73.0, ""macd_hist"": 0.09076944, ""btc_regime"": ""RANGING"", ""macd_value"": 0.15522653, ""wave_phase"": ""falling"", ""bb_position"": 0.8675, ""macd_signal"": 0.06445708, ""z_score_tier"": ""high"", ""btc_trend_bias"": 0.4, ""momentum_score"": 14.2, ""momentum_state"": ""rising"", ""btc_linreg_bias"": 0.0, ""price_at_signal"": 224.35, ""speed_percentile"": 34.8, ""price_acceleration"": -0.0052}"
15830,INJ,Hermes-bb-squeeze+,LONG,1.0556,0.05,5,22.10,profit-monster-trail,HIGH,82.74,0.01608214,7.57860000,0.5165861768664397,0.052120444409257644,,closed,f,2026-10-02 08:22:06.095285,2026-10-02 08:43:05.430763,"{""rsi_14"": 50.07, ""z_score"": 2.9479, ""is_stale"": true, ""btc_score"": 96.4, ""macd_hist"": 0.00201885, ""btc_regime"": ""BULL_TREND"", ""macd_value"": 0.00718394, ""wave_phase"": ""accelerating"", ""bb_position"": 1.237, ""macd_signal"": 0.0051651, ""gap_at_entry"": 0.9006, ""volume_spike"": 0.95, ""z_score_tier"": ""extreme_high"", ""btc_trend_bias"": 0.921, ""momentum_score"": 6.1, ""momentum_state"": ""rising"", ""btc_linreg_bias"": 1.0, ""price_at_signal"": 7.5709, ""final_confidence"": 90.0, ""speed_percentile"": 15.1, ""staleness_minutes"": 1.62, ""price_acceleration"": 0.003}"
15671,CASHCAT,Hermes-pump-chain-,SHORT,4.4832,0.13,3,11.10,atr_sl_hit,EXTREME,46.96,0.00085036,0.15926000,2.6528946376993594,1.120808740424463,7380.4536,closed,f,2026-09-24 06:56:30.015457,2026-09-24 08:59:30.468984,"{""rsi_14"": 65.98, ""z_score"": -2.2582, ""is_stale"": false, ""btc_score"": 42.0, ""macd_hist"": -0.00018502, ""btc_regime"": ""RANGING"", ""macd_value"": -0.00037296, ""wave_phase"": ""accelerating"", ""bb_position"": -0.0646, ""macd_signal"": -0.00018794, ""gap_at_entry"": 0.0477, ""z_score_tier"": ""extreme_low"", ""btc_trend_bias"": -0.066, ""momentum_score"": 17.0, ""momentum_state"": ""falling"", ""btc_linreg_bias"": 0.0, ""price_at_signal"": 0.15833, ""speed_percentile"": 41.0, ""staleness_minutes"": 6.16, ""price_acceleration"": 0.0075}"
15848,DOT,Hermes-mtf-regime-trend+,LONG,-5.9145,-0.26,5,22.10,hard_max_loss,HIGH,12.97,0.00379643,1.22580000,-0.024473813020065828,0.9259259259259236,2460.169,closed,f,2026-10-02 13:53:35.358357,2026-10-02 14:34:35.527273,"{""rsi_14"": 65.77, ""z_score"": -0.1345, ""is_stale"": false, ""btc_score"": 95.8, ""macd_hist"": -0.00009398, ""btc_regime"": ""BULL_TREND"", ""macd_value"": 0.00244935, ""wave_phase"": ""falling"", ""bb_position"": 0.4664, ""macd_signal"": 0.00254334, ""gap_at_entry"": 0.587, ""volume_spike"": 0.63, ""z_score_tier"": ""neutral"", ""btc_trend_bias"": 0.907, ""momentum_score"": 14.6, ""momentum_state"": ""flat"", ""btc_linreg_bias"": 0.375, ""price_at_signal"": 1.22825, ""final_confidence"": 97.0, ""speed_percentile"": 35.2, ""staleness_minutes"": 4.11, ""price_acceleration"": -0.0049}"
15541,DYDX,Hermes-pump-chain+,LONG,5.8521,0.13,5,11.10,atr_sl_hit,EXTREME,60.16,0.00064500,0.13414000,2.780676904726405,0.12673326375428656,9534.342,closed,f,2026-09-19 17:55:58.676614,2026-09-19 20:34:53.018277,"{""rsi_14"": 78.43, ""z_score"": 1.0669, ""is_stale"": false, ""btc_score"": 1.5, ""macd_hist"": 0.00007377, ""btc_regime"": ""BEAR_TREND"", ""macd_value"": 0.0000937, ""wave_phase"": ""accelerating"", ""bb_position"": 0.7667, ""macd_signal"": 0.00001994, ""gap_at_entry"": 0.9489, ""z_score_tier"": ""high"", ""btc_trend_bias"": -0.967, ""momentum_score"": 11.9, ""momentum_state"": ""rising"", ""btc_linreg_bias"": -0.25, ""price_at_signal"": 0.13401, ""speed_percentile"": 29.2, ""staleness_minutes"": 1.36, ""price_acceleration"": 0.0094}"
15672,DOT,Hermes-bb-bounce-v2-long+,LONG,3.8578,0.00,5,22.10,profit-monster-trail,HIGH,71.01,0.00278214,1.12760000,1.3435615466477475,0.2882227740333452,,closed,f,2026-09-24 07:21:26.894997,2026-09-24 08:11:46.312499,"{""rsi_14"": 66.67, ""z_score"": 1.4011, ""is_stale"": false, ""btc_score"": 43.2, ""macd_hist"": 0.00041238, ""btc_regime"": ""RANGING_BEAR"", ""macd_value"": -0.00038659, ""wave_phase"": ""accelerating"", ""bb_position"": 0.8503, ""macd_signal"": -0.00079898, ""gap_at_entry"": 0.6002, ""z_score_tier"": ""high"", ""btc_trend_bias"": -0.04, ""momentum_score"": 20.8, ""momentum_state"": ""rising"", ""btc_linreg_bias"": -0.25, ""price_at_signal"": 1.12775, ""speed_percentile"": 50.9, ""staleness_minutes"": 0.88, ""price_acceleration"": 0.0041}"
15893,WCT,Hermes-bb-bounce-v3-long+,LONG,1.0180,0.04,3,11.10,profit-monster-trail,NORMAL,32.87,0.00006243,0.04302500,0.6647298082510168,0.07902382335851249,,closed,f,2026-10-04 02:30:39.848572,2026-10-04 02:40:43.294209,"{""rsi_14"": 53.31, ""z_score"": -0.4655, ""is_stale"": true, ""btc_score"": 51.7, ""macd_hist"": -0.00000433, ""btc_regime"": ""RANGING_BULL"", ""macd_value"": 0.00001167, ""wave_phase"": ""accelerating"", ""bb_position"": 0.3836, ""macd_signal"": 0.000016, ""gap_at_entry"": -0.146, ""volume_spike"": 12.23, ""z_score_tier"": ""neutral"", ""btc_trend_bias"": 0.0, ""momentum_score"": 17.5, ""momentum_state"": ""flat"", ""btc_linreg_bias"": 0.125, ""price_at_signal"": 0.042995, ""final_confidence"": 99, ""speed_percentile"": 43.0, ""staleness_minutes"": 4.24, ""price_acceleration"": 0.0031}"
15542,ADA,Hermes-pump-chain+,LONG,-6.0010,-0.14,5,11.10,atr_sl_hit,HIGH,66.37,0.00081214,0.22996000,0.5935814924334667,1.428509305966255,11678.204,closed,f,2026-09-19 18:00:50.73198,2026-09-19 21:15:28.936126,"{""rsi_14"": 55.56, ""z_score"": 1.4146, ""is_stale"": false, ""btc_score"": 16.2, ""macd_hist"": 0.00012642, ""btc_regime"": ""BEAR_TREND"", ""macd_value"": 0.00014995, ""wave_phase"": ""falling"", ""bb_position"": 0.8537, ""macd_signal"": 0.00002353, ""gap_at_entry"": 0.6739, ""z_score_tier"": ""high"", ""btc_trend_bias"": -0.639, ""momentum_score"": 23.5, ""momentum_state"": ""flat"", ""btc_linreg_bias"": -0.25, ""price_at_signal"": 0.229585, ""speed_percentile"": 57.1, ""staleness_minutes"": 1.39, ""price_acceleration"": -0.0056}"
15363,JUP,Hermes-pump-chain-,SHORT,0.0423,0.00,5,11.10,atr_sl_hit,HIGH,,,0.23659000,0.9510122997590769,0.9784859884187835,21821.004,closed,f,2026-09-14 05:04:52.114874,2026-09-14 11:08:33.11875,"{""rsi_14"": 38.1, ""z_score"": -1.1794, ""is_stale"": true, ""btc_score"": 86.1, ""macd_hist"": -0.00000581, ""btc_regime"": ""BULL_TREND"", ""macd_value"": -0.00029624, ""wave_phase"": ""accelerating"", ""bb_position"": 0.2052, ""macd_signal"": -0.00029043, ""z_score_tier"": ""low"", ""btc_trend_bias"": 0.69, ""momentum_score"": 7.2, ""momentum_state"": ""flat"", ""btc_linreg_bias"": 0.125, ""price_at_signal"": 0.236755, ""speed_percentile"": 17.4, ""price_acceleration"": 0.0002}"
15545,HEMI,Hermes-pullback-entry-,SHORT,2.1689,0.08,3,11.10,atr_sl_hit,EXTREME,59.52,0.00001429,0.00650100,1.8612521150592216,0.9075526842024304,10498.68,closed,f,2026-09-19 19:02:31.002335,2026-09-19 21:57:29.681964,"{""rsi_14"": 50.0, ""z_score"": 2.132, ""is_stale"": false, ""btc_score"": 23.9, ""macd_hist"": 0.00000264, ""btc_regime"": ""BEAR_TREND"", ""macd_value"": 0.00000464, ""wave_phase"": ""accelerating"", ""bb_position"": 1.033, ""macd_signal"": 0.000002, ""gap_at_entry"": -0.221, ""z_score_tier"": ""extreme_high"", ""btc_trend_bias"": -0.469, ""momentum_score"": 17.7, ""momentum_state"": ""rising"", ""btc_linreg_bias"": -0.125, ""price_at_signal"": 0.006494, ""speed_percentile"": 42.9, ""staleness_minutes"": 1.2, ""price_acceleration"": 0.0052}"
15674,KAS,Hermes-bb-bounce-v2-long+,LONG,-2.7606,-0.20,3,22.10,cut-loser-CL-T1,HIGH,21.45,0.00005914,0.03923100,0.010196018454793404,0.7825444164053937,,closed,f,2026-09-24 08:23:23.980109,2026-09-24 08:44:58.233573,"{""rsi_14"": 61.64, ""z_score"": -1.6097, ""is_stale"": true, ""btc_score"": 98.3, ""macd_hist"": -0.00000999, ""btc_regime"": ""BULL_TREND"", ""macd_value"": -0.00004547, ""wave_phase"": ""accelerating"", ""bb_position"": 0.0976, ""macd_signal"": -0.00003548, ""gap_at_entry"": 0.2086, ""z_score_tier"": ""low"", ""btc_trend_bias"": 0.962, ""momentum_score"": 10.2, ""momentum_state"": ""flat"", ""btc_linreg_bias"": 0.25, ""price_at_signal"": 0.039396, ""speed_percentile"": 24.8, ""staleness_minutes"": 2.48, ""price_acceleration"": 0.0022}"
15546,WCT,Hermes-pullback-entry-,SHORT,-0.3733,0.00,3,11.10,atr_sl_hit,EXTREME,27.80,0.00009329,0.04018300,1.2318642211880646,0.18664609411940372,9451.749,closed,f,2026-09-19 20:03:00.587305,2026-09-19 22:40:32.336615,"{""rsi_14"": 60.87, ""z_score"": -1.3363, ""is_stale"": false, ""btc_score"": 19.1, ""macd_hist"": -0.00000851, ""btc_regime"": ""BEAR_TREND"", ""macd_value"": -0.00001271, ""wave_phase"": ""accelerating"", ""bb_position"": 0.1659, ""macd_signal"": -0.0000042, ""gap_at_entry"": -0.3741, ""z_score_tier"": ""low"", ""btc_trend_bias"": -0.576, ""momentum_score"": 30.4, ""momentum_state"": ""flat"", ""btc_linreg_bias"": -0.25, ""price_at_signal"": 0.040183, ""speed_percentile"": 73.9, ""staleness_minutes"": 1.14, ""price_acceleration"": 0.0086}"
15365,ACE,Hermes-pump-chain-,SHORT,0.2016,0.01,3,19.90,atr_sl_hit,NORMAL,,,0.14880000,0.47043010752688175,0.8736559139784946,17973.383,closed,f,2026-09-14 05:10:50.197604,2026-09-14 10:10:23.581116,"{""rsi_14"": 45.45, ""z_score"": -2.006, ""is_stale"": false, ""btc_score"": 74.3, ""macd_hist"": -0.00003984, ""btc_regime"": ""BULL_TREND"", ""macd_value"": -0.00001297, ""wave_phase"": ""accelerating"", ""bb_position"": -0.0015, ""macd_signal"": 0.00002687, ""z_score_tier"": ""extreme_low"", ""btc_trend_bias"": 0.429, ""momentum_score"": 33.3, ""momentum_state"": ""falling"", ""btc_linreg_bias"": 0.125, ""price_at_signal"": 0.1493, ""speed_percentile"": 81.4, ""price_acceleration"": 0.0098}"
15831,GOAT,Hermes-bb-squeeze+,LONG,1.1212,0.04,3,11.10,profit-monster-trail,NORMAL,70.87,0.00004329,0.01899800,0.7263922518159807,0.07369196757553427,,closed,f,2026-10-02 08:22:18.104097,2026-10-02 08:49:05.916914,"{""rsi_14"": 51.85, ""z_score"": 3.552, ""is_stale"": false, ""btc_score"": 96.4, ""macd_hist"": -0.00000041, ""btc_regime"": ""BULL_TREND"", ""macd_value"": 0.000035, ""wave_phase"": ""accelerating"", ""bb_position"": 1.388, ""macd_signal"": 0.00003541, ""gap_at_entry"": 1.1948, ""volume_spike"": 0.95, ""z_score_tier"": ""extreme_high"", ""btc_trend_bias"": 0.921, ""momentum_score"": 13.3, ""momentum_state"": ""rising"", ""btc_linreg_bias"": 1.0, ""price_at_signal"": 0.018994, ""final_confidence"": 90.0, ""speed_percentile"": 32.7, ""staleness_minutes"": 1.79, ""price_acceleration"": 0.0082}"
15829,SUSHI,Hermes-bb-squeeze+,LONG,2.2867,0.08,3,11.10,profit-monster-trail,HIGH,67.94,0.00077000,0.26632000,0.8823971162511265,0.17647942325022528,,closed,f,2026-10-02 08:03:31.386986,2026-10-02 08:27:56.966385,"{""rsi_14"": 82.29, ""z_score"": 2.4223, ""is_stale"": true, ""btc_score"": 94.2, ""macd_hist"": 0.0002711, ""btc_regime"": ""TRANSITIONING"", ""macd_value"": 0.00074311, ""wave_phase"": ""decelerating"", ""bb_position"": 1.1056, ""macd_signal"": 0.00047201, ""gap_at_entry"": 1.3241, ""volume_spike"": 0.45, ""z_score_tier"": ""extreme_high"", ""btc_trend_bias"": 0.871, ""momentum_score"": 0.2, ""momentum_state"": ""rising"", ""btc_linreg_bias"": -0.25, ""price_at_signal"": 0.26734, ""final_confidence"": 90.0, ""speed_percentile"": 0.6, ""staleness_minutes"": 3.16, ""price_acceleration"": -0.0027}"
15548,BABY,Hermes-volume-breakout-long+,LONG,1.0921,0.08,3,22.10,atr_sl_hit,NORMAL,20.63,0.00003214,0.01170200,1.7860194838489147,0.017091095539224065,8088.6016,closed,f,2026-09-19 23:01:30.767158,2026-09-20 01:16:19.36896,"{""rsi_14"": 53.85, ""z_score"": -2.1393, ""is_stale"": true, ""btc_score"": 60.0, ""macd_hist"": -0.00000235, ""btc_regime"": ""RANGING_BULL"", ""macd_value"": 0.00000034, ""wave_phase"": ""accelerating"", ""bb_position"": -0.0348, ""macd_signal"": 0.00000268, ""gap_at_entry"": 0.5447, ""z_score_tier"": ""extreme_low"", ""btc_trend_bias"": 0.111, ""momentum_score"": 0.0, ""momentum_state"": ""falling"", ""btc_linreg_bias"": 0.25, ""price_at_signal"": 0.01174, ""speed_percentile"": 0.0, ""staleness_minutes"": 1.09, ""price_acceleration"": 0.0042}"
15663,BTC,Hermes-continuum-osc+,LONG,-6.7007,-0.16,5,11.10,atr_sl_hit,NORMAL,72.97,153.83214286,84319.00000000,0.30182995528884354,1.4557810220709448,24254.818,closed,f,2026-09-24 02:47:27.635132,2026-09-24 09:31:42.452565,"{""rsi_14"": 76.51, ""z_score"": 1.3869, ""is_stale"": true, ""btc_score"": 56.5, ""macd_hist"": 2.67191361, ""btc_regime"": ""TRANSITIONING"", ""macd_value"": 76.47371233, ""wave_phase"": ""falling"", ""bb_position"": 0.8467, ""macd_signal"": 73.80179872, ""gap_at_entry"": 0.0333, ""z_score_tier"": ""high"", ""btc_trend_bias"": 0.034, ""momentum_score"": 10.4, ""momentum_state"": ""rising"", ""btc_linreg_bias"": 0.0, ""price_at_signal"": 84293.5, ""speed_percentile"": 25.5, ""staleness_minutes"": 1.18, ""price_acceleration"": -0.0042}"
15850,HBAR,Hermes-mtf-regime-trend+,LONG,-1.3529,0.00,5,11.10,hard_sl,HIGH,33.46,0.00043286,0.10575000,0.1560283687943248,0.9314420803782505,3097.1182,closed,f,2026-10-02 14:04:38.833382,2026-10-02 14:56:15.951547,"{""rsi_14"": 22.81, ""z_score"": -1.2487, ""is_stale"": false, ""btc_score"": 63.0, ""macd_hist"": -0.00006355, ""btc_regime"": ""TRANSITIONING"", ""macd_value"": -0.00012112, ""wave_phase"": ""falling"", ""bb_position"": 0.1878, ""macd_signal"": -0.00005757, ""gap_at_entry"": -0.2047, ""volume_spike"": 0.12, ""z_score_tier"": ""low"", ""btc_trend_bias"": 0.178, ""momentum_score"": 20.6, ""momentum_state"": ""flat"", ""btc_linreg_bias"": 0.375, ""price_at_signal"": 0.105895, ""final_confidence"": 99, ""speed_percentile"": 50.3, ""staleness_minutes"": 5.0, ""price_acceleration"": -0.0043}"
15849,SOL,Hermes-mtf-regime-trend+,LONG,-5.4739,-0.13,5,11.10,hard_max_loss,NORMAL,18.97,0.28571429,122.40000000,0.004084967320257722,0.9681372549019626,3470.9082,closed,f,2026-10-02 13:54:32.690396,2026-10-02 14:52:23.59856,"{""rsi_14"": 54.9, ""z_score"": -2.897, ""is_stale"": true, ""btc_score"": 91.2, ""macd_hist"": -0.06383886, ""btc_regime"": ""BULL_TREND"", ""macd_value"": 0.05431267, ""wave_phase"": ""accelerating"", ""bb_position"": -0.2242, ""macd_signal"": 0.11815153, ""gap_at_entry"": 0.6421, ""volume_spike"": 0.63, ""z_score_tier"": ""extreme_low"", ""btc_trend_bias"": 0.804, ""momentum_score"": 8.2, ""momentum_state"": ""falling"", ""btc_linreg_bias"": 0.375, ""price_at_signal"": 122.925, ""final_confidence"": 92.0, ""speed_percentile"": 20.1, ""staleness_minutes"": 1.12, ""price_acceleration"": 0.0066}"
15366,PONS,"Hermes-accel-300-breakout,trend_purity-",SHORT,-3.5757,-0.14,3,11.10,rr_engine_resistance,EXTREME,,,0.52186000,0.3966581075384203,1.2024297704365154,1764.5928,closed,f,2026-09-14 05:31:00.617377,2026-09-14 06:00:25.210189,"{""rsi_14"": 47.93, ""z_score"": -2.5125, ""is_stale"": false, ""btc_score"": 53.8, ""macd_hist"": -0.00193531, ""btc_regime"": ""RANGING_BULL"", ""macd_value"": -0.00281087, ""wave_phase"": ""falling"", ""bb_position"": -0.1281, ""macd_signal"": -0.00087555, ""z_score_tier"": ""extreme_low"", ""btc_trend_bias"": 0.0, ""momentum_score"": 40.4, ""momentum_state"": ""falling"", ""btc_linreg_bias"": 0.25, ""price_at_signal"": 0.526965, ""speed_percentile"": 95.7, ""price_acceleration"": -0.0097}"
15547,AVAX,Hermes-pump-chain+,LONG,45.7149,1.02,5,11.10,atr_sl_hit,EXTREME,94.35,0.05946429,9.77800000,10.498056862344038,0.29249335242380853,7437.953,closed,f,2026-09-19 22:41:39.81218,2026-09-20 00:45:37.765431,"{""rsi_14"": 72.85, ""z_score"": 1.6782, ""is_stale"": false, ""btc_score"": 31.5, ""macd_hist"": 0.0142773, ""btc_regime"": ""BEAR_TREND"", ""macd_value"": 0.02421393, ""wave_phase"": ""accelerating"", ""bb_position"": 0.9196, ""macd_signal"": 0.00993663, ""gap_at_entry"": 0.8226, ""z_score_tier"": ""high"", ""btc_trend_bias"": -0.299, ""momentum_score"": 21.7, ""momentum_state"": ""rising"", ""btc_linreg_bias"": -0.125, ""price_at_signal"": 9.7408, ""speed_percentile"": 51.6, ""staleness_minutes"": 4.84, ""price_acceleration"": 0.0023}"
15368,SOL,Hermes-rr-struct-v2+,LONG,10.2966,0.23,5,11.10,atr_sl_hit,NORMAL,,,101.49000000,3.246625283279141,0.7931815942457385,53395.57,closed,f,2026-09-14 06:26:31.604393,2026-09-14 21:16:27.175168,"{""rsi_14"": 42.67, ""z_score"": -0.8593, ""is_stale"": true, ""btc_score"": 75.6, ""macd_hist"": -0.03630781, ""btc_regime"": ""BULL_TREND"", ""macd_value"": 0.13179917, ""wave_phase"": ""accelerating"", ""bb_position"": 0.2852, ""macd_signal"": 0.16810697, ""z_score_tier"": ""neutral"", ""btc_trend_bias"": 0.457, ""momentum_score"": 8.1, ""momentum_state"": ""flat"", ""btc_linreg_bias"": 0.25, ""price_at_signal"": 101.515, ""speed_percentile"": 19.9, ""price_acceleration"": 0.0015}"
15364,NEO,Hermes-pullback-entry-,SHORT,-6.6375,-0.22,5,16.60,rr_engine_resistance,HIGH,,,2.28020000,0.3596175774054908,1.3419875449521972,4725.9585,closed,f,2026-09-14 05:07:48.577273,2026-09-14 06:26:34.535685,"{""rsi_14"": 29.17, ""z_score"": 0.0081, ""is_stale"": false, ""btc_score"": 74.3, ""macd_hist"": 0.00032254, ""btc_regime"": ""BULL_TREND"", ""macd_value"": 0.00170119, ""wave_phase"": ""falling"", ""bb_position"": 0.502, ""macd_signal"": 0.00137865, ""z_score_tier"": ""neutral"", ""btc_trend_bias"": 0.429, ""momentum_score"": 20.8, ""momentum_state"": ""flat"", ""btc_linreg_bias"": 0.125, ""price_at_signal"": 2.2797, ""speed_percentile"": 50.9, ""price_acceleration"": -0.0065}"
15853,BTC,Hermes-continuum+,LONG,-4.7248,-0.21,5,22.10,hard_max_loss,NORMAL,44.56,194.64285714,85401.00000000,0.0778679406564326,0.9701291553963068,7581.3257,closed,f,2026-10-02 15:37:43.850009,2026-10-02 17:44:05.175794,"{""rsi_14"": 43.56, ""z_score"": -1.1628, ""is_stale"": false, ""btc_score"": 0.8, ""macd_hist"": 7.90788686, ""btc_regime"": ""BEAR_TREND"", ""macd_value"": -26.86904282, ""wave_phase"": ""decelerating"", ""bb_position"": 0.2093, ""macd_signal"": -34.77692969, ""gap_at_entry"": -0.9169, ""volume_spike"": 0.27, ""z_score_tier"": ""low"", ""btc_trend_bias"": -0.983, ""momentum_score"": 2.8, ""momentum_state"": ""falling"", ""btc_linreg_bias"": -1.0, ""price_at_signal"": 85401.5, ""final_confidence"": 99, ""speed_percentile"": 6.9, ""staleness_minutes"": 2.22, ""price_acceleration"": -0.0079}"
15854,COMP,Hermes-pump-chain-v5,LONG,-5.3349,-0.24,5,22.10,hard_max_loss,NORMAL,41.00,0.05585714,24.67730000,0.4202242546794014,1.0669724807819227,2993.479,closed,f,2026-10-02 17:33:40.372747,2026-10-02 18:23:33.851781,"{""rsi_14"": 61.1, ""z_score"": -0.0633, ""is_stale"": true, ""btc_score"": 0.9, ""macd_hist"": 0.00361457, ""btc_regime"": ""BEAR_TREND"", ""macd_value"": 0.01638675, ""wave_phase"": ""falling"", ""bb_position"": 0.4842, ""macd_signal"": 0.01277218, ""gap_at_entry"": 0.2291, ""volume_spike"": 0.09, ""z_score_tier"": ""neutral"", ""btc_trend_bias"": -0.98, ""momentum_score"": 2.6, ""momentum_state"": ""flat"", ""btc_linreg_bias"": -0.375, ""price_at_signal"": 24.722, ""final_confidence"": 99, ""speed_percentile"": 6.3, ""staleness_minutes"": 3.34, ""price_acceleration"": -0.0027}"
15407,MET,Hermes-pullback-entry-,SHORT,-1.0839,-0.12,3,11.10,hard_sl,EXTREME,,,0.20390000,0.9686120647376186,0.6400196174595393,,closed,f,2026-09-15 09:51:38.402049,2026-09-15 12:25:07.49567,"{""rsi_14"": 46.67, ""z_score"": 0.2362, ""is_stale"": true, ""btc_score"": 44.1, ""macd_hist"": 0.00004688, ""btc_regime"": ""RANGING"", ""macd_value"": -0.00030036, ""wave_phase"": ""falling"", ""bb_position"": 0.5591, ""macd_signal"": -0.00034724, ""z_score_tier"": ""neutral"", ""btc_trend_bias"": -0.019, ""momentum_score"": 13.2, ""momentum_state"": ""rising"", ""btc_linreg_bias"": 0.0, ""price_at_signal"": 0.2039, ""speed_percentile"": 32.3, ""price_acceleration"": -0.0025}"
15855,ACE,Hermes-bb-squeeze+,LONG,-1.2313,-0.27,3,22.10,hard_sl,HIGH,65.79,0.00042143,0.18680000,0.10706638115631997,0.8029978586723776,341.24197,closed,f,2026-10-02 18:34:50.120408,2026-10-02 18:40:31.362381,"{""rsi_14"": 50.0, ""z_score"": 1.8851, ""is_stale"": false, ""btc_score"": 5.1, ""macd_hist"": 0.00007389, ""btc_regime"": ""TRANSITIONING"", ""macd_value"": 0.0002553, ""wave_phase"": ""falling"", ""bb_position"": 0.9713, ""macd_signal"": 0.00018141, ""gap_at_entry"": 0.1956, ""volume_spike"": 0.1, ""z_score_tier"": ""high"", ""btc_trend_bias"": -0.887, ""momentum_score"": 18.5, ""momentum_state"": ""rising"", ""btc_linreg_bias"": -0.25, ""price_at_signal"": 0.1877, ""final_confidence"": 89.0, ""speed_percentile"": 44.9, ""staleness_minutes"": 2.92, ""price_acceleration"": -0.0057}"
15859,LDO,Hermes-pump-chain+,LONG,9.4661,0.38,5,22.10,pump_exit_dead_money,EXTREME,64.48,0.00107857,0.43999000,2.0477738130412098,0.018182231414355893,7306.932,closed,f,2026-10-03 00:20:37.78405,2026-10-03 02:22:24.715943,"{""rsi_14"": 59.64, ""z_score"": 2.0127, ""is_stale"": false, ""btc_score"": 38.6, ""macd_hist"": 0.0000381, ""btc_regime"": ""RANGING"", ""macd_value"": 0.00046158, ""wave_phase"": ""bottoming"", ""bb_position"": 1.0032, ""macd_signal"": 0.00042348, ""gap_at_entry"": 1.0714, ""volume_spike"": 0.04, ""z_score_tier"": ""extreme_high"", ""btc_trend_bias"": -0.142, ""momentum_score"": 25.7, ""momentum_state"": ""rising"", ""btc_linreg_bias"": 0.125, ""price_at_signal"": 0.44036, ""final_confidence"": 99, ""speed_percentile"": 62.7, ""staleness_minutes"": 5.12, ""price_acceleration"": 0.0038}"
15594,INJ,Hermes-pump-chain+,LONG,-6.4128,-0.29,5,22.10,atr_sl_hit,EXTREME,61.51,0.03790714,7.87490000,0.15682738828429568,1.3816048457758194,1305.7648,closed,f,2026-09-21 16:55:33.210121,2026-09-21 17:17:18.974945,"{""rsi_14"": 59.35, ""z_score"": 1.7275, ""is_stale"": false, ""btc_score"": 72.7, ""macd_hist"": 0.00066728, ""btc_regime"": ""RANGING"", ""macd_value"": 0.00908626, ""wave_phase"": ""bottoming"", ""bb_position"": 0.9319, ""macd_signal"": 0.00841898, ""gap_at_entry"": 0.9439, ""z_score_tier"": ""high"", ""btc_trend_bias"": 0.394, ""momentum_score"": 10.3, ""momentum_state"": ""rising"", ""btc_linreg_bias"": 0.0, ""price_at_signal"": 7.89655, ""speed_percentile"": 24.8, ""staleness_minutes"": 0.25, ""price_acceleration"": 0.0103}"
15860,ACE,Hermes-bb-squeeze+,LONG,-3.3193,-0.01,3,22.10,hard_max_loss,HIGH,70.59,0.00035000,0.18980000,0.3161222339304622,0.9483667017913573,4908.263,closed,f,2026-10-03 01:06:40.056467,2026-10-03 02:28:28.319893,"{""rsi_14"": 36.36, ""z_score"": 2.8028, ""is_stale"": true, ""btc_score"": 92.8, ""macd_hist"": 0.00017683, ""btc_regime"": ""BULL_TREND"", ""macd_value"": 0.00021775, ""wave_phase"": ""accelerating"", ""bb_position"": 1.2007, ""macd_signal"": 0.00004092, ""gap_at_entry"": 1.4679, ""volume_spike"": 0.02, ""z_score_tier"": ""extreme_high"", ""btc_trend_bias"": 0.84, ""momentum_score"": 2.6, ""momentum_state"": ""rising"", ""btc_linreg_bias"": 0.375, ""price_at_signal"": 0.1901, ""final_confidence"": 90.0, ""speed_percentile"": 6.3, ""staleness_minutes"": 1.9, ""price_acceleration"": 0.0011}"
15856,GMT,Hermes-pump-chain-v5,LONG,4.2902,0.16,3,11.10,pump_exit_dead_money,EXTREME,72.92,0.00002236,0.00853100,2.1216738952057073,0.046887820888530427,7248.049,closed,f,2026-10-02 23:05:54.458292,2026-10-03 01:06:42.507144,"{""rsi_14"": 62.86, ""z_score"": 0.6772, ""is_stale"": false, ""btc_score"": 54.6, ""macd_hist"": -0.00000176, ""btc_regime"": ""RANGING_BULL"", ""macd_value"": 0.00001582, ""wave_phase"": ""falling"", ""bb_position"": 0.6693, ""macd_signal"": 0.00001758, ""gap_at_entry"": -0.5734, ""volume_spike"": 0.03, ""z_score_tier"": ""neutral"", ""btc_trend_bias"": 0.0, ""momentum_score"": 19.1, ""momentum_state"": ""falling"", ""btc_linreg_bias"": 0.125, ""price_at_signal"": 0.008505, ""final_confidence"": 99, ""speed_percentile"": 45.6, ""staleness_minutes"": 1.55, ""price_acceleration"": -0.0077}"
15858,ME,Hermes-pump-chain+,LONG,11.9684,0.88,3,22.10,atr_trail_hit,EXTREME,88.24,0.00013857,0.07595000,5.411454904542466,0.10533245556286601,13443.943,closed,f,2026-10-02 23:10:29.851289,2026-10-03 02:54:33.794731,"{""rsi_14"": 64.71, ""z_score"": 2.35, ""is_stale"": false, ""btc_score"": 62.5, ""macd_hist"": -0.00001558, ""btc_regime"": ""RANGING_BULL"", ""macd_value"": 0.00011272, ""wave_phase"": ""falling"", ""bb_position"": 1.0875, ""macd_signal"": 0.0001283, ""gap_at_entry"": 0.2511, ""volume_spike"": 0.45, ""z_score_tier"": ""extreme_high"", ""btc_trend_bias"": 0.167, ""momentum_score"": 21.1, ""momentum_state"": ""rising"", ""btc_linreg_bias"": 0.125, ""price_at_signal"": 0.07587, ""final_confidence"": 99, ""speed_percentile"": 50.6, ""staleness_minutes"": 4.2, ""price_acceleration"": -0.0029}"
15862,ALGO,Hermes-pump-chain-,SHORT,1.8517,0.04,5,11.10,atr_trail_hit,EXTREME,37.09,0.00039036,0.12691000,1.5444015444015362,0.46883618312190706,7385.8657,closed,f,2026-10-03 03:07:28.796996,2026-10-03 05:10:34.662907,"{""rsi_14"": 43.23, ""z_score"": -1.5746, ""is_stale"": false, ""btc_score"": 26.2, ""macd_hist"": -0.00002909, ""btc_regime"": ""RANGING"", ""macd_value"": -0.00014355, ""wave_phase"": ""decelerating"", ""bb_position"": 0.1063, ""macd_signal"": -0.00011447, ""gap_at_entry"": -0.5412, ""volume_spike"": 0.17, ""z_score_tier"": ""low"", ""btc_trend_bias"": -0.418, ""momentum_score"": 1.5, ""momentum_state"": ""falling"", ""btc_linreg_bias"": 0.125, ""price_at_signal"": 0.12694, ""final_confidence"": 99, ""speed_percentile"": 3.8, ""staleness_minutes"": 1.24, ""price_acceleration"": -0.005}"
15535,ACE,Hermes-doji-bottom-long,LONG,4.8418,0.30,3,18.80,atr_sl_hit,HIGH,54.55,0.00034286,0.15490000,3.034215622982569,1.2911555842479019,39944.24,closed,f,2026-09-19 14:06:45.27919,2026-09-20 01:12:29.517936,"{""rsi_14"": 50.0, ""z_score"": 0.0627, ""is_stale"": true, ""btc_score"": 72.4, ""macd_hist"": 0.0000289, ""btc_regime"": ""TRANSITIONING"", ""macd_value"": -0.00018578, ""wave_phase"": ""falling"", ""bb_position"": 0.5157, ""macd_signal"": -0.00021468, ""gap_at_entry"": -0.492, ""z_score_tier"": ""neutral"", ""btc_trend_bias"": 0.387, ""momentum_score"": 6.3, ""momentum_state"": ""rising"", ""btc_linreg_bias"": 0.0, ""price_at_signal"": 0.1546, ""speed_percentile"": 15.5, ""staleness_minutes"": 4.98, ""price_acceleration"": -0.0026}"
15600,AIXBT,Hermes-pump-chain+,LONG,-0.5450,-0.04,3,22.10,atr_sl_hit,EXTREME,78.10,0.00005871,0.02277700,1.3302893269526277,0.8341748254818457,6466.0034,closed,f,2026-09-21 23:11:36.205918,2026-09-22 00:59:22.209207,"{""rsi_14"": 48.15, ""z_score"": 1.6751, ""is_stale"": false, ""btc_score"": 72.2, ""macd_hist"": 0.00002293, ""btc_regime"": ""TRANSITIONING"", ""macd_value"": 0.00007202, ""wave_phase"": ""accelerating"", ""bb_position"": 0.9188, ""macd_signal"": 0.00004909, ""gap_at_entry"": 1.5393, ""z_score_tier"": ""high"", ""btc_trend_bias"": 0.381, ""momentum_score"": 28.9, ""momentum_state"": ""rising"", ""btc_linreg_bias"": -0.25, ""price_at_signal"": 0.02278, ""speed_percentile"": 69.6, ""staleness_minutes"": 1.07, ""price_acceleration"": 0.0131}"
15863,ARB,Hermes-pump-chain-,SHORT,0.2781,0.01,5,11.10,atr_trail_hit,EXTREME,31.88,0.00046000,0.19778000,1.2336940034381623,0.07584184447364924,8957.069,closed,f,2026-10-03 03:09:31.176203,2026-10-03 05:38:48.245974,"{""rsi_14"": 40.41, ""z_score"": -2.2798, ""is_stale"": true, ""btc_score"": 18.5, ""macd_hist"": -0.00003865, ""btc_regime"": ""RANGING"", ""macd_value"": -0.00019935, ""wave_phase"": ""accelerating"", ""bb_position"": -0.07, ""macd_signal"": -0.0001607, ""gap_at_entry"": 0.4575, ""volume_spike"": 0.36, ""z_score_tier"": ""extreme_low"", ""btc_trend_bias"": -0.589, ""momentum_score"": 7.8, ""momentum_state"": ""falling"", ""btc_linreg_bias"": 0.125, ""price_at_signal"": 0.19767, ""final_confidence"": 99, ""speed_percentile"": 19.0, ""staleness_minutes"": 1.15, ""price_acceleration"": 0.0065}"
15636,ONDO,Hermes-bb-bounce-v2-long+,LONG,-1.7212,-0.04,5,11.10,profit-monster-trail,HIGH,44.79,0.00157786,0.43865000,0.30776245298073635,0.15502108742733386,,closed,f,2026-09-23 07:18:32.450982,2026-09-23 07:34:31.998974,"{""rsi_14"": 77.5, ""z_score"": -0.8866, ""is_stale"": true, ""btc_score"": 29.9, ""macd_hist"": 0.00001753, ""btc_regime"": ""BEAR_TREND"", ""macd_value"": -0.00082979, ""wave_phase"": ""accelerating"", ""bb_position"": 0.2784, ""macd_signal"": -0.00084732, ""gap_at_entry"": -0.6511, ""z_score_tier"": ""neutral"", ""btc_trend_bias"": -0.336, ""momentum_score"": 13.7, ""momentum_state"": ""flat"", ""btc_linreg_bias"": -0.25, ""price_at_signal"": 0.43815, ""speed_percentile"": 33.5, ""staleness_minutes"": 1.99, ""price_acceleration"": 0.0038}"
15637,HYPER,Hermes-bb-bounce-v2-long+,LONG,-0.0683,0.00,3,11.10,profit-monster-trail,HIGH,43.97,0.00025543,0.07901600,0.5226789510985117,0.8491950997266376,,closed,f,2026-09-23 08:01:10.20553,2026-09-23 08:33:51.356305,"{""rsi_14"": 77.78, ""z_score"": -0.1718, ""is_stale"": true, ""btc_score"": 0.8, ""macd_hist"": 0.00001358, ""btc_regime"": ""BEAR_TREND"", ""macd_value"": -0.00012935, ""wave_phase"": ""accelerating"", ""bb_position"": 0.457, ""macd_signal"": -0.00014293, ""gap_at_entry"": 0.1468, ""z_score_tier"": ""neutral"", ""btc_trend_bias"": -0.983, ""momentum_score"": 0.5, ""momentum_state"": ""rising"", ""btc_linreg_bias"": -0.375, ""price_at_signal"": 0.079048, ""speed_percentile"": 1.2, ""staleness_minutes"": 0.81, ""price_acceleration"": 0.0003}"
15864,ACE,Hermes-pump-chain+,LONG,-3.6088,-0.27,3,22.10,hard_max_loss,EXTREME,73.68,0.00090000,0.19120000,0.05230125523011976,1.1506276150627655,835.6197,closed,f,2026-10-03 03:23:30.300813,2026-10-03 03:37:25.92053,"{""rsi_14"": 62.86, ""z_score"": 1.6514, ""is_stale"": false, ""btc_score"": 25.8, ""macd_hist"": 0.00010723, ""btc_regime"": ""RANGING"", ""macd_value"": 0.00090393, ""wave_phase"": ""falling"", ""bb_position"": 0.9129, ""macd_signal"": 0.00079669, ""gap_at_entry"": 1.499, ""volume_spike"": 0.34, ""z_score_tier"": ""high"", ""btc_trend_bias"": -0.427, ""momentum_score"": 19.7, ""momentum_state"": ""rising"", ""btc_linreg_bias"": 0.0, ""price_at_signal"": 0.1911, ""final_confidence"": 99, ""speed_percentile"": 48.1, ""staleness_minutes"": 1.17, ""price_acceleration"": -0.0095}"
15865,DYDX,Hermes-pump-chain-,SHORT,20.0220,0.45,5,11.10,atr_trail_hit,EXTREME,39.12,0.00121500,0.15433000,5.164258407309016,0.1101535670316876,19963.977,closed,f,2026-10-03 04:35:49.337868,2026-10-03 10:08:33.315044,"{""rsi_14"": 45.13, ""z_score"": -2.924, ""is_stale"": false, ""btc_score"": 23.5, ""macd_hist"": -0.0002762, ""btc_regime"": ""RANGING"", ""macd_value"": -0.00060682, ""wave_phase"": ""bottoming"", ""bb_position"": -0.231, ""macd_signal"": -0.00033063, ""gap_at_entry"": 1.6887, ""volume_spike"": 0.05, ""z_score_tier"": ""extreme_low"", ""btc_trend_bias"": -0.477, ""momentum_score"": 41.2, ""momentum_state"": ""falling"", ""btc_linreg_bias"": 0.125, ""price_at_signal"": 0.15435, ""final_confidence"": 99, ""speed_percentile"": 96.2, ""staleness_minutes"": 5.25, ""price_acceleration"": 0.003}"
15866,JUP,Hermes-pump-chain+,LONG,-1.5486,-0.07,5,22.10,pump_exit_dead_money,EXTREME,36.24,0.00055571,0.31455000,0.33381020505483877,0.17326339214751796,7200.1313,closed,f,2026-10-03 05:42:42.872196,2026-10-03 07:42:43.003688,"{""rsi_14"": 63.24, ""z_score"": 0.0324, ""is_stale"": false, ""btc_score"": 47.0, ""macd_hist"": -0.00004971, ""btc_regime"": ""RANGING_BEAR"", ""macd_value"": 0.00023679, ""wave_phase"": ""accelerating"", ""bb_position"": 0.5081, ""macd_signal"": 0.00028651, ""gap_at_entry"": -0.2326, ""volume_spike"": 0.81, ""z_score_tier"": ""neutral"", ""btc_trend_bias"": 0.0, ""momentum_score"": 33.9, ""momentum_state"": ""flat"", ""btc_linreg_bias"": -0.125, ""price_at_signal"": 0.31494, ""final_confidence"": 97.0, ""speed_percentile"": 81.6, ""staleness_minutes"": 1.17, ""price_acceleration"": 0.0125}"
15861,APT,Hermes-pump-chain-,SHORT,-4.7937,-0.21,5,22.10,hard_max_loss,EXTREME,35.78,0.00180714,0.79270000,0.7569067743156309,0.9839788066103229,14029.402,closed,f,2026-10-03 02:10:55.094555,2026-10-03 06:04:44.497106,"{""rsi_14"": 41.46, ""z_score"": -3.4833, ""is_stale"": false, ""btc_score"": 35.1, ""macd_hist"": -0.00046101, ""btc_regime"": ""RANGING"", ""macd_value"": -0.00089735, ""wave_phase"": ""accelerating"", ""bb_position"": -0.3708, ""macd_signal"": -0.00043634, ""gap_at_entry"": 0.1336, ""volume_spike"": 1.0, ""z_score_tier"": ""extreme_low"", ""btc_trend_bias"": -0.22, ""momentum_score"": 21.2, ""momentum_state"": ""falling"", ""btc_linreg_bias"": 0.125, ""price_at_signal"": 0.7971, ""final_confidence"": 99, ""speed_percentile"": 51.9, ""staleness_minutes"": 2.35, ""price_acceleration"": 0.0056}"
15607,HBAR,Hermes-pump-chain-,SHORT,-7.1830,-0.16,5,11.10,atr_sl_hit,EXTREME,33.90,0.00048750,0.09174400,0.1471485873735612,1.4409661667247995,1134.7094,closed,f,2026-09-22 03:15:37.066477,2026-09-22 03:34:31.775868,"{""rsi_14"": 35.75, ""z_score"": -2.8548, ""is_stale"": false, ""btc_score"": 12.0, ""macd_hist"": -0.00007749, ""btc_regime"": ""RANGING"", ""macd_value"": -0.00026332, ""wave_phase"": ""accelerating"", ""bb_position"": -0.2137, ""macd_signal"": -0.00018583, ""gap_at_entry"": -1.139, ""z_score_tier"": ""extreme_low"", ""btc_trend_bias"": -0.733, ""momentum_score"": 25.6, ""momentum_state"": ""falling"", ""btc_linreg_bias"": 0.25, ""price_at_signal"": 0.091347, ""speed_percentile"": 61.5, ""staleness_minutes"": 3.33, ""price_acceleration"": 0.009}"
15867,INJ,Hermes-pump-chain+,LONG,-4.8383,-0.22,5,22.10,hard_max_loss,EXTREME,60.80,0.03013214,7.79200000,0.10587782340862825,0.9946098562628297,1147.3268,closed,f,2026-10-03 05:50:53.336127,2026-10-03 06:10:00.662901,"{""rsi_14"": 52.45, ""z_score"": 1.0388, ""is_stale"": false, ""btc_score"": 47.2, ""macd_hist"": -0.00171178, ""btc_regime"": ""RANGING"", ""macd_value"": 0.01947296, ""wave_phase"": ""accelerating"", ""bb_position"": 0.7597, ""macd_signal"": 0.02118474, ""gap_at_entry"": 1.9783, ""volume_spike"": 0.22, ""z_score_tier"": ""high"", ""btc_trend_bias"": 0.0, ""momentum_score"": 25.9, ""momentum_state"": ""flat"", ""btc_linreg_bias"": 0.0, ""price_at_signal"": 7.8031, ""final_confidence"": 99, ""speed_percentile"": 62.7, ""staleness_minutes"": 1.16, ""price_acceleration"": 0.0229}"
15604,ZEN,"Hermes-accel-300-,rs-r79",SHORT,8.9153,0.20,5,11.10,profit-monster-trail,EXTREME,51.54,0.05460000,7.71150000,2.07352655125462,0.6769111067885626,,closed,f,2026-09-22 02:18:36.617854,2026-09-22 03:16:10.071661,"{""rsi_14"": 46.86, ""z_score"": 0.2107, ""is_stale"": false, ""btc_score"": 11.0, ""macd_hist"": 0.00289381, ""btc_regime"": ""BEAR_TREND"", ""macd_value"": -0.01980861, ""wave_phase"": ""accelerating"", ""bb_position"": 0.5527, ""macd_signal"": -0.02270243, ""gap_at_entry"": -0.3262, ""z_score_tier"": ""neutral"", ""btc_trend_bias"": -0.756, ""momentum_score"": 23.7, ""momentum_state"": ""rising"", ""btc_linreg_bias"": -0.375, ""price_at_signal"": 7.7384, ""speed_percentile"": 55.9, ""staleness_minutes"": 2.14, ""price_acceleration"": 0.0153}"
15868,CRV,Hermes-pump-chain-,SHORT,-4.9085,-0.11,5,11.10,hard_max_loss,EXTREME,42.38,0.00088286,0.37690000,0.29450782700981687,0.7402494030246789,5021.6606,closed,f,2026-10-03 08:41:54.090032,2026-10-03 10:05:35.750652,"{""rsi_14"": 50.93, ""z_score"": -2.1469, ""is_stale"": true, ""btc_score"": 30.8, ""macd_hist"": -0.00020746, ""btc_regime"": ""BEAR_TREND"", ""macd_value"": -0.00002341, ""wave_phase"": ""accelerating"", ""bb_position"": -0.0367, ""macd_signal"": 0.00018406, ""gap_at_entry"": 0.367, ""volume_spike"": 0.04, ""z_score_tier"": ""extreme_low"", ""btc_trend_bias"": -0.316, ""momentum_score"": 3.1, ""momentum_state"": ""falling"", ""btc_linreg_bias"": -0.125, ""price_at_signal"": 0.376, ""final_confidence"": 99, ""speed_percentile"": 7.6, ""staleness_minutes"": 5.59, ""price_acceleration"": 0.002}"
15701,ALT,Hermes-rs-s111,LONG,-3.2797,-0.12,3,11.10,hard_max_loss,NORMAL,60.28,0.00003143,0.00795800,0.10052777079669593,1.1058054787635025,2992.3516,closed,f,2026-09-28 00:56:23.905041,2026-09-28 01:46:16.256522,"{""rsi_14"": 21.43, ""z_score"": 0.6018, ""is_stale"": false, ""btc_score"": 36.3, ""macd_hist"": 0.00000318, ""btc_regime"": ""RANGING_BEAR"", ""macd_value"": -0.00000832, ""wave_phase"": ""falling"", ""bb_position"": 0.6505, ""macd_signal"": -0.0000115, ""gap_at_entry"": 0.2892, ""volume_spike"": 0.59, ""z_score_tier"": ""neutral"", ""btc_trend_bias"": -0.193, ""momentum_score"": 21.0, ""momentum_state"": ""falling"", ""btc_linreg_bias"": -0.25, ""price_at_signal"": 0.007995, ""final_confidence"": 99, ""speed_percentile"": 51.6, ""staleness_minutes"": 2.06, ""price_acceleration"": -0.0001}"
15702,GOAT,"Hermes-rs-r66,rs-r74",SHORT,-0.9238,-0.03,3,11.10,profit-monster-trail,NORMAL,40.31,0.00007350,0.01948400,0.5953602956271813,0.5953602956271813,,closed,f,2026-09-28 01:01:26.198249,2026-09-28 01:21:47.039225,"{""rsi_14"": 53.88, ""z_score"": -0.616, ""is_stale"": true, ""btc_score"": 8.1, ""macd_hist"": -0.00000299, ""btc_regime"": ""BEAR_TREND"", ""macd_value"": 0.0000013, ""wave_phase"": ""falling"", ""bb_position"": 0.346, ""macd_signal"": 0.00000429, ""gap_at_entry"": -0.2309, ""volume_spike"": 5.11, ""z_score_tier"": ""neutral"", ""btc_trend_bias"": -0.821, ""momentum_score"": 4.9, ""momentum_state"": ""falling"", ""btc_linreg_bias"": -0.25, ""price_at_signal"": 0.019563, ""final_confidence"": 99, ""speed_percentile"": 11.8, ""staleness_minutes"": 4.07, ""price_acceleration"": -0.0039}"
15871,STX,"Hermes-bb-squeeze+,rs-s102,rs-s114",LONG,-5.0211,-0.11,5,11.10,hard_max_loss,HIGH,72.14,0.00090071,0.37243000,-0.01342534167494415,0.7679295438068828,172.12218,closed,f,2026-10-03 12:36:41.740548,2026-10-03 12:39:33.862728,"{""rsi_14"": 75.47, ""z_score"": 1.494, ""is_stale"": true, ""btc_score"": 94.6, ""macd_hist"": 0.00028761, ""btc_regime"": ""BULL_TREND"", ""macd_value"": 0.00129319, ""wave_phase"": ""accelerating"", ""bb_position"": 0.8735, ""macd_signal"": 0.00100558, ""gap_at_entry"": 0.4466, ""volume_spike"": 1.0, ""z_score_tier"": ""high"", ""btc_trend_bias"": 0.88, ""momentum_score"": 18.0, ""momentum_state"": ""rising"", ""btc_linreg_bias"": 0.375, ""price_at_signal"": 0.37174, ""final_confidence"": 91.5, ""speed_percentile"": 44.3, ""staleness_minutes"": 5.98, ""price_acceleration"": 0.0008}"
15549,IMX,Hermes-pump-chain+,LONG,-7.5017,-0.33,5,22.10,atr_sl_hit,EXTREME,51.59,0.00053571,0.14330000,1.060711793440335,1.4375436147941383,6469.4106,closed,f,2026-09-19 23:27:38.906877,2026-09-20 01:15:28.31734,"{""rsi_14"": 70.0, ""z_score"": 2.0914, ""is_stale"": false, ""btc_score"": 48.5, ""macd_hist"": 0.00002153, ""btc_regime"": ""RANGING"", ""macd_value"": 0.00013717, ""wave_phase"": ""accelerating"", ""bb_position"": 1.0229, ""macd_signal"": 0.00011564, ""gap_at_entry"": 0.7723, ""z_score_tier"": ""extreme_high"", ""btc_trend_bias"": 0.0, ""momentum_score"": 23.8, ""momentum_state"": ""rising"", ""btc_linreg_bias"": 0.25, ""price_at_signal"": 0.14364, ""speed_percentile"": 57.8, ""staleness_minutes"": 1.26, ""price_acceleration"": 0.0104}"
15675,AZTEC,Hermes-pump-chain-,SHORT,0.8539,0.03,3,11.10,atr_sl_hit,NORMAL,28.19,0.00004136,0.01545800,1.520248415060163,0.10350627506792599,7115.838,closed,f,2026-09-24 08:45:49.333677,2026-09-24 10:44:25.171574,"{""rsi_14"": 51.13, ""z_score"": -1.3363, ""is_stale"": false, ""btc_score"": 12.8, ""macd_hist"": -0.00000774, ""btc_regime"": ""BEAR_TREND"", ""macd_value"": -0.00006214, ""wave_phase"": ""falling"", ""bb_position"": 0.1659, ""macd_signal"": -0.0000544, ""gap_at_entry"": -0.793, ""z_score_tier"": ""low"", ""btc_trend_bias"": -0.716, ""momentum_score"": 33.6, ""momentum_state"": ""flat"", ""btc_linreg_bias"": -0.25, ""price_at_signal"": 0.01547, ""speed_percentile"": 81.4, ""staleness_minutes"": 3.56, ""price_acceleration"": -0.0121}"
15369,XPL,Hermes-breakout-long+,LONG,11.2651,0.25,5,11.10,atr_sl_hit,HIGH,,,0.08029200,3.6441986748368453,0.07348179146116673,21551.035,closed,f,2026-09-14 06:53:12.68658,2026-09-14 12:52:23.721159,"{""rsi_14"": 46.6, ""z_score"": 1.8659, ""is_stale"": false, ""btc_score"": 91.3, ""macd_hist"": 0.00003687, ""btc_regime"": ""TRANSITIONING"", ""macd_value"": 0.00005115, ""wave_phase"": ""accelerating"", ""bb_position"": 0.9665, ""macd_signal"": 0.00001428, ""z_score_tier"": ""high"", ""btc_trend_bias"": 0.806, ""momentum_score"": 37.1, ""momentum_state"": ""rising"", ""btc_linreg_bias"": 0.25, ""price_at_signal"": 0.080149, ""speed_percentile"": 90.7, ""price_acceleration"": 0.0107}"
15677,ALGO,Hermes-pump-chain-,SHORT,-7.5468,-0.17,5,11.10,atr_sl_hit,HIGH,34.63,0.00050000,0.10468000,0,1.4424914023691249,1286.9377,closed,f,2026-09-24 10:39:01.718554,2026-09-24 11:00:28.656272,"{""rsi_14"": 37.5, ""z_score"": -1.668, ""is_stale"": true, ""btc_score"": 12.3, ""macd_hist"": -0.00005138, ""btc_regime"": ""BEAR_TREND"", ""macd_value"": -0.00009724, ""wave_phase"": ""neutral"", ""bb_position"": 0.083, ""macd_signal"": -0.00004586, ""gap_at_entry"": -0.4754, ""z_score_tier"": ""low"", ""btc_trend_bias"": -0.727, ""momentum_score"": 0.5, ""momentum_state"": ""falling"", ""btc_linreg_bias"": -0.25, ""price_at_signal"": 0.10464, ""speed_percentile"": 1.2, ""staleness_minutes"": 0.78, ""price_acceleration"": 0.0}"
15704,BTC,Hermes-continuum+,LONG,0.0012,0.00,5,11.10,HL_CLOSED,FLAT,62.44,104.39285714,83142.00000000,0.010223473094224339,0.010223473094224339,72.06435,closed,f,2026-09-28 05:58:12.91559,2026-09-28 05:59:24.979936,"{""rsi_14"": 62.96, ""z_score"": 0.6317, ""is_stale"": true, ""btc_score"": 0.4, ""macd_hist"": 26.35414788, ""btc_regime"": ""TRANSITIONING"", ""macd_value"": 16.6916211, ""wave_phase"": ""decelerating"", ""bb_position"": 0.6579, ""macd_signal"": -9.66252678, ""gap_at_entry"": -0.5024, ""volume_spike"": 0.04, ""z_score_tier"": ""neutral"", ""btc_trend_bias"": -0.991, ""momentum_score"": 2.3, ""momentum_state"": ""flat"", ""btc_linreg_bias"": -1.0, ""price_at_signal"": 83075.5, ""final_confidence"": 99, ""speed_percentile"": 5.6, ""staleness_minutes"": 1.21, ""price_acceleration"": -0.0038}"
15834,HYPER,Hermes-bb-bounce-v3-long+,LONG,1.0509,0.04,3,11.10,profit-monster-trail,NORMAL,52.94,0.00010829,0.07307700,0.5719993978953707,0.2846312793354954,,closed,f,2026-10-02 10:55:29.348626,2026-10-02 12:42:28.749574,"{""rsi_14"": 39.6, ""z_score"": -1.1144, ""is_stale"": true, ""btc_score"": 35.3, ""macd_hist"": 0.00002014, ""btc_regime"": ""TRANSITIONING"", ""macd_value"": 0.00001379, ""wave_phase"": ""falling"", ""bb_position"": 0.2214, ""macd_signal"": -0.00000635, ""gap_at_entry"": -0.0466, ""volume_spike"": 0.18, ""z_score_tier"": ""low"", ""btc_trend_bias"": -0.215, ""momentum_score"": 12.4, ""momentum_state"": ""flat"", ""btc_linreg_bias"": 0.25, ""price_at_signal"": 0.072863, ""final_confidence"": 99, ""speed_percentile"": 30.2, ""staleness_minutes"": 1.01, ""price_acceleration"": -0.0064}"
15371,DOT,Hermes-pullback-entry-,SHORT,0.5391,0.01,5,11.10,atr_sl_hit,HIGH,,,1.02020000,1.4016859439325622,0.19603999215840032,8928.321,closed,f,2026-09-14 07:23:31.924689,2026-09-14 09:52:20.246111,"{""rsi_14"": 53.85, ""z_score"": 1.4183, ""is_stale"": false, ""btc_score"": 82.9, ""macd_hist"": 0.00017792, ""btc_regime"": ""BULL_TREND"", ""macd_value"": 0.00029276, ""wave_phase"": ""falling"", ""bb_position"": 0.8546, ""macd_signal"": 0.00011484, ""z_score_tier"": ""high"", ""btc_trend_bias"": 0.621, ""momentum_score"": 36.7, ""momentum_state"": ""rising"", ""btc_linreg_bias"": 0.25, ""price_at_signal"": 1.0196, ""speed_percentile"": 88.2, ""price_acceleration"": -0.0157}"
15897,NEAR,Hermes-bb-squeeze+,LONG,1.1665,0.05,5,22.10,profit-monster-trail,HIGH,76.24,0.01025357,4.84370000,0.7855564960670561,0.13935627722608748,,closed,f,2026-10-04 05:30:55.626038,2026-10-04 05:45:50.804343,"{""rsi_14"": 43.36, ""z_score"": 2.3042, ""is_stale"": true, ""btc_score"": 56.5, ""macd_hist"": 0.00119845, ""btc_regime"": ""RANGING_BULL"", ""macd_value"": 0.00325576, ""wave_phase"": ""accelerating"", ""bb_position"": 1.0761, ""macd_signal"": 0.00205731, ""gap_at_entry"": 0.5251, ""volume_spike"": 1.0, ""z_score_tier"": ""extreme_high"", ""btc_trend_bias"": 0.033, ""momentum_score"": 4.8, ""momentum_state"": ""rising"", ""btc_linreg_bias"": 0.125, ""price_at_signal"": 4.83455, ""final_confidence"": 89.0, ""speed_percentile"": 12.0, ""staleness_minutes"": 1.58, ""price_acceleration"": 0.0036}"
15372,HYPER,Hermes-pump-chain-,SHORT,-4.2206,-0.16,3,11.10,atr_sl_hit,HIGH,,,0.06987200,0.1846233111976185,1.3496107167391802,3592.5137,closed,f,2026-09-14 08:46:32.381754,2026-09-14 09:46:24.895306,"{""rsi_14"": 50.0, ""z_score"": -1.9666, ""is_stale"": false, ""btc_score"": 44.3, ""macd_hist"": -0.00003001, ""btc_regime"": ""RANGING"", ""macd_value"": -0.00004518, ""wave_phase"": ""accelerating"", ""bb_position"": 0.0084, ""macd_signal"": -0.00001517, ""z_score_tier"": ""low"", ""btc_trend_bias"": -0.016, ""momentum_score"": 36.7, ""momentum_state"": ""falling"", ""btc_linreg_bias"": 0.25, ""price_at_signal"": 0.069986, ""speed_percentile"": 88.8, ""price_acceleration"": 0.0114}"
15678,BTC,Hermes-continuum-osc+,LONG,2.2631,0.05,5,11.10,atr_sl_hit,NORMAL,63.24,111.32000000,83515.00000000,1.6218643357480693,0.24486619170208945,13168.504,closed,f,2026-09-24 11:10:50.442844,2026-09-24 14:50:18.94679,"{""rsi_14"": 60.36, ""z_score"": 1.2759, ""is_stale"": true, ""btc_score"": 55.8, ""macd_hist"": 4.03292239, ""btc_regime"": ""TRANSITIONING"", ""macd_value"": 74.92208326, ""wave_phase"": ""accelerating"", ""bb_position"": 0.819, ""macd_signal"": 70.88916087, ""gap_at_entry"": -0.0776, ""z_score_tier"": ""high"", ""btc_trend_bias"": 0.018, ""momentum_score"": 8.4, ""momentum_state"": ""flat"", ""btc_linreg_bias"": 0.25, ""price_at_signal"": 83581.5, ""speed_percentile"": 20.5, ""staleness_minutes"": 5.52, ""price_acceleration"": 0.003}"
15706,LDO,Hermes-pump-chain-,SHORT,1.8542,0.21,5,11.10,hard_sl,EXTREME,35.06,0.00286714,0.44872000,3.592440720270998,1.216794437511135,23535.658,closed,f,2026-09-28 16:46:33.904334,2026-09-28 23:18:49.562939,"{""rsi_14"": 63.7, ""z_score"": -1.0303, ""is_stale"": false, ""btc_score"": 74.6, ""macd_hist"": -0.00059786, ""btc_regime"": ""BULL_TREND"", ""macd_value"": -0.00082745, ""wave_phase"": ""accelerating"", ""bb_position"": 0.2424, ""macd_signal"": -0.0002296, ""gap_at_entry"": -0.8491, ""volume_spike"": 0.57, ""z_score_tier"": ""low"", ""btc_trend_bias"": 0.436, ""momentum_score"": 32.6, ""momentum_state"": ""flat"", ""btc_linreg_bias"": 0.375, ""price_at_signal"": 0.44923, ""final_confidence"": 99, ""speed_percentile"": 78.3, ""staleness_minutes"": 1.25, ""price_acceleration"": 0.0219}"
15550,BCH,Hermes-pump-chain+,LONG,-6.6298,-0.15,5,11.10,atr_sl_hit,HIGH,63.55,0.51250000,254.91000000,0.645325801263191,1.3808795261072535,7542.874,closed,f,2026-09-19 23:28:00.919017,2026-09-20 01:33:43.79311,"{""rsi_14"": 64.29, ""z_score"": 1.0787, ""is_stale"": false, ""btc_score"": 48.5, ""macd_hist"": -0.01485304, ""btc_regime"": ""RANGING"", ""macd_value"": 0.29530792, ""wave_phase"": ""accelerating"", ""bb_position"": 0.7697, ""macd_signal"": 0.31016096, ""gap_at_entry"": 0.5743, ""z_score_tier"": ""high"", ""btc_trend_bias"": 0.0, ""momentum_score"": 10.9, ""momentum_state"": ""rising"", ""btc_linreg_bias"": 0.25, ""price_at_signal"": 254.84, ""speed_percentile"": 26.7, ""staleness_minutes"": 1.43, ""price_acceleration"": 0.0105}"
15373,ENA,Hermes-pump-chain-,SHORT,-5.7029,-0.13,5,11.10,atr_sl_hit,HIGH,,,0.14028000,0.1568291987453664,1.2154262902765898,1306.9054,closed,f,2026-09-14 09:29:33.944102,2026-09-14 09:51:20.849472,"{""rsi_14"": 55.56, ""z_score"": -2.1019, ""is_stale"": false, ""btc_score"": 24.5, ""macd_hist"": -0.00016213, ""btc_regime"": ""RANGING"", ""macd_value"": -0.00049296, ""wave_phase"": ""falling"", ""bb_position"": -0.0255, ""macd_signal"": -0.00033084, ""z_score_tier"": ""extreme_low"", ""btc_trend_bias"": -0.456, ""momentum_score"": 34.7, ""momentum_state"": ""falling"", ""btc_linreg_bias"": 0.0, ""price_at_signal"": 0.139995, ""speed_percentile"": 85.1, ""price_acceleration"": -0.0049}"
15367,GMT,Hermes-rr-struct-v2+,LONG,-4.2924,-0.07,3,11.10,atr_sl_hit,HIGH,,,0.00768800,0.7154006243496358,1.222684703433923,12566.868,closed,f,2026-09-14 05:56:56.967309,2026-09-14 09:26:23.83543,"{""rsi_14"": 25.0, ""z_score"": 1.3589, ""is_stale"": false, ""btc_score"": 12.3, ""macd_hist"": 0.00000104, ""btc_regime"": ""TRANSITIONING"", ""macd_value"": 0.00000583, ""wave_phase"": ""falling"", ""bb_position"": 0.8397, ""macd_signal"": 0.00000479, ""z_score_tier"": ""high"", ""btc_trend_bias"": -0.727, ""momentum_score"": 27.3, ""momentum_state"": ""rising"", ""btc_linreg_bias"": -0.25, ""price_at_signal"": 0.007675, ""speed_percentile"": 67.1, ""price_acceleration"": -0.0037}"
15835,XPL,Hermes-bb-squeeze+,LONG,-0.5640,-0.01,5,11.10,profit-monster-trail,EXTREME,53.14,0.00042493,0.09928300,0.5438997612884381,0.12388827896014423,,closed,f,2026-10-02 11:17:37.696889,2026-10-02 11:34:03.462159,"{""rsi_14"": 44.48, ""z_score"": 4.2944, ""is_stale"": false, ""btc_score"": 90.8, ""macd_hist"": 0.00013009, ""btc_regime"": ""TRANSITIONING"", ""macd_value"": 0.00005549, ""wave_phase"": ""falling"", ""bb_position"": 1.5736, ""macd_signal"": -0.0000746, ""gap_at_entry"": 1.4729, ""volume_spike"": 0.93, ""z_score_tier"": ""extreme_high"", ""btc_trend_bias"": 0.796, ""momentum_score"": 41.7, ""momentum_state"": ""rising"", ""btc_linreg_bias"": 0.25, ""price_at_signal"": 0.100785, ""final_confidence"": 99, ""speed_percentile"": 96.9, ""staleness_minutes"": 2.11, ""price_acceleration"": -0.0269}"
15551,ONDO,Hermes-pullback-entry-,SHORT,6.0847,0.12,5,11.10,atr_sl_hit,EXTREME,59.82,0.00141821,0.42073000,2.6988805171963017,0.6191619328310318,6070.1777,closed,f,2026-09-20 00:21:42.893009,2026-09-20 02:02:53.070657,"{""rsi_14"": 36.05, ""z_score"": 1.4674, ""is_stale"": false, ""btc_score"": 35.8, ""macd_hist"": 0.000176, ""btc_regime"": ""RANGING"", ""macd_value"": -0.00019839, ""wave_phase"": ""falling"", ""bb_position"": 0.8668, ""macd_signal"": -0.00037439, ""gap_at_entry"": -0.4296, ""z_score_tier"": ""high"", ""btc_trend_bias"": -0.204, ""momentum_score"": 31.1, ""momentum_state"": ""rising"", ""btc_linreg_bias"": 0.0, ""price_at_signal"": 0.419985, ""speed_percentile"": 75.2, ""staleness_minutes"": 0.95, ""price_acceleration"": -0.0118}"
15554,CHIP,Hermes-pump-chain+,LONG,-4.0839,-0.15,3,11.10,atr_sl_hit,EXTREME,73.38,0.00027643,0.04319400,0.613511135805899,1.416863453257397,1795.9193,closed,f,2026-09-20 02:05:52.219524,2026-09-20 02:35:48.138783,"{""rsi_14"": 75.61, ""z_score"": 2.5977, ""is_stale"": false, ""btc_score"": 23.9, ""macd_hist"": 0.00007047, ""btc_regime"": ""BEAR_TREND"", ""macd_value"": 0.00008449, ""wave_phase"": ""accelerating"", ""bb_position"": 1.1494, ""macd_signal"": 0.00001402, ""gap_at_entry"": -0.3872, ""z_score_tier"": ""extreme_high"", ""btc_trend_bias"": -0.468, ""momentum_score"": 39.7, ""momentum_state"": ""rising"", ""btc_linreg_bias"": -0.375, ""price_at_signal"": 0.043223, ""speed_percentile"": 93.8, ""staleness_minutes"": 1.09, ""price_acceleration"": 0.0093}"
15375,CAKE,Hermes-pump-chain+,LONG,3.7479,0.12,3,11.10,atr_sl_hit,HIGH,,,2.32930000,2.6166659511441206,0.14167346413085477,6530.958,closed,f,2026-09-14 09:47:38.600531,2026-09-14 11:36:29.558578,"{""rsi_14"": 72.22, ""z_score"": 2.1603, ""is_stale"": false, ""btc_score"": 93.9, ""macd_hist"": 0.00318784, ""btc_regime"": ""TRANSITIONING"", ""macd_value"": 0.00620056, ""wave_phase"": ""accelerating"", ""bb_position"": 1.0401, ""macd_signal"": 0.00301272, ""z_score_tier"": ""extreme_high"", ""btc_trend_bias"": 0.864, ""momentum_score"": 37.4, ""momentum_state"": ""rising"", ""btc_linreg_bias"": 0.25, ""price_at_signal"": 2.3168, ""speed_percentile"": 91.3, ""price_acceleration"": 0.0082}"
15376,HYPER,Hermes-pump-chain+,LONG,-3.7013,-0.12,3,11.10,atr_sl_hit,HIGH,,,0.07124600,0.17685203379838868,1.2267355360300929,1604.5419,closed,f,2026-09-14 09:55:41.882433,2026-09-14 10:22:26.424301,"{""rsi_14"": 75.0, ""z_score"": 1.7537, ""is_stale"": true, ""btc_score"": 99.6, ""macd_hist"": 0.00006165, ""btc_regime"": ""BULL_TREND"", ""macd_value"": 0.00031151, ""wave_phase"": ""accelerating"", ""bb_position"": 0.9384, ""macd_signal"": 0.00024987, ""z_score_tier"": ""high"", ""btc_trend_bias"": 0.991, ""momentum_score"": 18.9, ""momentum_state"": ""rising"", ""btc_linreg_bias"": 0.25, ""price_at_signal"": 0.071405, ""speed_percentile"": 46.6, ""price_acceleration"": 0.0023}"
15681,GOAT,"Hermes-pump-chain-,rs-r61",SHORT,0.1254,0.00,3,11.10,pump_exit_dead_money,HIGH,27.21,0.00012107,0.01914600,0.7573383474354957,0.6476548626344928,7251.069,closed,f,2026-09-24 11:56:29.96773,2026-09-24 13:57:21.036566,"{""rsi_14"": 53.88, ""z_score"": -0.8965, ""is_stale"": false, ""btc_score"": 10.0, ""macd_hist"": -0.00001865, ""btc_regime"": ""BEAR_TREND"", ""macd_value"": -0.00013633, ""wave_phase"": ""bottoming"", ""bb_position"": 0.2759, ""macd_signal"": -0.00011768, ""gap_at_entry"": -0.4366, ""z_score_tier"": ""neutral"", ""btc_trend_bias"": -0.779, ""momentum_score"": 39.6, ""momentum_state"": ""flat"", ""btc_linreg_bias"": -0.25, ""price_at_signal"": 0.019085, ""speed_percentile"": 95.0, ""staleness_minutes"": 1.13, ""price_acceleration"": 0.0069}"
15676,KAS,Hermes-pump-chain-,SHORT,-4.3036,-0.32,3,22.10,atr_sl_hit,HIGH,42.69,0.00012429,0.03817600,0.005238893545683152,1.3883067896060353,5695.0283,closed,f,2026-09-24 10:36:26.295682,2026-09-24 12:11:21.324063,"{""rsi_14"": 61.64, ""z_score"": -1.4143, ""is_stale"": false, ""btc_score"": 7.7, ""macd_hist"": -0.00002489, ""btc_regime"": ""BEAR_TREND"", ""macd_value"": -0.00004214, ""wave_phase"": ""accelerating"", ""bb_position"": 0.1464, ""macd_signal"": -0.00001724, ""gap_at_entry"": -1.7642, ""z_score_tier"": ""low"", ""btc_trend_bias"": -0.828, ""momentum_score"": 37.7, ""momentum_state"": ""falling"", ""btc_linreg_bias"": -0.25, ""price_at_signal"": 0.03815, ""speed_percentile"": 88.2, ""staleness_minutes"": 2.19, ""price_acceleration"": 0.0208}"
15709,LTC,Hermes-pump-chain-,SHORT,1.0672,0.24,5,22.10,hard_sl,EXTREME,27.53,0.25639286,69.15300000,2.81694214278485,0.975373447283552,47456.18,closed,f,2026-09-28 17:01:37.419381,2026-09-29 06:12:33.597397,"{""rsi_14"": 53.47, ""z_score"": -2.5644, ""is_stale"": false, ""btc_score"": 82.6, ""macd_hist"": -0.03255741, ""btc_regime"": ""BULL_TREND"", ""macd_value"": -0.20245494, ""wave_phase"": ""falling"", ""bb_position"": -0.1411, ""macd_signal"": -0.16989753, ""gap_at_entry"": -1.0326, ""volume_spike"": 0.29, ""z_score_tier"": ""extreme_low"", ""btc_trend_bias"": 0.613, ""momentum_score"": 31.9, ""momentum_state"": ""falling"", ""btc_linreg_bias"": 0.25, ""price_at_signal"": 69.4825, ""final_confidence"": 99, ""speed_percentile"": 76.4, ""staleness_minutes"": 1.35, ""price_acceleration"": -0.0099}"
15617,WCT,Hermes-btc-pump-rider+,LONG,-2.3583,-0.09,3,11.10,cut-loser-CL-T1,HIGH,25.55,0.00013964,0.04261500,0,0.6617388243576205,,closed,f,2026-09-22 09:12:44.666788,2026-09-22 09:24:18.7382,"{""rsi_14"": 32.14, ""z_score"": -1.6932, ""is_stale"": false, ""btc_score"": 93.1, ""macd_hist"": -0.00001801, ""btc_regime"": ""BULL_TREND"", ""macd_value"": 0.00010289, ""wave_phase"": ""bottoming"", ""bb_position"": 0.0767, ""macd_signal"": 0.00012089, ""gap_at_entry"": 0.5137, ""z_score_tier"": ""low"", ""btc_trend_bias"": 0.846, ""momentum_score"": 15.3, ""momentum_state"": ""falling"", ""btc_linreg_bias"": 1.0, ""price_at_signal"": 0.04278, ""speed_percentile"": 37.3, ""staleness_minutes"": 10.23, ""price_acceleration"": 0.0034}"
15555,BABY,Hermes-pump-chain+,LONG,-4.3937,-0.32,3,22.10,atr_sl_hit,HIGH,78.15,0.00005207,0.01174400,1.1580381471389645,1.3368528610354224,2281.963,closed,f,2026-09-20 02:06:38.526397,2026-09-20 02:44:40.489397,"{""rsi_14"": 77.78, ""z_score"": 1.5886, ""is_stale"": false, ""btc_score"": 28.3, ""macd_hist"": 0.00001731, ""btc_regime"": ""BEAR_TREND"", ""macd_value"": 0.00002864, ""wave_phase"": ""decelerating"", ""bb_position"": 0.8971, ""macd_signal"": 0.00001134, ""gap_at_entry"": 0.1352, ""z_score_tier"": ""high"", ""btc_trend_bias"": -0.372, ""momentum_score"": 23.1, ""momentum_state"": ""rising"", ""btc_linreg_bias"": -0.375, ""price_at_signal"": 0.011743, ""speed_percentile"": 56.5, ""staleness_minutes"": 1.13, ""price_acceleration"": -0.0051}"
15377,FIL,Hermes-pump-chain+,LONG,-4.6461,-0.16,5,16.60,atr_sl_hit,EXTREME,,,1.01160000,0.4695531830763148,1.2841043890865955,776.2234,closed,f,2026-09-14 10:12:30.714023,2026-09-14 10:25:26.937418,"{""rsi_14"": 70.75, ""z_score"": 0.6133, ""is_stale"": false, ""btc_score"": 99.7, ""macd_hist"": 0.00017608, ""btc_regime"": ""BULL_TREND"", ""macd_value"": 0.00233749, ""wave_phase"": ""falling"", ""bb_position"": 0.6533, ""macd_signal"": 0.00216141, ""z_score_tier"": ""neutral"", ""btc_trend_bias"": 0.994, ""momentum_score"": 23.7, ""momentum_state"": ""rising"", ""btc_linreg_bias"": 1.0, ""price_at_signal"": 1.01155, ""speed_percentile"": 58.4, ""price_acceleration"": -0.0135}"
15679,CHIP,Hermes-pump-chain-,SHORT,0.9978,0.04,3,11.10,atr_sl_hit,EXTREME,65.75,0.00014136,0.04179200,1.6223200612557427,0.09571209800918837,5936.3433,closed,f,2026-09-24 11:22:28.988883,2026-09-24 13:01:25.332106,"{""rsi_14"": 63.64, ""z_score"": -0.7692, ""is_stale"": false, ""btc_score"": 48.5, ""macd_hist"": -0.00001427, ""btc_regime"": ""RANGING"", ""macd_value"": 0.00000669, ""wave_phase"": ""falling"", ""bb_position"": 0.3077, ""macd_signal"": 0.00002096, ""gap_at_entry"": -0.2918, ""z_score_tier"": ""neutral"", ""btc_trend_bias"": 0.0, ""momentum_score"": 30.0, ""momentum_state"": ""flat"", ""btc_linreg_bias"": 0.25, ""price_at_signal"": 0.041662, ""speed_percentile"": 72.7, ""staleness_minutes"": 2.21, ""price_acceleration"": -0.0018}"
15556,BABY,Hermes-pump-chain+,LONG,0.1029,0.01,3,22.10,atr_sl_hit,HIGH,68.13,0.00008529,0.01165700,1.3039375482542679,0.06862829201338251,11109.115,closed,f,2026-09-20 03:27:59.873755,2026-09-20 06:33:08.988804,"{""rsi_14"": 37.93, ""z_score"": 1.3581, ""is_stale"": false, ""btc_score"": 8.4, ""macd_hist"": 0.00001785, ""btc_regime"": ""BEAR_TREND"", ""macd_value"": 0.00004987, ""wave_phase"": ""falling"", ""bb_position"": 0.8395, ""macd_signal"": 0.00003202, ""gap_at_entry"": -0.0679, ""z_score_tier"": ""high"", ""btc_trend_bias"": -0.813, ""momentum_score"": 39.2, ""momentum_state"": ""rising"", ""btc_linreg_bias"": -1.0, ""price_at_signal"": 0.011681, ""speed_percentile"": 91.9, ""staleness_minutes"": 1.55, ""price_acceleration"": -0.036}"
15682,TURBO,Hermes-r2-trend-short4,SHORT,-2.9441,-0.21,3,22.10,cut-loser-CL-T1,EXTREME,31.58,0.00000307,0.00101900,0.09813542688910697,0.8832188420019627,,closed,f,2026-09-24 12:43:31.780025,2026-09-24 13:07:36.497102,"{""rsi_14"": 50.0, ""z_score"": -1.2963, ""is_stale"": false, ""btc_score"": 9.2, ""macd_hist"": -0.00000113, ""btc_regime"": ""TRANSITIONING"", ""macd_value"": -0.00000133, ""wave_phase"": ""falling"", ""bb_position"": 0.1759, ""macd_signal"": -0.0000002, ""gap_at_entry"": -0.3105, ""z_score_tier"": ""low"", ""btc_trend_bias"": -0.795, ""momentum_score"": 18.6, ""momentum_state"": ""flat"", ""btc_linreg_bias"": -0.125, ""price_at_signal"": 0.001018, ""speed_percentile"": 45.3, ""staleness_minutes"": 1.12, ""price_acceleration"": -0.0013}"
15640,WLD,"Hermes-accel-300-breakout,rs-r48,rs-r49",SHORT,-3.4712,-0.08,5,11.10,cut-loser-CL-T1,EXTREME,40.53,0.00223286,0.45517000,0.03954566425731045,0.8216710240130062,,closed,f,2026-09-23 10:28:11.855547,2026-09-23 11:01:49.498026,"{""rsi_14"": 37.37, ""z_score"": -1.5231, ""is_stale"": false, ""btc_score"": 0.2, ""macd_hist"": -0.00031362, ""btc_regime"": ""BEAR_TREND"", ""macd_value"": -0.00106948, ""wave_phase"": ""falling"", ""bb_position"": 0.1192, ""macd_signal"": -0.00075586, ""gap_at_entry"": -1.067, ""z_score_tier"": ""low"", ""btc_trend_bias"": -0.995, ""momentum_score"": 29.8, ""momentum_state"": ""falling"", ""btc_linreg_bias"": -0.25, ""price_at_signal"": 0.45312, ""speed_percentile"": 70.2, ""staleness_minutes"": 0.87, ""price_acceleration"": -0.0149}"
15879,NEAR,Hermes-bb-squeeze+,LONG,-5.1271,-0.23,5,22.10,hard_max_loss,HIGH,87.51,0.00868929,4.67130000,0.02997024382934708,0.9173035343480318,2693.5925,closed,f,2026-10-03 14:53:32.648564,2026-10-03 15:38:26.241153,"{""rsi_14"": 51.32, ""z_score"": 2.751, ""is_stale"": true, ""btc_score"": 39.2, ""macd_hist"": 0.00247489, ""btc_regime"": ""RANGING"", ""macd_value"": 0.00709934, ""wave_phase"": ""accelerating"", ""bb_position"": 1.1877, ""macd_signal"": 0.00462446, ""gap_at_entry"": 0.2819, ""volume_spike"": 0.05, ""z_score_tier"": ""extreme_high"", ""btc_trend_bias"": -0.129, ""momentum_score"": 7.8, ""momentum_state"": ""rising"", ""btc_linreg_bias"": 0.0, ""price_at_signal"": 4.67295, ""final_confidence"": 89.0, ""speed_percentile"": 19.0, ""staleness_minutes"": 1.23, ""price_acceleration"": 0.0006}"
15710,BABY,Hermes-pump-chain-,SHORT,0.9213,0.14,3,22.10,hard_sl,EXTREME,27.03,0.00006714,0.01322400,2.661826981246218,0.6427707199032063,11466.094,closed,f,2026-09-28 17:03:36.935707,2026-09-28 20:14:43.029448,"{""rsi_14"": 50.0, ""z_score"": -3.3413, ""is_stale"": false, ""btc_score"": 77.5, ""macd_hist"": -0.0000096, ""btc_regime"": ""BULL_TREND"", ""macd_value"": -0.00002537, ""wave_phase"": ""falling"", ""bb_position"": -0.3353, ""macd_signal"": -0.00001577, ""gap_at_entry"": -0.5146, ""volume_spike"": 0.06, ""z_score_tier"": ""extreme_low"", ""btc_trend_bias"": 0.5, ""momentum_score"": 22.8, ""momentum_state"": ""falling"", ""btc_linreg_bias"": 0.25, ""price_at_signal"": 0.013178, ""final_confidence"": 99, ""speed_percentile"": 55.3, ""staleness_minutes"": 1.38, ""price_acceleration"": -0.0041}"
15379,GOAT,Hermes-pump-chain-,SHORT,5.5069,0.20,3,11.10,atr_sl_hit,HIGH,,,0.01645200,3.1303185023097497,0.6017505470459519,16740.63,closed,f,2026-09-14 10:31:26.767383,2026-09-14 15:10:27.398631,"{""rsi_14"": 53.88, ""z_score"": -1.7288, ""is_stale"": false, ""btc_score"": 87.3, ""macd_hist"": -0.00000739, ""btc_regime"": ""BULL_TREND"", ""macd_value"": -0.00001774, ""wave_phase"": ""accelerating"", ""bb_position"": 0.0678, ""macd_signal"": -0.00001035, ""z_score_tier"": ""low"", ""btc_trend_bias"": 0.718, ""momentum_score"": 30.7, ""momentum_state"": ""falling"", ""btc_linreg_bias"": 0.375, ""price_at_signal"": 0.016439, ""speed_percentile"": 75.2, ""price_acceleration"": 0.0106}"
15837,NXPC,Hermes-warrior-sr-confirm+,LONG,1.1698,0.01,3,11.10,profit-monster-trail,NORMAL,78.95,0.00071429,0.23850000,0.7044025157232704,0.1761006289308176,,closed,f,2026-10-02 11:51:27.803658,2026-10-02 12:30:24.588477,"{""rsi_14"": 63.16, ""z_score"": 1.4363, ""is_stale"": false, ""btc_score"": 97.6, ""macd_hist"": 0.00002739, ""btc_regime"": ""BULL_TREND"", ""macd_value"": 0.00022601, ""wave_phase"": ""falling"", ""bb_position"": 0.8591, ""macd_signal"": 0.00019862, ""gap_at_entry"": 0.6862, ""volume_spike"": 1.05, ""z_score_tier"": ""high"", ""btc_trend_bias"": 0.947, ""momentum_score"": 28.8, ""momentum_state"": ""flat"", ""btc_linreg_bias"": 0.375, ""price_at_signal"": 0.2383, ""final_confidence"": 99, ""speed_percentile"": 70.4, ""staleness_minutes"": 1.0, ""price_acceleration"": -0.0075}"
15557,CC,Hermes-pump-chain+,LONG,-4.2130,-0.16,3,11.10,atr_sl_hit,HIGH,74.60,0.00049821,0.10610000,0.13666352497643733,1.3336475023562677,10161.607,closed,f,2026-09-20 03:31:02.670413,2026-09-20 06:20:24.278039,"{""rsi_14"": 32.62, ""z_score"": 1.5886, ""is_stale"": false, ""btc_score"": 4.6, ""macd_hist"": 0.0002184, ""btc_regime"": ""BEAR_TREND"", ""macd_value"": 0.0003591, ""wave_phase"": ""falling"", ""bb_position"": 0.8971, ""macd_signal"": 0.0001407, ""gap_at_entry"": -1.4783, ""z_score_tier"": ""high"", ""btc_trend_bias"": -0.897, ""momentum_score"": 18.0, ""momentum_state"": ""rising"", ""btc_linreg_bias"": -1.0, ""price_at_signal"": 0.106395, ""speed_percentile"": 43.5, ""staleness_minutes"": 3.33, ""price_acceleration"": -0.0241}"
15509,SEI,Hermes-grind-trend+,LONG,-4.3020,-0.10,5,11.10,cut-loser-CL-T1,NORMAL,68.43,0.00013929,0.04858200,0.04940101272076078,0.8418755917829649,,closed,f,2026-09-19 03:00:31.670271,2026-09-19 03:35:11.832815,"{""rsi_14"": 67.35, ""z_score"": 0.5398, ""is_stale"": false, ""btc_score"": 34.5, ""macd_hist"": -0.00000061, ""btc_regime"": ""RANGING"", ""macd_value"": 0.00003901, ""wave_phase"": ""falling"", ""bb_position"": 0.635, ""macd_signal"": 0.00003962, ""gap_at_entry"": 0.9045, ""z_score_tier"": ""neutral"", ""btc_trend_bias"": -0.233, ""momentum_score"": 23.1, ""momentum_state"": ""falling"", ""btc_linreg_bias"": 0.25, ""price_at_signal"": 0.04855, ""speed_percentile"": 55.3, ""staleness_minutes"": 0.79, ""price_acceleration"": -0.0008}"
15876,GMT,Hermes-pump-chain+,LONG,0.7196,0.03,3,11.10,pump_exit_dead_money,EXTREME,64.10,0.00002264,0.00875500,0.9822958309537323,0.011422044545965338,7236.3203,closed,f,2026-10-03 13:25:40.630755,2026-10-03 15:26:16.951103,"{""rsi_14"": 67.65, ""z_score"": 0.8862, ""is_stale"": false, ""btc_score"": 47.8, ""macd_hist"": 0.00000058, ""btc_regime"": ""RANGING"", ""macd_value"": 0.00001886, ""wave_phase"": ""accelerating"", ""bb_position"": 0.7215, ""macd_signal"": 0.00001828, ""gap_at_entry"": 0.0404, ""volume_spike"": 0.91, ""z_score_tier"": ""neutral"", ""btc_trend_bias"": 0.0, ""momentum_score"": 19.6, ""momentum_state"": ""flat"", ""btc_linreg_bias"": 0.25, ""price_at_signal"": 0.008756, ""final_confidence"": 99, ""speed_percentile"": 48.1, ""staleness_minutes"": 2.2, ""price_acceleration"": 0.0042}"
15680,FIL,Hermes-pump-chain-,SHORT,-6.6485,-0.22,5,16.60,atr_sl_hit,EXTREME,36.90,0.00351429,0.96112000,1.0092392209089396,1.3609122690194773,6832.258,closed,f,2026-09-24 11:34:27.760901,2026-09-24 13:28:20.018928,"{""rsi_14"": 53.12, ""z_score"": -1.6562, ""is_stale"": false, ""btc_score"": 35.2, ""macd_hist"": -0.00047563, ""btc_regime"": ""RANGING"", ""macd_value"": -0.0010498, ""wave_phase"": ""falling"", ""bb_position"": 0.0859, ""macd_signal"": -0.00057418, ""gap_at_entry"": -0.8873, ""z_score_tier"": ""low"", ""btc_trend_bias"": -0.218, ""momentum_score"": 37.0, ""momentum_state"": ""falling"", ""btc_linreg_bias"": 0.25, ""price_at_signal"": 0.95951, ""speed_percentile"": 88.8, ""staleness_minutes"": 5.14, ""price_acceleration"": -0.0129}"
15558,FOGO,Hermes-pump-chain+,LONG,1.1984,0.09,3,22.10,atr_sl_hit,HIGH,41.96,0.00004029,0.00675900,1.6718449474774375,0.2811066725847019,1512.1753,closed,f,2026-09-20 03:39:03.187377,2026-09-20 04:04:15.362721,"{""rsi_14"": 64.71, ""z_score"": 1.0874, ""is_stale"": false, ""btc_score"": 1.0, ""macd_hist"": -0.00000215, ""btc_regime"": ""BEAR_TREND"", ""macd_value"": 0.00002332, ""wave_phase"": ""falling"", ""bb_position"": 0.7718, ""macd_signal"": 0.00002548, ""gap_at_entry"": 0.8316, ""z_score_tier"": ""high"", ""btc_trend_bias"": -0.978, ""momentum_score"": 10.4, ""momentum_state"": ""rising"", ""btc_linreg_bias"": -0.375, ""price_at_signal"": 0.006791, ""speed_percentile"": 24.8, ""staleness_minutes"": 2.53, ""price_acceleration"": -0.0069}"
15380,SEI,Hermes-rr-struct-v2+,LONG,0.5026,0.01,5,11.10,atr_sl_hit,NORMAL,,,0.04476800,1.7289135096497499,1.1972837741243745,36657.07,closed,f,2026-09-14 10:51:43.285798,2026-09-14 21:02:40.354304,"{""rsi_14"": 30.65, ""z_score"": 1.9603, ""is_stale"": false, ""btc_score"": 74.7, ""macd_hist"": 0.0000139, ""btc_regime"": ""BULL_TREND"", ""macd_value"": 0.00002857, ""wave_phase"": ""accelerating"", ""bb_position"": 0.9901, ""macd_signal"": 0.00001467, ""z_score_tier"": ""high"", ""btc_trend_bias"": 0.438, ""momentum_score"": 29.4, ""momentum_state"": ""rising"", ""btc_linreg_bias"": 0.25, ""price_at_signal"": 0.044837, ""speed_percentile"": 72.0, ""price_acceleration"": 0.0074}"
15374,BIGTIME,Hermes-pullback-entry-,SHORT,4.2776,0.07,3,11.10,atr_sl_hit,HIGH,,,0.00736400,1.7653449212384573,0.5703422053231939,5930.7236,closed,f,2026-09-14 09:37:32.965668,2026-09-14 11:16:23.689257,"{""rsi_14"": 0.0, ""z_score"": 0.9864, ""is_stale"": true, ""btc_score"": 70.6, ""macd_hist"": 0.00000325, ""btc_regime"": ""TRANSITIONING"", ""macd_value"": 0.00000002, ""wave_phase"": ""falling"", ""bb_position"": 0.7466, ""macd_signal"": -0.00000323, ""z_score_tier"": ""neutral"", ""btc_trend_bias"": 0.347, ""momentum_score"": 16.6, ""momentum_state"": ""flat"", ""btc_linreg_bias"": 0.0, ""price_at_signal"": 0.007359, ""speed_percentile"": 41.0, ""price_acceleration"": -0.0052}"
15553,WLFI,Hermes-pullback-entry-,SHORT,2.2307,0.05,5,11.10,atr_sl_hit,NORMAL,63.13,0.00015850,0.05827700,1.64558916896889,0.01029565694871047,9400.721,closed,f,2026-09-20 02:02:48.458063,2026-09-20 04:39:29.17885,"{""rsi_14"": 42.86, ""z_score"": 0.3599, ""is_stale"": false, ""btc_score"": 15.2, ""macd_hist"": 0.00001415, ""btc_regime"": ""BEAR_TREND"", ""macd_value"": 0.00001934, ""wave_phase"": ""falling"", ""bb_position"": 0.59, ""macd_signal"": 0.00000519, ""gap_at_entry"": -0.0613, ""z_score_tier"": ""neutral"", ""btc_trend_bias"": -0.663, ""momentum_score"": 22.7, ""momentum_state"": ""flat"", ""btc_linreg_bias"": -0.375, ""price_at_signal"": 0.058267, ""speed_percentile"": 55.3, ""staleness_minutes"": 1.1, ""price_acceleration"": -0.0071}"
15381,HYPER,Hermes-pump-chain-,SHORT,-3.8477,-0.14,3,11.10,atr_sl_hit,EXTREME,,,0.07040600,0.8152714257307616,1.2541544754708405,31921.254,closed,f,2026-09-14 11:25:33.953127,2026-09-14 20:17:35.207747,"{""rsi_14"": 75.0, ""z_score"": -0.8758, ""is_stale"": false, ""btc_score"": 49.7, ""macd_hist"": -0.00000719, ""btc_regime"": ""RANGING_BEAR"", ""macd_value"": -0.00012629, ""wave_phase"": ""accelerating"", ""bb_position"": 0.281, ""macd_signal"": -0.00011911, ""z_score_tier"": ""neutral"", ""btc_trend_bias"": 0.0, ""momentum_score"": 35.4, ""momentum_state"": ""flat"", ""btc_linreg_bias"": -0.25, ""price_at_signal"": 0.07036, ""speed_percentile"": 85.1, ""price_acceleration"": 0.0145}"
15559,ENS,Hermes-pullback-entry-,SHORT,5.3959,0.12,5,11.10,atr_sl_hit,EXTREME,52.04,0.02112857,6.27330000,2.349640540066632,0.7061674079033363,16133.828,closed,f,2026-09-20 05:06:35.878796,2026-09-20 09:35:29.706934,"{""rsi_14"": 54.55, ""z_score"": 0.5452, ""is_stale"": false, ""btc_score"": 31.8, ""macd_hist"": 0.00115492, ""btc_regime"": ""BEAR_TREND"", ""macd_value"": -0.00277709, ""wave_phase"": ""accelerating"", ""bb_position"": 0.6363, ""macd_signal"": -0.00393201, ""gap_at_entry"": -0.892, ""z_score_tier"": ""neutral"", ""btc_trend_bias"": -0.292, ""momentum_score"": 27.6, ""momentum_state"": ""flat"", ""btc_linreg_bias"": -0.125, ""price_at_signal"": 6.2977, ""speed_percentile"": 66.5, ""staleness_minutes"": 0.93, ""price_acceleration"": 0.0091}"
15880,SUSHI,Hermes-bb-squeeze+,LONG,-3.3445,-0.12,3,11.10,hard_max_loss,NORMAL,73.08,0.00048214,0.25744000,-0.02330640149161144,0.9206028589185764,7533.7295,closed,f,2026-10-03 16:12:54.281876,2026-10-03 18:18:28.011582,"{""rsi_14"": 57.83, ""z_score"": 2.8135, ""is_stale"": false, ""btc_score"": 47.7, ""macd_hist"": 0.00004806, ""btc_regime"": ""RANGING"", ""macd_value"": 0.00046714, ""wave_phase"": ""falling"", ""bb_position"": 1.2034, ""macd_signal"": 0.00041907, ""gap_at_entry"": 1.5751, ""volume_spike"": 0.7, ""z_score_tier"": ""extreme_high"", ""btc_trend_bias"": 0.0, ""momentum_score"": 32.6, ""momentum_state"": ""rising"", ""btc_linreg_bias"": 0.25, ""price_at_signal"": 0.25709, ""final_confidence"": 95.0, ""speed_percentile"": 79.1, ""staleness_minutes"": 3.56, ""price_acceleration"": -0.0075}"
15382,DOT,Hermes-pullback-entry-,SHORT,-7.1584,-0.06,5,11.10,atr_sl_hit,HIGH,,,1.01280000,0.8195102685624013,1.3082543443917851,31308.594,closed,f,2026-09-14 11:33:31.163005,2026-09-14 20:15:19.757172,"{""rsi_14"": 50.0, ""z_score"": 1.4226, ""is_stale"": false, ""btc_score"": 37.9, ""macd_hist"": 0.0006095, ""btc_regime"": ""RANGING_BEAR"", ""macd_value"": 0.00063833, ""wave_phase"": ""decelerating"", ""bb_position"": 0.8557, ""macd_signal"": 0.00002883, ""z_score_tier"": ""high"", ""btc_trend_bias"": -0.158, ""momentum_score"": 7.8, ""momentum_state"": ""flat"", ""btc_linreg_bias"": -0.25, ""price_at_signal"": 1.013, ""speed_percentile"": 18.6, ""price_acceleration"": -0.0013}"
15621,FIL,Hermes-pullback-entry-,SHORT,-6.8466,-0.15,5,11.10,atr_sl_hit,EXTREME,33.59,0.00340714,1.00050000,0.2898550724637681,1.3093453273363318,10382.817,closed,f,2026-09-22 17:51:33.026618,2026-09-22 20:44:35.844168,"{""rsi_14"": 33.91, ""z_score"": -1.5966, ""is_stale"": false, ""btc_score"": 81.5, ""macd_hist"": -0.000261, ""btc_regime"": ""BULL_TREND"", ""macd_value"": -0.00056992, ""wave_phase"": ""falling"", ""bb_position"": 0.1008, ""macd_signal"": -0.00030892, ""gap_at_entry"": -0.1996, ""z_score_tier"": ""low"", ""btc_trend_bias"": 0.589, ""momentum_score"": 21.2, ""momentum_state"": ""falling"", ""btc_linreg_bias"": 0.25, ""price_at_signal"": 1.00155, ""speed_percentile"": 51.6, ""staleness_minutes"": 3.45, ""price_acceleration"": -0.0047}"
15881,DYDX,Hermes-pump-chain+,LONG,0.5313,0.02,5,22.10,atr_trail_hit,EXTREME,69.59,0.00037214,0.15057000,1.3282858471143002,0.019924287706715976,2697.9934,closed,f,2026-10-03 16:24:37.522551,2026-10-03 17:09:35.515963,"{""rsi_14"": 69.1, ""z_score"": 1.5885, ""is_stale"": false, ""btc_score"": 33.2, ""macd_hist"": 0.00013552, ""btc_regime"": ""RANGING"", ""macd_value"": 0.00038125, ""wave_phase"": ""accelerating"", ""bb_position"": 0.8971, ""macd_signal"": 0.00024573, ""gap_at_entry"": 1.1665, ""volume_spike"": 0.02, ""z_score_tier"": ""high"", ""btc_trend_bias"": -0.262, ""momentum_score"": 28.3, ""momentum_state"": ""rising"", ""btc_linreg_bias"": 0.25, ""price_at_signal"": 0.15039, ""final_confidence"": 96.0, ""speed_percentile"": 69.0, ""staleness_minutes"": 6.17, ""price_acceleration"": 0.0047}"
15323,ETH,Hermes-rr-struct+,LONG,1.8490,0.04,5,11.10,rr_engine_support_br,NORMAL,,,2487.80000000,1.1194629793391753,0.1748532840260471,24773.438,closed,f,2026-09-13 15:08:42.305139,2026-09-13 22:01:35.7427,"{""rsi_14"": 41.53, ""z_score"": -2.1922, ""is_stale"": false, ""btc_score"": 79.5, ""macd_hist"": -0.66447547, ""btc_regime"": ""BULL_TREND"", ""macd_value"": -0.96355288, ""wave_phase"": ""falling"", ""bb_position"": -0.048, ""macd_signal"": -0.29907741, ""z_score_tier"": ""extreme_low"", ""btc_trend_bias"": 0.545, ""momentum_score"": 12.4, ""momentum_state"": ""falling"", ""btc_linreg_bias"": 0.375, ""price_at_signal"": 2486.35, ""speed_percentile"": 29.8, ""price_acceleration"": -0.0009}"
15560,GMT,Hermes-pullback-entry-,SHORT,7.0119,0.26,3,11.10,atr_sl_hit,HIGH,69.35,0.00001636,0.00774400,3.602789256198347,0.4777892561983471,34471.8,closed,f,2026-09-20 05:41:45.952026,2026-09-20 15:16:17.752053,"{""rsi_14"": 37.5, ""z_score"": 2.5112, ""is_stale"": false, ""btc_score"": 38.0, ""macd_hist"": 0.00000521, ""btc_regime"": ""RANGING"", ""macd_value"": 0.00000368, ""wave_phase"": ""accelerating"", ""bb_position"": 1.1278, ""macd_signal"": -0.00000153, ""gap_at_entry"": -0.4861, ""z_score_tier"": ""extreme_high"", ""btc_trend_bias"": -0.155, ""momentum_score"": 18.8, ""momentum_state"": ""rising"", ""btc_linreg_bias"": 0.25, ""price_at_signal"": 0.007716, ""speed_percentile"": 46.0, ""staleness_minutes"": 1.08, ""price_acceleration"": 0.0009}"
15838,SUSHI,Hermes-bb-squeeze+,LONG,0.8050,0.03,3,11.10,profit-monster-trail,HIGH,64.44,0.00040571,0.26460000,0.5593348450491308,0.21541950113378686,,closed,f,2026-10-02 12:35:44.038545,2026-10-02 12:52:30.950671,"{""rsi_14"": 68.13, ""z_score"": 2.4545, ""is_stale"": true, ""btc_score"": 99.5, ""macd_hist"": 0.00010029, ""btc_regime"": ""BULL_TREND"", ""macd_value"": 0.00051215, ""wave_phase"": ""accelerating"", ""bb_position"": 1.1136, ""macd_signal"": 0.00041187, ""gap_at_entry"": 0.5007, ""volume_spike"": 0.4, ""z_score_tier"": ""extreme_high"", ""btc_trend_bias"": 0.988, ""momentum_score"": 6.9, ""momentum_state"": ""rising"", ""btc_linreg_bias"": 0.375, ""price_at_signal"": 0.26535, ""final_confidence"": 90.0, ""speed_percentile"": 17.0, ""staleness_minutes"": 1.1, ""price_acceleration"": 0.0017}"
15683,SYRUP,Hermes-ema300-breakthrough+,LONG,-3.7434,-0.28,3,22.10,atr_sl_hit,EXTREME,43.32,0.00147429,0.21558000,0.8442341590128954,1.5168382966880045,2940.274,closed,f,2026-09-24 16:03:28.668711,2026-09-24 16:52:28.942679,"{""rsi_14"": 74.47, ""z_score"": 1.1813, ""is_stale"": false, ""btc_score"": 84.7, ""macd_hist"": 0.00002587, ""btc_regime"": ""TRANSITIONING"", ""macd_value"": 0.00091988, ""wave_phase"": ""accelerating"", ""bb_position"": 0.7953, ""macd_signal"": 0.00089401, ""gap_at_entry"": 2.5995, ""z_score_tier"": ""high"", ""btc_trend_bias"": 0.659, ""momentum_score"": 32.2, ""momentum_state"": ""rising"", ""btc_linreg_bias"": 0.375, ""price_at_signal"": 0.214795, ""speed_percentile"": 74.5, ""staleness_minutes"": 2.75, ""price_acceleration"": 0.0216}"
15383,ENA,Hermes-pump-chain-,SHORT,5.6557,0.13,5,11.10,atr_sl_hit,EXTREME,,,0.14145000,2.414280664545776,0.43478260869565216,5187.796,closed,f,2026-09-14 12:05:45.384838,2026-09-14 13:32:13.18079,"{""rsi_14"": 71.43, ""z_score"": 0.3393, ""is_stale"": true, ""btc_score"": 32.6, ""macd_hist"": 0.00002991, ""btc_regime"": ""TRANSITIONING"", ""macd_value"": -0.00011721, ""wave_phase"": ""decelerating"", ""bb_position"": 0.5848, ""macd_signal"": -0.00014711, ""z_score_tier"": ""neutral"", ""btc_trend_bias"": -0.275, ""momentum_score"": 4.0, ""momentum_state"": ""rising"", ""btc_linreg_bias"": -0.25, ""price_at_signal"": 0.141325, ""speed_percentile"": 9.9, ""price_acceleration"": -0.0007}"
15561,BLUR,Hermes-pullback-entry-,SHORT,4.5554,0.17,3,11.10,atr_sl_hit,HIGH,51.63,0.00003371,0.01870300,2.7535689461583703,0.16574881035128056,36939.312,closed,f,2026-09-20 05:41:55.911798,2026-09-20 15:57:35.224867,"{""rsi_14"": 50.0, ""z_score"": 0.5435, ""is_stale"": false, ""btc_score"": 38.0, ""macd_hist"": 0.00000256, ""btc_regime"": ""RANGING"", ""macd_value"": -0.00002551, ""wave_phase"": ""accelerating"", ""bb_position"": 0.6359, ""macd_signal"": -0.00002807, ""gap_at_entry"": -0.6847, ""z_score_tier"": ""neutral"", ""btc_trend_bias"": -0.155, ""momentum_score"": 31.7, ""momentum_state"": ""flat"", ""btc_linreg_bias"": 0.25, ""price_at_signal"": 0.018747, ""speed_percentile"": 77.0, ""staleness_minutes"": 1.23, ""price_acceleration"": 0.01}"
15839,JUP,Hermes-bb-squeeze+,LONG,3.6684,0.08,5,11.10,profit-monster-trail,HIGH,64.23,0.00060071,0.33121000,1.2122218532049154,0.5917695721747532,,closed,f,2026-10-02 12:35:54.409738,2026-10-02 13:15:41.584999,"{""rsi_14"": 54.53, ""z_score"": 2.8425, ""is_stale"": false, ""btc_score"": 99.5, ""macd_hist"": 0.00011963, ""btc_regime"": ""BULL_TREND"", ""macd_value"": 0.00058469, ""wave_phase"": ""falling"", ""bb_position"": 1.2106, ""macd_signal"": 0.00046506, ""gap_at_entry"": 0.4312, ""volume_spike"": 0.4, ""z_score_tier"": ""extreme_high"", ""btc_trend_bias"": 0.988, ""momentum_score"": 25.2, ""momentum_state"": ""rising"", ""btc_linreg_bias"": 0.375, ""price_at_signal"": 0.33185, ""final_confidence"": 89.0, ""speed_percentile"": 61.6, ""staleness_minutes"": 1.32, ""price_acceleration"": -0.0062}"
15563,ME,Hermes-pullback-entry-,SHORT,9.4632,0.33,3,22.10,atr_sl_hit,HIGH,43.86,0.00017357,0.06911000,4.442193604398785,0,31586.713,closed,f,2026-09-20 06:31:26.70332,2026-09-20 15:17:53.416058,"{""rsi_14"": 51.32, ""z_score"": -0.8399, ""is_stale"": false, ""btc_score"": 3.5, ""macd_hist"": -0.00001591, ""btc_regime"": ""BEAR_TREND"", ""macd_value"": -0.00000745, ""wave_phase"": ""accelerating"", ""bb_position"": 0.29, ""macd_signal"": 0.00000846, ""gap_at_entry"": -0.4513, ""z_score_tier"": ""neutral"", ""btc_trend_bias"": -0.923, ""momentum_score"": 21.8, ""momentum_state"": ""flat"", ""btc_linreg_bias"": -0.125, ""price_at_signal"": 0.06903, ""speed_percentile"": 53.4, ""staleness_minutes"": 0.38, ""price_acceleration"": 0.0032}"
15833,DOGE,Hermes-bb-bounce-v3-long+,LONG,1.2904,0.03,5,11.10,profit-monster-trail,NORMAL,30.08,0.00021107,0.09686900,0.5481629829976566,0.6131992691160226,,closed,f,2026-10-02 10:13:32.619996,2026-10-02 12:42:37.460012,"{""rsi_14"": 35.76, ""z_score"": -0.7491, ""is_stale"": false, ""btc_score"": 92.6, ""macd_hist"": -0.0000006, ""btc_regime"": ""TRANSITIONING"", ""macd_value"": 0.00002174, ""wave_phase"": ""accelerating"", ""bb_position"": 0.3127, ""macd_signal"": 0.00002233, ""gap_at_entry"": 0.4946, ""volume_spike"": 0.14, ""z_score_tier"": ""neutral"", ""btc_trend_bias"": 0.836, ""momentum_score"": 24.9, ""momentum_state"": ""flat"", ""btc_linreg_bias"": 0.25, ""price_at_signal"": 0.097005, ""final_confidence"": 99, ""speed_percentile"": 60.4, ""staleness_minutes"": 1.12, ""price_acceleration"": 0.0039}"
15564,WLD,Hermes-pullback-entry-,SHORT,-7.5859,-0.17,5,11.10,atr_sl_hit,EXTREME,21.16,0.00168214,0.41920000,0.18368320610687022,1.4575381679389312,2018.5299,closed,f,2026-09-20 08:48:58.48064,2026-09-20 09:22:37.010536,"{""rsi_14"": 24.07, ""z_score"": -1.6947, ""is_stale"": false, ""btc_score"": 22.5, ""macd_hist"": -0.00030948, ""btc_regime"": ""RANGING"", ""macd_value"": -0.00119184, ""wave_phase"": ""falling"", ""bb_position"": 0.0763, ""macd_signal"": -0.00088236, ""gap_at_entry"": -0.6725, ""z_score_tier"": ""low"", ""btc_trend_bias"": -0.5, ""momentum_score"": 16.0, ""momentum_state"": ""falling"", ""btc_linreg_bias"": 0.0, ""price_at_signal"": 0.42344, ""speed_percentile"": 39.1, ""staleness_minutes"": 6.51, ""price_acceleration"": -0.0068}"
15840,IO,Hermes-bb-squeeze+,LONG,0.4301,0.02,3,11.10,profit-monster-trail,HIGH,78.55,0.00030643,0.16043000,0.7729227700554759,0.03739948887365206,,closed,f,2026-10-02 12:43:31.218744,2026-10-02 13:14:39.571286,"{""rsi_14"": 57.24, ""z_score"": 2.8208, ""is_stale"": true, ""btc_score"": 99.6, ""macd_hist"": 0.00014687, ""btc_regime"": ""BULL_TREND"", ""macd_value"": 0.00034048, ""wave_phase"": ""accelerating"", ""bb_position"": 1.2052, ""macd_signal"": 0.00019361, ""gap_at_entry"": 1.3125, ""volume_spike"": 1.0, ""z_score_tier"": ""extreme_high"", ""btc_trend_bias"": 0.991, ""momentum_score"": 18.4, ""momentum_state"": ""rising"", ""btc_linreg_bias"": 0.375, ""price_at_signal"": 0.16143, ""final_confidence"": 99, ""speed_percentile"": 45.3, ""staleness_minutes"": 3.15, ""price_acceleration"": 0.008}"
15387,SYRUP,Hermes-rr-struct-v2+,LONG,-5.1475,-0.19,3,11.10,atr_sl_hit,NORMAL,,,0.21564000,0.15071415321832685,1.3958449267297348,6521.6685,closed,f,2026-09-14 14:16:46.326261,2026-09-14 16:05:27.994633,"{""rsi_14"": 28.57, ""z_score"": 1.8338, ""is_stale"": false, ""btc_score"": 98.1, ""macd_hist"": 0.00005581, ""btc_regime"": ""BULL_TREND"", ""macd_value"": 0.00014227, ""wave_phase"": ""accelerating"", ""bb_position"": 0.9584, ""macd_signal"": 0.00008646, ""z_score_tier"": ""high"", ""btc_trend_bias"": 0.958, ""momentum_score"": 35.2, ""momentum_state"": ""rising"", ""btc_linreg_bias"": 0.375, ""price_at_signal"": 0.21577, ""speed_percentile"": 83.2, ""price_acceleration"": 0.0196}"
15565,ETC,Hermes-pump-chain+,LONG,13.4945,0.30,5,11.10,atr_sl_hit,EXTREME,64.68,0.02214286,8.30340000,4.053761109906785,0.8912011946913313,29336.4,closed,f,2026-09-20 09:12:36.804074,2026-09-20 17:21:33.203622,"{""rsi_14"": 66.67, ""z_score"": 0.4478, ""is_stale"": false, ""btc_score"": 14.3, ""macd_hist"": 0.00285695, ""btc_regime"": ""TRANSITIONING"", ""macd_value"": 0.00358452, ""wave_phase"": ""falling"", ""bb_position"": 0.612, ""macd_signal"": 0.00072757, ""gap_at_entry"": -0.3453, ""z_score_tier"": ""neutral"", ""btc_trend_bias"": -0.682, ""momentum_score"": 32.7, ""momentum_state"": ""falling"", ""btc_linreg_bias"": -0.375, ""price_at_signal"": 8.2947, ""speed_percentile"": 79.5, ""staleness_minutes"": 1.08, ""price_acceleration"": -0.0126}"
15566,COMP,Hermes-pump-chain+,LONG,-6.5405,-0.15,5,11.10,atr_sl_hit,EXTREME,76.07,0.04928571,20.87000000,0.7570675610924772,1.449448969813129,16070.972,closed,f,2026-09-20 09:13:31.778666,2026-09-20 13:41:22.750134,"{""rsi_14"": 62.5, ""z_score"": 0.911, ""is_stale"": false, ""btc_score"": 18.4, ""macd_hist"": 0.0094292, ""btc_regime"": ""BEAR_TREND"", ""macd_value"": 0.00676086, ""wave_phase"": ""falling"", ""bb_position"": 0.7277, ""macd_signal"": -0.00266835, ""gap_at_entry"": -1.1743, ""z_score_tier"": ""neutral"", ""btc_trend_bias"": -0.592, ""momentum_score"": 30.4, ""momentum_state"": ""flat"", ""btc_linreg_bias"": -0.375, ""price_at_signal"": 20.836, ""speed_percentile"": 73.9, ""staleness_minutes"": 1.23, ""price_acceleration"": -0.0121}"
15724,YGG,Hermes-rs-s48,LONG,-0.5377,-0.04,3,22.10,profit-monster-trail,EXTREME,36.90,0.00008071,0.02574200,0.5011265635925725,0.08157874291041878,,closed,f,2026-09-29 04:52:32.205344,2026-09-29 05:32:18.320325,"{""rsi_14"": 27.03, ""z_score"": -1.5796, ""is_stale"": false, ""btc_score"": 25.7, ""macd_hist"": -0.00002254, ""btc_regime"": ""RANGING"", ""macd_value"": -0.00002655, ""wave_phase"": ""falling"", ""bb_position"": 0.1051, ""macd_signal"": -0.00000401, ""gap_at_entry"": -0.3453, ""volume_spike"": 0.07, ""z_score_tier"": ""low"", ""btc_trend_bias"": -0.43, ""momentum_score"": 21.8, ""momentum_state"": ""falling"", ""btc_linreg_bias"": 0.25, ""price_at_signal"": 0.025644, ""final_confidence"": 97.8, ""speed_percentile"": 51.6, ""staleness_minutes"": 1.06, ""price_acceleration"": -0.0087}"
15841,MNT,Hermes-bb-squeeze+,LONG,0.9554,0.02,5,11.10,profit-monster-trail,NORMAL,72.29,0.00109643,0.68037000,0.42917824125108395,0.001469788497435219,,closed,f,2026-10-02 12:43:41.239368,2026-10-02 13:15:49.751644,"{""rsi_14"": 73.57, ""z_score"": 2.2335, ""is_stale"": true, ""btc_score"": 99.1, ""macd_hist"": 0.00046828, ""btc_regime"": ""BULL_TREND"", ""macd_value"": 0.00068662, ""wave_phase"": ""falling"", ""bb_position"": 1.0584, ""macd_signal"": 0.00021833, ""gap_at_entry"": 0.5479, ""volume_spike"": 1.0, ""z_score_tier"": ""extreme_high"", ""btc_trend_bias"": 0.981, ""momentum_score"": 16.9, ""momentum_state"": ""rising"", ""btc_linreg_bias"": 0.375, ""price_at_signal"": 0.68354, ""final_confidence"": 99, ""speed_percentile"": 41.5, ""staleness_minutes"": 4.17, ""price_acceleration"": -0.0019}"
15567,ADA,Hermes-pump-chain+,LONG,23.0647,0.52,5,11.10,atr_sl_hit,HIGH,62.18,0.00061036,0.21960000,5.9949908925318764,0.5009107468123861,29166.994,closed,f,2026-09-20 09:13:41.8394,2026-09-20 17:19:48.833417,"{""rsi_14"": 57.14, ""z_score"": 1.7709, ""is_stale"": false, ""btc_score"": 49.6, ""macd_hist"": 0.00016826, ""btc_regime"": ""TRANSITIONING"", ""macd_value"": 0.00017849, ""wave_phase"": ""accelerating"", ""bb_position"": 0.9427, ""macd_signal"": 0.00001023, ""gap_at_entry"": -0.2661, ""z_score_tier"": ""high"", ""btc_trend_bias"": 0.0, ""momentum_score"": 21.2, ""momentum_state"": ""rising"", ""btc_linreg_bias"": -0.375, ""price_at_signal"": 0.220135, ""speed_percentile"": 51.6, ""staleness_minutes"": 5.4, ""price_acceleration"": 0.0039}"
15686,CASHCAT,Hermes-pump-chain-,SHORT,1.5907,0.06,3,11.10,atr_sl_hit,EXTREME,30.03,0.00163321,0.16219000,1.590726925211172,0.009248412355878907,2322.4514,closed,f,2026-09-24 17:31:41.039809,2026-09-24 18:10:23.491293,"{""rsi_14"": 65.98, ""z_score"": -2.0847, ""is_stale"": false, ""btc_score"": 44.8, ""macd_hist"": -0.00019114, ""btc_regime"": ""TRANSITIONING"", ""macd_value"": -0.00058713, ""wave_phase"": ""bottoming"", ""bb_position"": -0.0212, ""macd_signal"": -0.00039598, ""gap_at_entry"": 1.8713, ""z_score_tier"": ""extreme_low"", ""btc_trend_bias"": -0.005, ""momentum_score"": 32.4, ""momentum_state"": ""falling"", ""btc_linreg_bias"": 0.25, ""price_at_signal"": 0.16183, ""speed_percentile"": 77.6, ""staleness_minutes"": 1.37, ""price_acceleration"": 0.0004}"
15684,BTC,Hermes-pump-chain-,SHORT,1.1064,0.03,5,11.10,pump_exit_dead_money,NORMAL,28.57,130.89857143,84509.00000000,0.7567241358908519,0.4490645966701771,7228.658,closed,f,2026-09-24 16:16:25.072378,2026-09-24 18:16:53.730744,"{""rsi_14"": 41.66, ""z_score"": -1.5175, ""is_stale"": false, ""btc_score"": 67.1, ""macd_hist"": -32.97751375, ""btc_regime"": ""BULL_TREND"", ""macd_value"": -72.01832068, ""wave_phase"": ""accelerating"", ""bb_position"": 0.1206, ""macd_signal"": -39.04080693, ""gap_at_entry"": 0.1673, ""z_score_tier"": ""low"", ""btc_trend_bias"": 0.269, ""momentum_score"": 11.1, ""momentum_state"": ""flat"", ""btc_linreg_bias"": 0.25, ""price_at_signal"": 84115.5, ""speed_percentile"": 24.2, ""staleness_minutes"": 1.13, ""price_acceleration"": 0.0167}"
15389,APT,Hermes-pump-chain-,SHORT,-6.7337,0.00,5,11.10,atr_sl_hit,HIGH,,,0.58660000,0.2898056597340607,1.466075690419366,8214.136,closed,f,2026-09-14 14:56:29.88883,2026-09-14 17:13:24.024863,"{""rsi_14"": 75.0, ""z_score"": -1.1143, ""is_stale"": true, ""btc_score"": 97.8, ""macd_hist"": 0.00012981, ""btc_regime"": ""BULL_TREND"", ""macd_value"": -0.00085096, ""wave_phase"": ""neutral"", ""bb_position"": 0.2214, ""macd_signal"": -0.00098076, ""z_score_tier"": ""low"", ""btc_trend_bias"": 0.951, ""momentum_score"": 0.8, ""momentum_state"": ""flat"", ""btc_linreg_bias"": 0.375, ""price_at_signal"": 0.5868, ""speed_percentile"": 1.9, ""price_acceleration"": 0.0}"
15569,LINK,Hermes-pullback-entry-,SHORT,-7.0105,-0.17,5,11.10,atr_sl_hit,HIGH,42.25,0.02632143,11.98200000,0.06259389083625438,1.3019529293940912,11808.558,closed,f,2026-09-20 10:46:53.497348,2026-09-20 14:03:42.054738,"{""rsi_14"": 50.0, ""z_score"": -0.672, ""is_stale"": false, ""btc_score"": 34.8, ""macd_hist"": -0.00050094, ""btc_regime"": ""RANGING"", ""macd_value"": 0.00028178, ""wave_phase"": ""falling"", ""bb_position"": 0.332, ""macd_signal"": 0.00078271, ""gap_at_entry"": -0.2821, ""z_score_tier"": ""neutral"", ""btc_trend_bias"": -0.226, ""momentum_score"": 31.4, ""momentum_state"": ""flat"", ""btc_linreg_bias"": 0.0, ""price_at_signal"": 11.9845, ""speed_percentile"": 75.8, ""staleness_minutes"": 1.14, ""price_acceleration"": -0.013}"
15390,INJ,Hermes-pump-chain+,LONG,12.5302,0.28,5,11.10,atr_sl_hit,EXTREME,,,6.17710000,3.9176960062165094,0.06232698191708083,14876.767,closed,f,2026-09-14 15:27:32.984518,2026-09-14 19:35:29.751062,"{""rsi_14"": 53.49, ""z_score"": 1.5018, ""is_stale"": false, ""btc_score"": 72.3, ""macd_hist"": 0.00672889, ""btc_regime"": ""BULL_TREND"", ""macd_value"": 0.01388672, ""wave_phase"": ""falling"", ""bb_position"": 0.8754, ""macd_signal"": 0.00715783, ""z_score_tier"": ""high"", ""btc_trend_bias"": 0.385, ""momentum_score"": 5.0, ""momentum_state"": ""rising"", ""btc_linreg_bias"": 0.25, ""price_at_signal"": 6.19265, ""speed_percentile"": 12.4, ""price_acceleration"": -0.0069}"
15120,NEO,Hermes-bb-bounce-v2-long+,LONG,4.0404,0.09,5,11.10,profit-monster-trail,HIGH,,,2.19040000,1.0546018991964938,0.44740686632578525,11742.501,closed,f,2026-09-08 20:41:27.844494,2026-09-08 23:57:10.345634,"{""rsi_14"": 26.92, ""z_score"": -0.9267, ""is_stale"": true, ""macd_hist"": -0.00101179, ""macd_value"": -0.00248346, ""wave_phase"": ""falling"", ""bb_position"": 0.2683, ""macd_signal"": -0.00147167, ""z_score_tier"": ""neutral"", ""momentum_score"": 3.3, ""momentum_state"": ""flat"", ""price_at_signal"": 2.1935, ""speed_percentile"": 8.1, ""price_acceleration"": -0.0018}"
15568,DOGE,Hermes-pullback-entry-,SHORT,-6.0091,-0.27,5,22.10,atr_sl_hit,NORMAL,45.82,0.00015771,0.08462100,0.012999137329977192,1.314094610084967,16456.13,closed,f,2026-09-20 10:43:28.326235,2026-09-20 15:17:44.457435,"{""rsi_14"": 26.67, ""z_score"": -2.1089, ""is_stale"": false, ""btc_score"": 28.6, ""macd_hist"": 0.00000159, ""btc_regime"": ""RANGING"", ""macd_value"": -0.00002046, ""wave_phase"": ""falling"", ""bb_position"": -0.0272, ""macd_signal"": -0.00002205, ""gap_at_entry"": -0.4195, ""z_score_tier"": ""extreme_low"", ""btc_trend_bias"": -0.364, ""momentum_score"": 15.5, ""momentum_state"": ""falling"", ""btc_linreg_bias"": 0.0, ""price_at_signal"": 0.08476, ""speed_percentile"": 37.3, ""staleness_minutes"": 0.62, ""price_acceleration"": -0.0088}"
15845,AIXBT,Hermes-mtf-regime-trend+,LONG,2.9522,0.06,3,22.10,profit-monster-trail,HIGH,44.59,0.00005993,0.02347400,1.013887705546562,0.01704012950498424,,closed,f,2026-10-02 13:29:28.014972,2026-10-02 13:45:53.043266,"{""rsi_14"": 38.61, ""z_score"": 1.2187, ""is_stale"": false, ""btc_score"": 78.7, ""macd_hist"": -0.00000229, ""btc_regime"": ""BULL_TREND"", ""macd_value"": -0.00000574, ""wave_phase"": ""falling"", ""bb_position"": 0.8047, ""macd_signal"": -0.00000345, ""gap_at_entry"": 0.5951, ""volume_spike"": 0.24, ""z_score_tier"": ""high"", ""btc_trend_bias"": 0.526, ""momentum_score"": 29.3, ""momentum_state"": ""rising"", ""btc_linreg_bias"": 0.25, ""price_at_signal"": 0.023456, ""final_confidence"": 90.0, ""speed_percentile"": 71.1, ""staleness_minutes"": 2.0, ""price_acceleration"": -0.0027}"
15572,WLFI,Hermes-doji-bottom-long,LONG,-6.6949,-0.15,5,11.10,atr_sl_hit,NORMAL,84.62,0.00009743,0.05825300,0.39139615127117916,1.3252536350059225,40680.656,closed,f,2026-09-20 17:46:20.640777,2026-09-21 05:04:21.297357,"{""rsi_14"": 33.33, ""z_score"": 0.8831, ""is_stale"": true, ""btc_score"": 94.0, ""macd_hist"": 0.00002382, ""btc_regime"": ""TRANSITIONING"", ""macd_value"": -0.00003817, ""wave_phase"": ""falling"", ""bb_position"": 0.7208, ""macd_signal"": -0.00006199, ""gap_at_entry"": -0.3656, ""z_score_tier"": ""neutral"", ""btc_trend_bias"": 0.866, ""momentum_score"": 2.9, ""momentum_state"": ""rising"", ""btc_linreg_bias"": 0.25, ""price_at_signal"": 0.058031, ""speed_percentile"": 6.8, ""staleness_minutes"": 5.52, ""price_acceleration"": -0.0037}"
15687,BTC,Hermes-continuum-osc+,LONG,1.9957,0.05,5,11.10,UNIVERSAL_MAX_HOLD,NORMAL,76.35,121.92857143,84432.00000000,0.4909276103846883,0.519352851999242,28846.85,closed,f,2026-09-24 18:25:31.063397,2026-09-25 02:26:17.913236,"{""rsi_14"": 81.0, ""z_score"": 1.6656, ""is_stale"": false, ""btc_score"": 62.8, ""macd_hist"": 42.1943141, ""btc_regime"": ""RANGING"", ""macd_value"": 58.96287608, ""wave_phase"": ""accelerating"", ""bb_position"": 0.9164, ""macd_signal"": 16.76856198, ""gap_at_entry"": 0.2034, ""z_score_tier"": ""high"", ""btc_trend_bias"": 0.173, ""momentum_score"": 15.5, ""momentum_state"": ""rising"", ""btc_linreg_bias"": -0.25, ""price_at_signal"": 84350.5, ""speed_percentile"": 37.3, ""staleness_minutes"": 5.23, ""price_acceleration"": 0.0012}"
15574,ACE,Hermes-pump-chain+,LONG,0.7533,0.06,3,22.10,atr_sl_hit,EXTREME,67.86,0.00045714,0.15930000,1.5065913370998116,0.12554927809165098,6346.898,closed,f,2026-09-20 19:12:04.34938,2026-09-20 20:57:51.247446,"{""rsi_14"": 66.67, ""z_score"": 2.0894, ""is_stale"": false, ""btc_score"": 55.9, ""macd_hist"": 0.00014965, ""btc_regime"": ""TRANSITIONING"", ""macd_value"": 0.00010413, ""wave_phase"": ""falling"", ""bb_position"": 1.0223, ""macd_signal"": -0.00004552, ""gap_at_entry"": -0.2657, ""z_score_tier"": ""extreme_high"", ""btc_trend_bias"": 0.02, ""momentum_score"": 21.1, ""momentum_state"": ""rising"", ""btc_linreg_bias"": -0.25, ""price_at_signal"": 0.1594, ""speed_percentile"": 51.6, ""staleness_minutes"": 1.58, ""price_acceleration"": -0.0046}"
15713,SOL,Hermes-rs-s82,LONG,-1.8179,-0.07,5,11.10,hard_sl,HIGH,53.62,0.42821429,119.92000000,0.054202801867910044,1.7886924616410906,12596.194,closed,f,2026-09-28 18:25:32.305603,2026-09-28 21:55:28.499603,"{""rsi_14"": 45.21, ""z_score"": 1.3114, ""is_stale"": false, ""btc_score"": 77.1, ""macd_hist"": 0.00854698, ""btc_regime"": ""TRANSITIONING"", ""macd_value"": 0.03949641, ""wave_phase"": ""falling"", ""bb_position"": 0.8278, ""macd_signal"": 0.03094943, ""gap_at_entry"": 0.5046, ""volume_spike"": 0.0, ""z_score_tier"": ""high"", ""btc_trend_bias"": 0.49, ""momentum_score"": 29.8, ""momentum_state"": ""flat"", ""btc_linreg_bias"": 0.25, ""price_at_signal"": 119.875, ""final_confidence"": 97.8, ""speed_percentile"": 69.6, ""staleness_minutes"": 1.04, ""price_acceleration"": -0.0199}"
15575,BLUR,Hermes-pullback-entry-,SHORT,-4.5335,-0.17,3,11.10,atr_sl_hit,NORMAL,35.51,0.00002643,0.01859500,0.49475665501478894,1.3014251142780318,17438.445,closed,f,2026-09-20 19:18:03.044513,2026-09-21 00:08:41.490146,"{""rsi_14"": 33.33, ""z_score"": -1.0602, ""is_stale"": false, ""btc_score"": 54.2, ""macd_hist"": 0.00000062, ""btc_regime"": ""RANGING"", ""macd_value"": -0.00000218, ""wave_phase"": ""accelerating"", ""bb_position"": 0.2349, ""macd_signal"": -0.0000028, ""gap_at_entry"": 0.2716, ""z_score_tier"": ""low"", ""btc_trend_bias"": 0.0, ""momentum_score"": 18.3, ""momentum_state"": ""falling"", ""btc_linreg_bias"": -0.25, ""price_at_signal"": 0.0186, ""speed_percentile"": 44.1, ""staleness_minutes"": 1.56, ""price_acceleration"": 0.0055}"
15391,JUP,Hermes-rr-struct-v2+,LONG,4.2066,0.09,5,11.10,atr_sl_hit,HIGH,,,0.24010000,2.7967513536026654,0.2811328613077884,15912.9,closed,f,2026-09-14 16:37:14.440198,2026-09-14 21:02:27.340334,"{""rsi_14"": 52.17, ""z_score"": -0.4346, ""is_stale"": false, ""btc_score"": 96.7, ""macd_hist"": -0.00009797, ""btc_regime"": ""BULL_TREND"", ""macd_value"": 0.00087476, ""wave_phase"": ""falling"", ""bb_position"": 0.3914, ""macd_signal"": 0.00097273, ""z_score_tier"": ""neutral"", ""btc_trend_bias"": 0.927, ""momentum_score"": 29.2, ""momentum_state"": ""falling"", ""btc_linreg_bias"": 0.25, ""price_at_signal"": 0.24028, ""speed_percentile"": 71.4, ""price_acceleration"": -0.0048}"
15691,IOTA,Hermes-rs-s37,LONG,-0.2935,-0.01,3,11.10,profit-monster-trail,NORMAL,32.49,0.00014821,0.05009200,0.4371955601692885,0.7506188612952168,,closed,f,2026-09-27 14:48:50.772669,2026-09-27 16:44:32.759614,"{""rsi_14"": 50.0, ""z_score"": -1.8243, ""is_stale"": false, ""btc_score"": 28.6, ""macd_hist"": 0.00000185, ""btc_regime"": ""TRANSITIONING"", ""macd_value"": -0.00003081, ""wave_phase"": ""falling"", ""bb_position"": 0.0439, ""macd_signal"": -0.00003267, ""gap_at_entry"": -0.8323, ""z_score_tier"": ""low"", ""btc_trend_bias"": -0.364, ""momentum_score"": 22.8, ""momentum_state"": ""falling"", ""btc_linreg_bias"": -0.25, ""price_at_signal"": 0.050231, ""speed_percentile"": 54.7, ""staleness_minutes"": 1.38, ""price_acceleration"": -0.0084}"
15395,SYRUP,Hermes-rr-struct-v2+,LONG,0.7578,0.02,3,11.10,atr_sl_hit,NORMAL,,,0.21774000,1.3892716083402223,0.0022963167080003676,4913.52,closed,f,2026-09-14 20:17:33.08544,2026-09-14 21:39:26.6055,"{""rsi_14"": 77.78, ""z_score"": 2.2087, ""is_stale"": false, ""btc_score"": 66.4, ""macd_hist"": 0.00013106, ""btc_regime"": ""RANGING"", ""macd_value"": 0.00028303, ""wave_phase"": ""accelerating"", ""bb_position"": 1.0522, ""macd_signal"": 0.00015197, ""z_score_tier"": ""extreme_high"", ""btc_trend_bias"": 0.253, ""momentum_score"": 16.6, ""momentum_state"": ""rising"", ""btc_linreg_bias"": -0.25, ""price_at_signal"": 0.216265, ""speed_percentile"": 40.4, ""price_acceleration"": 0.0034}"
15577,AIXBT,Hermes-pump-chain+,LONG,2.3858,0.09,3,11.10,atr_sl_hit,HIGH,65.36,0.00006400,0.02099900,2.1429591885327874,0.3952569169960474,11881.799,closed,f,2026-09-20 22:18:36.533388,2026-09-21 01:36:38.332018,"{""rsi_14"": 54.05, ""z_score"": 0.7767, ""is_stale"": false, ""btc_score"": 90.8, ""macd_hist"": 0.0000073, ""btc_regime"": ""TRANSITIONING"", ""macd_value"": 0.00005071, ""wave_phase"": ""accelerating"", ""bb_position"": 0.6942, ""macd_signal"": 0.00004341, ""gap_at_entry"": 0.6873, ""z_score_tier"": ""neutral"", ""btc_trend_bias"": 0.795, ""momentum_score"": 32.5, ""momentum_state"": ""rising"", ""btc_linreg_bias"": 0.25, ""price_at_signal"": 0.02103, ""speed_percentile"": 77.0, ""staleness_minutes"": 1.01, ""price_acceleration"": 0.0173}"
15397,USUAL,Hermes-pullback-entry-,SHORT,-4.8593,-0.18,3,11.10,atr_sl_hit,HIGH,,,0.01173000,0.08525149190110827,1.5345268542199488,16129.325,closed,f,2026-09-14 22:47:34.097816,2026-09-15 03:16:23.423259,"{""rsi_14"": 20.0, ""z_score"": 0.9941, ""is_stale"": true, ""btc_score"": 22.0, ""macd_hist"": 0.0000032, ""btc_regime"": ""BEAR_TREND"", ""macd_value"": -0.0000065, ""wave_phase"": ""accelerating"", ""bb_position"": 0.7485, ""macd_signal"": -0.0000097, ""z_score_tier"": ""neutral"", ""btc_trend_bias"": -0.511, ""momentum_score"": 4.6, ""momentum_state"": ""flat"", ""btc_linreg_bias"": -0.375, ""price_at_signal"": 0.01174, ""speed_percentile"": 11.2, ""price_acceleration"": 0.0006}"
15398,ALT,Hermes-pullback-entry-,SHORT,-4.8766,-0.18,3,11.10,atr_sl_hit,HIGH,,,0.00664400,0.7375075255869958,1.670680313064419,7075.439,closed,f,2026-09-14 22:56:29.253388,2026-09-15 00:54:24.692318,"{""rsi_14"": 33.33, ""z_score"": -0.3585, ""is_stale"": true, ""btc_score"": 3.2, ""macd_hist"": 0.00000103, ""btc_regime"": ""BEAR_TREND"", ""macd_value"": -0.00000131, ""wave_phase"": ""falling"", ""bb_position"": 0.4104, ""macd_signal"": -0.00000234, ""z_score_tier"": ""neutral"", ""btc_trend_bias"": -0.928, ""momentum_score"": 7.2, ""momentum_state"": ""falling"", ""btc_linreg_bias"": -0.375, ""price_at_signal"": 0.006657, ""speed_percentile"": 17.4, ""price_acceleration"": -0.005}"
15580,BTC,"Hermes-continuum-osc+,rs-s162",LONG,0.1226,0.00,5,11.10,profit-monster-trail,NORMAL,82.73,220.65857143,81556.00000000,0.40769532591103047,0.40892147726715383,,closed,f,2026-09-21 02:24:09.656616,2026-09-21 06:45:36.562052,"{""rsi_14"": 78.66, ""z_score"": 1.7998, ""is_stale"": true, ""btc_score"": 55.2, ""macd_hist"": 39.83993928, ""btc_regime"": ""TRANSITIONING"", ""macd_value"": 78.17661575, ""wave_phase"": ""falling"", ""bb_position"": 0.9499, ""macd_signal"": 38.33667647, ""gap_at_entry"": 0.0092, ""z_score_tier"": ""high"", ""btc_trend_bias"": 0.004, ""momentum_score"": 9.2, ""momentum_state"": ""rising"", ""btc_linreg_bias"": -0.25, ""price_at_signal"": 81510.5, ""speed_percentile"": 22.4, ""staleness_minutes"": 4.59, ""price_acceleration"": -0.0065}"
15573,BANANA,Hermes-pump-chain+,LONG,-0.0599,0.00,3,11.10,atr_sl_hit,NORMAL,88.40,0.00786071,4.00690000,1.2965135141880257,1.0494397164890563,28601.604,closed,f,2026-09-20 19:11:50.318382,2026-09-21 03:08:31.922742,"{""rsi_14"": 28.89, ""z_score"": 2.2079, ""is_stale"": false, ""btc_score"": 55.9, ""macd_hist"": 0.00356459, ""btc_regime"": ""TRANSITIONING"", ""macd_value"": 0.00409776, ""wave_phase"": ""falling"", ""bb_position"": 1.052, ""macd_signal"": 0.00053317, ""gap_at_entry"": 0.8135, ""z_score_tier"": ""extreme_high"", ""btc_trend_bias"": 0.02, ""momentum_score"": 26.8, ""momentum_state"": ""rising"", ""btc_linreg_bias"": -0.25, ""price_at_signal"": 4.0031, ""speed_percentile"": 65.2, ""staleness_minutes"": 1.39, ""price_acceleration"": -0.0129}"
15400,STX,Hermes-pullback-entry-,SHORT,9.3867,0.21,5,11.10,atr_sl_hit,HIGH,,,0.26367000,3.0682292259263475,1.0467629992035499,55068.133,closed,f,2026-09-14 23:14:34.949356,2026-09-15 14:32:23.080887,"{""rsi_14"": 50.0, ""z_score"": 0.2056, ""is_stale"": false, ""btc_score"": 0.5, ""macd_hist"": 0.00004449, ""btc_regime"": ""BEAR_TREND"", ""macd_value"": -0.00017876, ""wave_phase"": ""accelerating"", ""bb_position"": 0.5514, ""macd_signal"": -0.00022325, ""z_score_tier"": ""neutral"", ""btc_trend_bias"": -0.99, ""momentum_score"": 28.9, ""momentum_state"": ""rising"", ""btc_linreg_bias"": -0.375, ""price_at_signal"": 0.2642, ""speed_percentile"": 70.8, ""price_acceleration"": 0.0025}"
15582,HEMI,Hermes-pump-chain+,LONG,-4.0658,-0.15,3,11.10,atr_sl_hit,HIGH,70.83,0.00002929,0.00619800,0.11293965795417876,1.3875443691513392,2517.8767,closed,f,2026-09-21 03:08:27.400836,2026-09-21 03:50:25.277631,"{""rsi_14"": 69.23, ""z_score"": 2.242, ""is_stale"": false, ""btc_score"": 75.5, ""macd_hist"": 0.00000876, ""btc_regime"": ""TRANSITIONING"", ""macd_value"": 0.00000838, ""wave_phase"": ""accelerating"", ""bb_position"": 1.0605, ""macd_signal"": -0.00000038, ""gap_at_entry"": -0.3689, ""z_score_tier"": ""extreme_high"", ""btc_trend_bias"": 0.457, ""momentum_score"": 30.9, ""momentum_state"": ""rising"", ""btc_linreg_bias"": 0.0, ""price_at_signal"": 0.006205, ""speed_percentile"": 71.4, ""staleness_minutes"": 1.22, ""price_acceleration"": 0.0161}"
15399,DOT,Hermes-pullback-entry-,SHORT,4.5717,0.10,5,11.10,atr_sl_hit,HIGH,,,1.00620000,2.094017094017094,0.5515802027429935,24473.514,closed,f,2026-09-14 23:06:30.801222,2026-09-15 05:54:24.314945,"{""rsi_14"": 44.44, ""z_score"": -1.421, ""is_stale"": false, ""btc_score"": 1.4, ""macd_hist"": -0.00002267, ""btc_regime"": ""BEAR_TREND"", ""macd_value"": 0.00008977, ""wave_phase"": ""accelerating"", ""bb_position"": 0.1448, ""macd_signal"": 0.00011244, ""z_score_tier"": ""low"", ""btc_trend_bias"": -0.969, ""momentum_score"": 21.3, ""momentum_state"": ""falling"", ""btc_linreg_bias"": -0.375, ""price_at_signal"": 1.00865, ""speed_percentile"": 51.6, ""price_acceleration"": 0.0046}"
15581,ALGO,Hermes-pump-chain+,LONG,-6.8844,-0.15,5,11.10,atr_sl_hit,EXTREME,84.62,0.00070643,0.11112000,0.593952483801296,1.363390928725702,3651.4954,closed,f,2026-09-21 03:06:32.752477,2026-09-21 04:07:24.247724,"{""rsi_14"": 68.75, ""z_score"": 1.6117, ""is_stale"": false, ""btc_score"": 40.1, ""macd_hist"": 0.00011312, ""btc_regime"": ""RANGING"", ""macd_value"": 0.00034626, ""wave_phase"": ""accelerating"", ""bb_position"": 0.9029, ""macd_signal"": 0.00023314, ""gap_at_entry"": 0.4513, ""z_score_tier"": ""high"", ""btc_trend_bias"": -0.108, ""momentum_score"": 26.4, ""momentum_state"": ""rising"", ""btc_linreg_bias"": 0.0, ""price_at_signal"": 0.110035, ""speed_percentile"": 61.5, ""staleness_minutes"": 5.21, ""price_acceleration"": 0.0204}"
15402,FOGO,Hermes-pullback-entry-,SHORT,-4.0702,-0.15,3,11.10,atr_sl_hit,HIGH,,,0.00626500,0.4309656823623304,1.3886671987230645,20568.256,closed,f,2026-09-15 03:11:34.031406,2026-09-15 08:54:22.286478,"{""rsi_14"": 50.0, ""z_score"": 0.1716, ""is_stale"": true, ""btc_score"": 2.9, ""macd_hist"": 0.00000008, ""btc_regime"": ""BEAR_TREND"", ""macd_value"": -0.00000088, ""wave_phase"": ""falling"", ""bb_position"": 0.5429, ""macd_signal"": -0.00000096, ""z_score_tier"": ""neutral"", ""btc_trend_bias"": -0.936, ""momentum_score"": 14.2, ""momentum_state"": ""falling"", ""btc_linreg_bias"": -0.25, ""price_at_signal"": 0.006299, ""speed_percentile"": 34.8, ""price_acceleration"": -0.0046}"
15584,KAS,Hermes-bb-bounce-v3-long+,LONG,-0.6600,-0.02,3,11.10,profit-monster-trail,HIGH,76.92,0.00007829,0.04000000,1.1525,0.0475,,closed,f,2026-09-21 05:33:32.6026,2026-09-21 05:47:35.319894,"{""rsi_14"": 61.64, ""z_score"": 1.4808, ""is_stale"": true, ""btc_score"": 90.8, ""macd_hist"": 0.00001739, ""btc_regime"": ""TRANSITIONING"", ""macd_value"": -0.00001841, ""wave_phase"": ""accelerating"", ""bb_position"": 0.8702, ""macd_signal"": -0.0000358, ""gap_at_entry"": 0.1165, ""z_score_tier"": ""high"", ""btc_trend_bias"": 0.795, ""momentum_score"": 6.0, ""momentum_state"": ""flat"", ""btc_linreg_bias"": 0.25, ""price_at_signal"": 0.03992, ""speed_percentile"": 14.3, ""staleness_minutes"": 2.0, ""price_acceleration"": 0.0003}"
15832,BTC,Hermes-continuum-osc+,LONG,-4.4152,-0.20,5,22.10,cut-loser-MAE-GUARD,FLAT,33.88,104.50000000,86180.00000000,1.0344627523787422,0.9706428405662567,,closed,f,2026-10-02 09:01:26.788383,2026-10-02 15:26:28.210802,"{""rsi_14"": 36.68, ""z_score"": -1.2008, ""is_stale"": true, ""btc_score"": 87.6, ""macd_hist"": -0.49908808, ""btc_regime"": ""BULL_TREND"", ""macd_value"": -24.58264917, ""wave_phase"": ""accelerating"", ""bb_position"": 0.1998, ""macd_signal"": -24.0835611, ""gap_at_entry"": 0.2829, ""volume_spike"": 0.33, ""z_score_tier"": ""low"", ""btc_trend_bias"": 0.725, ""momentum_score"": 5.4, ""momentum_state"": ""flat"", ""btc_linreg_bias"": 0.25, ""price_at_signal"": 86221.5, ""final_confidence"": 90.5, ""speed_percentile"": 13.2, ""staleness_minutes"": 1.18, ""price_acceleration"": 0.0055}"
15586,APT,Hermes-r2-trend-short3,SHORT,-0.6756,-0.02,5,11.10,profit-monster-trail,EXTREME,53.33,0.00321429,0.74010000,0.5539791920010809,0.0675584380489123,,closed,f,2026-09-21 05:55:30.970613,2026-09-21 06:13:35.161387,"{""rsi_14"": 26.67, ""z_score"": -1.3604, ""is_stale"": false, ""btc_score"": 87.9, ""macd_hist"": -0.00033468, ""btc_regime"": ""BULL_TREND"", ""macd_value"": -0.00088907, ""wave_phase"": ""falling"", ""bb_position"": 0.1599, ""macd_signal"": -0.00055439, ""gap_at_entry"": -0.6207, ""z_score_tier"": ""low"", ""btc_trend_bias"": 0.732, ""momentum_score"": 23.0, ""momentum_state"": ""flat"", ""btc_linreg_bias"": 0.25, ""price_at_signal"": 0.7384, ""speed_percentile"": 55.3, ""staleness_minutes"": 4.22, ""price_acceleration"": -0.0106}"
15692,POL,Hermes-bb-bounce-v2-long+,LONG,4.4329,0.10,5,11.10,profit-monster-trail,HIGH,28.40,0.00034357,0.11956000,1.3842422214787555,0.28437604550016726,,closed,f,2026-09-27 15:02:29.347889,2026-09-27 16:27:27.637149,"{""rsi_14"": 50.0, ""z_score"": -0.2461, ""is_stale"": true, ""btc_score"": 3.6, ""macd_hist"": 0.00000246, ""btc_regime"": ""BEAR_TREND"", ""macd_value"": -0.00002471, ""wave_phase"": ""falling"", ""bb_position"": 0.4385, ""macd_signal"": -0.00002717, ""gap_at_entry"": -0.2856, ""volume_spike"": 0.47, ""z_score_tier"": ""neutral"", ""btc_trend_bias"": -0.919, ""momentum_score"": 1.7, ""momentum_state"": ""flat"", ""btc_linreg_bias"": -1.0, ""price_at_signal"": 0.119955, ""speed_percentile"": 4.3, ""staleness_minutes"": 1.1, ""price_acceleration"": -0.0028}"
15403,SUSHI,Hermes-pullback-entry-,SHORT,1.3668,0.05,3,11.10,atr_sl_hit,HIGH,,,0.21510000,1.6689911668991166,0.7717340771734077,32923.383,closed,f,2026-09-15 03:31:39.773173,2026-09-15 12:40:23.155091,"{""rsi_14"": 52.63, ""z_score"": 0.3674, ""is_stale"": true, ""btc_score"": 14.7, ""macd_hist"": 0.00003488, ""btc_regime"": ""BEAR_TREND"", ""macd_value"": -0.00026451, ""wave_phase"": ""decelerating"", ""bb_position"": 0.5918, ""macd_signal"": -0.00029939, ""z_score_tier"": ""neutral"", ""btc_trend_bias"": -0.674, ""momentum_score"": 9.6, ""momentum_state"": ""flat"", ""btc_linreg_bias"": -0.375, ""price_at_signal"": 0.21539, ""speed_percentile"": 23.6, ""price_acceleration"": -0.0009}"
15852,COMP,Hermes-mtf-regime-trend+,LONG,0.1276,0.01,5,22.10,profit-monster-trail,NORMAL,10.10,0.06614286,24.59730000,0.4134600139039651,0.2492143446638452,,closed,f,2026-10-02 14:58:28.984514,2026-10-02 15:40:34.78554,"{""rsi_14"": 57.3, ""z_score"": -1.7789, ""is_stale"": false, ""btc_score"": 0.0, ""macd_hist"": -0.00707165, ""btc_regime"": ""BEAR_TREND"", ""macd_value"": -0.00563164, ""wave_phase"": ""falling"", ""bb_position"": 0.0553, ""macd_signal"": 0.00144002, ""gap_at_entry"": 0.2592, ""volume_spike"": 0.07, ""z_score_tier"": ""low"", ""btc_trend_bias"": -1.0, ""momentum_score"": 19.8, ""momentum_state"": ""falling"", ""btc_linreg_bias"": -0.375, ""price_at_signal"": 24.6985, ""final_confidence"": 93.0, ""speed_percentile"": 47.8, ""staleness_minutes"": 2.08, ""price_acceleration"": -0.0097}"
15695,POL,Hermes-continuation+,LONG,14.2916,0.32,5,11.10,profit-monster-trail,HIGH,47.53,0.00030643,0.12070000,3.5211267605633805,0.8285004142502072,,closed,f,2026-09-27 16:41:26.909857,2026-09-27 20:21:46.108015,"{""rsi_14"": 49.06, ""z_score"": -1.1729, ""is_stale"": false, ""btc_score"": 15.4, ""macd_hist"": -0.00004278, ""btc_regime"": ""RANGING"", ""macd_value"": -0.00009143, ""wave_phase"": ""falling"", ""bb_position"": 0.2068, ""macd_signal"": -0.00004865, ""gap_at_entry"": 0.1304, ""volume_spike"": 0.35, ""z_score_tier"": ""low"", ""btc_trend_bias"": -0.657, ""momentum_score"": 38.6, ""momentum_state"": ""flat"", ""btc_linreg_bias"": 0.0, ""price_at_signal"": 0.12057, ""speed_percentile"": 92.5, ""staleness_minutes"": 3.19, ""price_acceleration"": -0.0126}"
15404,CHIP,Hermes-pullback-entry-,SHORT,-4.6276,-0.34,3,22.10,atr_sl_hit,EXTREME,,,0.04097200,0.5125451527872693,1.3960753685443719,9061.894,closed,f,2026-09-15 07:06:37.858796,2026-09-15 09:37:39.752709,"{""rsi_14"": 34.04, ""z_score"": 2.6097, ""is_stale"": false, ""btc_score"": 4.1, ""macd_hist"": 0.00000751, ""btc_regime"": ""BEAR_TREND"", ""macd_value"": 0.00000802, ""wave_phase"": ""falling"", ""bb_position"": 1.1524, ""macd_signal"": 0.00000052, ""z_score_tier"": ""extreme_high"", ""btc_trend_bias"": -0.908, ""momentum_score"": 20.9, ""momentum_state"": ""rising"", ""btc_linreg_bias"": -0.375, ""price_at_signal"": 0.040902, ""speed_percentile"": 50.3, ""price_acceleration"": -0.0083}"
15587,CASHCAT,Hermes-pump-chain+,LONG,11.5958,0.43,3,11.10,atr_sl_hit,EXTREME,70.51,0.00086964,0.17308000,5.714120637855327,0.10110931361220245,3227.0479,closed,f,2026-09-21 08:06:35.794059,2026-09-21 09:00:22.841979,"{""rsi_14"": 65.98, ""z_score"": 1.2353, ""is_stale"": false, ""btc_score"": 95.4, ""macd_hist"": 0.00032437, ""btc_regime"": ""TRANSITIONING"", ""macd_value"": 0.00050833, ""wave_phase"": ""decelerating"", ""bb_position"": 0.8088, ""macd_signal"": 0.00018395, ""gap_at_entry"": -0.4566, ""z_score_tier"": ""high"", ""btc_trend_bias"": 0.897, ""momentum_score"": 25.3, ""momentum_state"": ""rising"", ""btc_linreg_bias"": 0.25, ""price_at_signal"": 0.17146, ""speed_percentile"": 61.5, ""staleness_minutes"": 4.29, ""price_acceleration"": -0.009}"
15851,JUP,Hermes-mtf-regime-trend+,LONG,-1.3257,-0.06,5,22.10,profit-monster-trail,HIGH,42.41,0.00123929,0.32814000,0.4357896019991467,0.5424513926982386,,closed,f,2026-10-02 14:56:38.719438,2026-10-02 15:45:36.878431,"{""rsi_14"": 60.03, ""z_score"": 1.4536, ""is_stale"": false, ""btc_score"": 0.1, ""macd_hist"": 0.00007536, ""btc_regime"": ""BEAR_TREND"", ""macd_value"": -0.00023356, ""wave_phase"": ""falling"", ""bb_position"": 0.8634, ""macd_signal"": -0.00030892, ""gap_at_entry"": -0.0907, ""volume_spike"": 1.8, ""z_score_tier"": ""high"", ""btc_trend_bias"": -0.998, ""momentum_score"": 14.8, ""momentum_state"": ""rising"", ""btc_linreg_bias"": -0.375, ""price_at_signal"": 0.331335, ""final_confidence"": 99, ""speed_percentile"": 35.8, ""staleness_minutes"": 4.26, ""price_acceleration"": -0.0131}"
15405,ATOM,Hermes-rr-struct-v2+,LONG,-7.4118,-0.16,5,11.10,atr_sl_hit,HIGH,,,1.59880000,0.05629221916437328,1.5636727545659244,7609.519,closed,f,2026-09-15 09:26:37.252846,2026-09-15 11:33:26.77206,"{""rsi_14"": 56.52, ""z_score"": -2.6799, ""is_stale"": true, ""btc_score"": 25.9, ""macd_hist"": -0.00116329, ""btc_regime"": ""BEAR_TREND"", ""macd_value"": -0.00122296, ""wave_phase"": ""accelerating"", ""bb_position"": -0.17, ""macd_signal"": -0.00005968, ""z_score_tier"": ""extreme_low"", ""btc_trend_bias"": -0.425, ""momentum_score"": 0.8, ""momentum_state"": ""falling"", ""btc_linreg_bias"": -0.125, ""price_at_signal"": 1.5958, ""speed_percentile"": 1.9, ""price_acceleration"": 0.0047}"
15696,HBAR,Hermes-rs-s102,LONG,8.3731,0.19,5,11.10,profit-monster-trail,NORMAL,40.56,0.00022443,0.09345400,2.3230680334710123,0.01391058702677253,,closed,f,2026-09-27 16:56:33.600957,2026-09-27 20:22:06.101297,"{""rsi_14"": 45.19, ""z_score"": -0.7144, ""is_stale"": false, ""btc_score"": 3.8, ""macd_hist"": 0.00001602, ""btc_regime"": ""BEAR_TREND"", ""macd_value"": -0.00004741, ""wave_phase"": ""accelerating"", ""bb_position"": 0.3214, ""macd_signal"": -0.00006343, ""gap_at_entry"": -0.4706, ""volume_spike"": 0.03, ""z_score_tier"": ""neutral"", ""btc_trend_bias"": -0.915, ""momentum_score"": 25.5, ""momentum_state"": ""flat"", ""btc_linreg_bias"": -0.25, ""price_at_signal"": 0.093478, ""speed_percentile"": 62.1, ""staleness_minutes"": 1.11, ""price_acceleration"": 0.0094}"
15694,LTC,Hermes-rs-s52,LONG,-0.8505,-0.04,5,22.10,profit-monster-trail,NORMAL,42.43,0.24514286,71.13200000,0.32826294775909576,0.15956250351459259,,closed,f,2026-09-27 15:55:25.194276,2026-09-27 17:12:40.56032,"{""rsi_14"": 36.17, ""z_score"": 0.6116, ""is_stale"": false, ""btc_score"": 5.6, ""macd_hist"": -0.01804626, ""btc_regime"": ""BEAR_TREND"", ""macd_value"": 0.03503787, ""wave_phase"": ""accelerating"", ""bb_position"": 0.6529, ""macd_signal"": 0.05308413, ""gap_at_entry"": -0.1276, ""volume_spike"": 0.97, ""z_score_tier"": ""neutral"", ""btc_trend_bias"": -0.875, ""momentum_score"": 18.2, ""momentum_state"": ""flat"", ""btc_linreg_bias"": -0.25, ""price_at_signal"": 71.1575, ""speed_percentile"": 44.1, ""staleness_minutes"": 4.04, ""price_acceleration"": 0.0062}"
15887,ENS,Hermes-bb-bounce-v3-long+,LONG,-1.6266,-0.04,5,11.10,UNIVERSAL_MAX_HOLD,NORMAL,86.34,0.00937857,6.85470000,0.32824193618976705,0.7148379943688327,28850.934,closed,f,2026-10-03 19:40:32.875122,2026-10-04 03:41:23.807962,"{""rsi_14"": 80.81, ""z_score"": 2.7739, ""is_stale"": false, ""btc_score"": 5.5, ""macd_hist"": 0.00186654, ""btc_regime"": ""BEAR_TREND"", ""macd_value"": 0.0032915, ""wave_phase"": ""accelerating"", ""bb_position"": 1.1935, ""macd_signal"": 0.00142496, ""gap_at_entry"": 0.0362, ""volume_spike"": 0.01, ""z_score_tier"": ""extreme_high"", ""btc_trend_bias"": -0.879, ""momentum_score"": 23.3, ""momentum_state"": ""rising"", ""btc_linreg_bias"": -0.25, ""price_at_signal"": 6.8515, ""final_confidence"": 99, ""speed_percentile"": 57.0, ""staleness_minutes"": 1.01, ""price_acceleration"": 0.0028}"
15693,CAKE,Hermes-doji-bottom-long,LONG,-0.2042,-0.01,3,11.10,profit-monster-trail,NORMAL,50.27,0.01521429,2.79080000,0.47298265730256556,0.5123978787444461,,closed,f,2026-09-27 15:17:31.776697,2026-09-27 19:05:22.751685,"{""rsi_14"": 55.26, ""z_score"": -0.7662, ""is_stale"": false, ""btc_score"": 3.9, ""macd_hist"": 0.00265549, ""btc_regime"": ""BEAR_TREND"", ""macd_value"": -0.01296015, ""wave_phase"": ""falling"", ""bb_position"": 0.3085, ""macd_signal"": -0.01561564, ""gap_at_entry"": -1.1384, ""volume_spike"": 0.04, ""z_score_tier"": ""neutral"", ""btc_trend_bias"": -0.912, ""momentum_score"": 23.5, ""momentum_state"": ""flat"", ""btc_linreg_bias"": -0.375, ""price_at_signal"": 2.7815, ""speed_percentile"": 57.1, ""staleness_minutes"": 1.21, ""price_acceleration"": -0.0183}"
15690,HYPER,Hermes-rs-s118,LONG,3.6756,0.14,3,11.10,profit-monster-trail,NORMAL,45.18,0.00019186,0.07525300,1.8351427850052489,0.6126001621197826,,closed,f,2026-09-27 14:48:36.790101,2026-09-27 19:33:29.764069,"{""rsi_14"": 60.0, ""z_score"": -0.175, ""is_stale"": true, ""btc_score"": 24.5, ""macd_hist"": -0.00000048, ""btc_regime"": ""RANGING"", ""macd_value"": -0.00002672, ""wave_phase"": ""falling"", ""bb_position"": 0.4563, ""macd_signal"": -0.00002625, ""gap_at_entry"": -0.4708, ""z_score_tier"": ""neutral"", ""btc_trend_bias"": -0.455, ""momentum_score"": 6.6, ""momentum_state"": ""flat"", ""btc_linreg_bias"": 0.0, ""price_at_signal"": 0.075506, ""speed_percentile"": 16.1, ""staleness_minutes"": 4.13, ""price_acceleration"": -0.0024}"
15589,ALT,Hermes-doji-bottom-long,LONG,0.2020,0.01,3,11.10,atr_sl_hit,HIGH,50.94,0.00002357,0.00742400,1.3873922413793103,0.8081896551724138,6285.814,closed,f,2026-09-21 13:44:33.757089,2026-09-21 15:29:19.570905,"{""rsi_14"": 40.0, ""z_score"": -0.8372, ""is_stale"": true, ""btc_score"": 66.4, ""macd_hist"": 0.00000096, ""btc_regime"": ""BULL_TREND"", ""macd_value"": -0.00001359, ""wave_phase"": ""falling"", ""bb_position"": 0.2907, ""macd_signal"": -0.00001455, ""gap_at_entry"": -0.3515, ""z_score_tier"": ""neutral"", ""btc_trend_bias"": 0.253, ""momentum_score"": 8.9, ""momentum_state"": ""falling"", ""btc_linreg_bias"": 0.25, ""price_at_signal"": 0.007444, ""speed_percentile"": 21.7, ""staleness_minutes"": 3.27, ""price_acceleration"": -0.0032}"
15634,ALGO,Hermes-bb-bounce-v2-long+,LONG,-4.2482,-0.10,5,11.10,cut-loser-CL-T1,HIGH,29.24,0.00049464,0.11299000,0.11062925922648022,0.8850340738118417,,closed,f,2026-09-23 05:17:30.799126,2026-09-23 05:52:58.814142,"{""rsi_14"": 50.0, ""z_score"": -1.0683, ""is_stale"": false, ""btc_score"": 70.6, ""macd_hist"": -0.00007687, ""btc_regime"": ""BULL_TREND"", ""macd_value"": -0.00035694, ""wave_phase"": ""accelerating"", ""bb_position"": 0.2329, ""macd_signal"": -0.00028007, ""gap_at_entry"": -0.4319, ""z_score_tier"": ""low"", ""btc_trend_bias"": 0.347, ""momentum_score"": 37.2, ""momentum_state"": ""falling"", ""btc_linreg_bias"": 0.25, ""price_at_signal"": 0.11267, ""speed_percentile"": 88.8, ""staleness_minutes"": 1.06, ""price_acceleration"": 0.0161}"
15406,W,Hermes-pullback-entry-,SHORT,5.1975,0.12,5,11.10,atr_sl_hit,HIGH,,,0.00962000,2.3908523908523907,0.7276507276507277,20502.754,closed,f,2026-09-15 09:37:37.061959,2026-09-15 15:19:19.815682,"{""rsi_14"": 16.67, ""z_score"": 2.306, ""is_stale"": true, ""btc_score"": 26.0, ""macd_hist"": 0.0000053, ""btc_regime"": ""RANGING"", ""macd_value"": 0.00000056, ""wave_phase"": ""accelerating"", ""bb_position"": 1.0765, ""macd_signal"": -0.00000475, ""z_score_tier"": ""extreme_high"", ""btc_trend_bias"": -0.423, ""momentum_score"": 14.7, ""momentum_state"": ""rising"", ""btc_linreg_bias"": 0.0, ""price_at_signal"": 0.00961, ""speed_percentile"": 36.0, ""price_acceleration"": 0.0007}"
15697,YGG,Hermes-rs-s44,LONG,1.8058,0.12,3,22.10,profit-monster-trail,NORMAL,74.48,0.00008857,0.02754100,1.1183326676591263,0.007261900439344976,,closed,f,2026-09-27 17:44:41.6739,2026-09-27 19:48:34.624193,"{""rsi_14"": 51.85, ""z_score"": 0.4811, ""is_stale"": false, ""btc_score"": 26.0, ""macd_hist"": 0.00000093, ""btc_regime"": ""BEAR_TREND"", ""macd_value"": 0.00000841, ""wave_phase"": ""accelerating"", ""bb_position"": 0.6203, ""macd_signal"": 0.00000747, ""gap_at_entry"": -0.4889, ""volume_spike"": 0.02, ""z_score_tier"": ""neutral"", ""btc_trend_bias"": -0.422, ""momentum_score"": 31.6, ""momentum_state"": ""flat"", ""btc_linreg_bias"": -0.25, ""price_at_signal"": 0.02751, ""speed_percentile"": 76.4, ""staleness_minutes"": 1.05, ""price_acceleration"": 0.0075}"
15408,DOGE,Hermes-rr-struct-v2+,LONG,-0.1031,0.00,5,11.10,cut-loser-MAE-GUARD,NORMAL,,,0.08245000,1.1134020618556701,0.3020012128562765,,closed,f,2026-09-15 11:52:35.644485,2026-09-15 13:40:23.039197,"{""rsi_14"": 70.37, ""z_score"": 0.0352, ""is_stale"": true, ""btc_score"": 3.0, ""macd_hist"": 0.00001498, ""btc_regime"": ""BEAR_TREND"", ""macd_value"": -0.00008469, ""wave_phase"": ""accelerating"", ""bb_position"": 0.5088, ""macd_signal"": -0.00009966, ""z_score_tier"": ""neutral"", ""btc_trend_bias"": -0.933, ""momentum_score"": 8.8, ""momentum_state"": ""flat"", ""btc_linreg_bias"": -0.125, ""price_at_signal"": 0.082458, ""speed_percentile"": 21.7, ""price_acceleration"": 0.0009}"
15590,NOT,Hermes-doji-bottom-long,LONG,-5.3360,-0.20,3,11.10,atr_sl_hit,HIGH,54.55,0.00000143,0.00050600,0,1.383399209486166,839.71747,closed,f,2026-09-21 13:52:27.617373,2026-09-21 14:06:27.334871,"{""rsi_14"": 25.0, ""z_score"": 0.8727, ""is_stale"": false, ""btc_score"": 99.2, ""macd_hist"": 0.00000045, ""btc_regime"": ""TRANSITIONING"", ""macd_value"": -0.00000006, ""wave_phase"": ""decelerating"", ""bb_position"": 0.7182, ""macd_signal"": -0.00000051, ""gap_at_entry"": -0.3724, ""z_score_tier"": ""neutral"", ""btc_trend_bias"": 0.982, ""momentum_score"": 11.0, ""momentum_state"": ""rising"", ""btc_linreg_bias"": -0.25, ""price_at_signal"": 0.000501, ""speed_percentile"": 26.7, ""staleness_minutes"": 1.16, ""price_acceleration"": -0.0027}"
15409,YGG,Hermes-pullback-entry-,SHORT,2.5429,0.09,3,11.10,atr_sl_hit,NORMAL,,,0.02217900,2.0695252265656703,0.37422787321340006,9960.956,closed,f,2026-09-15 12:37:29.843498,2026-09-15 15:23:30.799702,"{""rsi_14"": 100.0, ""z_score"": 2.2551, ""is_stale"": true, ""btc_score"": 1.9, ""macd_hist"": 0.00000445, ""btc_regime"": ""TRANSITIONING"", ""macd_value"": 0.00002033, ""wave_phase"": ""decelerating"", ""bb_position"": 1.0638, ""macd_signal"": 0.00001588, ""z_score_tier"": ""extreme_high"", ""btc_trend_bias"": -0.959, ""momentum_score"": 16.2, ""momentum_state"": ""rising"", ""btc_linreg_bias"": 0.0, ""price_at_signal"": 0.022142, ""speed_percentile"": 39.8, ""price_acceleration"": -0.0009}"
15698,HBAR,Hermes-bb-bounce-v2-long+,LONG,-0.7522,-0.02,5,11.10,profit-monster-trail,NORMAL,61.09,0.00025343,0.09506000,0.4249947401641069,0.5522827687776142,,closed,f,2026-09-27 20:41:26.401433,2026-09-27 21:34:21.083118,"{""rsi_14"": 64.96, ""z_score"": 0.2741, ""is_stale"": false, ""btc_score"": 28.7, ""macd_hist"": -0.00001189, ""btc_regime"": ""BEAR_TREND"", ""macd_value"": -0.00014061, ""wave_phase"": ""falling"", ""bb_position"": 0.5685, ""macd_signal"": -0.00012872, ""gap_at_entry"": 0.4789, ""volume_spike"": 0.07, ""z_score_tier"": ""neutral"", ""btc_trend_bias"": -0.362, ""momentum_score"": 22.6, ""momentum_state"": ""rising"", ""btc_linreg_bias"": -0.25, ""price_at_signal"": 0.09505, ""final_confidence"": 97.0, ""speed_percentile"": 55.3, ""staleness_minutes"": 1.08, ""price_acceleration"": -0.0006}"
15592,JUP,Hermes-pump-chain+,LONG,0.5110,0.02,5,16.60,atr_sl_hit,EXTREME,48.93,0.00172143,0.30332000,1.5379796914150072,0.4351839641302914,2324.6753,closed,f,2026-09-21 14:05:34.965343,2026-09-21 14:44:19.640547,"{""rsi_14"": 56.14, ""z_score"": 2.1527, ""is_stale"": false, ""btc_score"": 97.1, ""macd_hist"": 0.00031292, ""btc_regime"": ""BULL_TREND"", ""macd_value"": 0.00048775, ""wave_phase"": ""falling"", ""bb_position"": 1.0382, ""macd_signal"": 0.00017483, ""gap_at_entry"": 0.4118, ""z_score_tier"": ""extreme_high"", ""btc_trend_bias"": 0.935, ""momentum_score"": 14.6, ""momentum_state"": ""rising"", ""btc_linreg_bias"": 0.25, ""price_at_signal"": 0.30641, ""speed_percentile"": 35.4, ""staleness_minutes"": 1.23, ""price_acceleration"": -0.0119}"
15410,SOL,Hermes-rr-struct-v2+,LONG,-5.8231,-0.13,5,11.10,cut-loser-MAE-GUARD,NORMAL,,,101.32000000,0.00493485984998026,1.2978681405448085,,closed,f,2026-09-15 13:06:34.894125,2026-09-15 13:40:16.035699,"{""rsi_14"": 61.97, ""z_score"": 2.0416, ""is_stale"": false, ""btc_score"": 63.1, ""macd_hist"": 0.01905075, ""btc_regime"": ""RANGING"", ""macd_value"": 0.02620003, ""wave_phase"": ""falling"", ""bb_position"": 1.0104, ""macd_signal"": 0.00714928, ""z_score_tier"": ""extreme_high"", ""btc_trend_bias"": 0.181, ""momentum_score"": 22.1, ""momentum_state"": ""rising"", ""btc_linreg_bias"": 0.0, ""price_at_signal"": 101.165, ""speed_percentile"": 54.0, ""price_acceleration"": -0.0038}"
15699,YGG,Hermes-rs-s94,LONG,-1.0160,-0.07,3,22.10,profit-monster-trail,NORMAL,76.19,0.00005721,0.02791700,0.7522298241215031,0.3940251459684063,,closed,f,2026-09-27 21:36:27.737203,2026-09-27 22:02:26.204433,"{""rsi_14"": 61.11, ""z_score"": 1.4247, ""is_stale"": true, ""btc_score"": 40.3, ""macd_hist"": -0.00000379, ""btc_regime"": ""RANGING"", ""macd_value"": 0.0000489, ""wave_phase"": ""neutral"", ""bb_position"": 0.8562, ""macd_signal"": 0.00005269, ""gap_at_entry"": 0.346, ""volume_spike"": 0.7, ""z_score_tier"": ""high"", ""btc_trend_bias"": -0.104, ""momentum_score"": 0.0, ""momentum_state"": ""flat"", ""btc_linreg_bias"": 0.25, ""price_at_signal"": 0.027842, ""final_confidence"": 89.8, ""speed_percentile"": 0.0, ""staleness_minutes"": 4.92, ""price_acceleration"": 0.0017}"
15593,CAKE,Hermes-mover+,LONG,3.4577,0.13,3,11.10,atr_sl_hit,HIGH,65.79,0.00905714,2.56820000,2.3421073125146017,0.43415621836305585,2270.4856,closed,f,2026-09-21 15:19:27.652316,2026-09-21 15:57:18.138015,"{""rsi_14"": 42.11, ""z_score"": 1.9182, ""is_stale"": false, ""btc_score"": 93.0, ""macd_hist"": 0.00131566, ""btc_regime"": ""BULL_TREND"", ""macd_value"": 0.00657619, ""wave_phase"": ""bottoming"", ""bb_position"": 0.9796, ""macd_signal"": 0.00526053, ""gap_at_entry"": 0.9952, ""z_score_tier"": ""high"", ""btc_trend_bias"": 0.845, ""momentum_score"": 15.4, ""momentum_state"": ""rising"", ""btc_linreg_bias"": 1.0, ""price_at_signal"": 2.576, ""speed_percentile"": 37.3, ""staleness_minutes"": 3.11, ""price_acceleration"": 0.0004}"
15411,DOT,Hermes-pullback-entry-,SHORT,-0.3952,-0.01,5,11.10,atr_sl_hit,HIGH,,,0.98683000,1.3791635844066354,0.5897672344780762,5572.877,closed,f,2026-09-15 13:52:29.893291,2026-09-15 15:25:22.770335,"{""rsi_14"": 50.0, ""z_score"": 0.4786, ""is_stale"": false, ""btc_score"": 4.3, ""macd_hist"": 0.00006862, ""btc_regime"": ""BEAR_TREND"", ""macd_value"": -0.00065036, ""wave_phase"": ""accelerating"", ""bb_position"": 0.6197, ""macd_signal"": -0.00071898, ""z_score_tier"": ""neutral"", ""btc_trend_bias"": -0.903, ""momentum_score"": 32.3, ""momentum_state"": ""flat"", ""btc_linreg_bias"": -0.375, ""price_at_signal"": 0.98758, ""speed_percentile"": 78.3, ""price_acceleration"": 0.01}"
15591,AZTEC,Hermes-pump-chain+,LONG,-2.5619,-0.09,3,11.10,pump_exit_dead_money,EXTREME,60.87,0.00005750,0.01662800,0.04811161895597787,1.2027904738994468,7389.671,closed,f,2026-09-21 14:02:24.479697,2026-09-21 16:05:34.150531,"{""rsi_14"": 51.13, ""z_score"": 1.467, ""is_stale"": false, ""btc_score"": 99.2, ""macd_hist"": 0.00001778, ""btc_regime"": ""RANGING"", ""macd_value"": 0.00001266, ""wave_phase"": ""falling"", ""bb_position"": 0.8668, ""macd_signal"": -0.00000512, ""gap_at_entry"": -1.1965, ""z_score_tier"": ""high"", ""btc_trend_bias"": 0.983, ""momentum_score"": 38.4, ""momentum_state"": ""rising"", ""btc_linreg_bias"": 0.0, ""price_at_signal"": 0.016605, ""speed_percentile"": 90.7, ""staleness_minutes"": 5.17, ""price_acceleration"": -0.0184}"
15529,ACE,Hermes-grind-trend-,SHORT,0.3846,0.02,3,18.80,profit-monster-trail,HIGH,53.85,0.00069286,0.15600000,0.7051282051282052,0.38461538461538464,,closed,f,2026-09-19 10:07:54.241586,2026-09-19 13:19:39.541517,"{""rsi_14"": 46.67, ""z_score"": 1.6837, ""is_stale"": false, ""btc_score"": 76.2, ""macd_hist"": -0.00000256, ""btc_regime"": ""TRANSITIONING"", ""macd_value"": 0.00004221, ""wave_phase"": ""accelerating"", ""bb_position"": 0.9209, ""macd_signal"": 0.00004477, ""gap_at_entry"": 0.5353, ""z_score_tier"": ""high"", ""btc_trend_bias"": 0.471, ""momentum_score"": 33.4, ""momentum_state"": ""rising"", ""btc_linreg_bias"": 0.0, ""price_at_signal"": 0.1559, ""speed_percentile"": 80.1, ""staleness_minutes"": 2.85, ""price_acceleration"": 0.0063}"
15882,COMP,Hermes-bb-bounce-v3-long+,LONG,-6.3417,-0.14,5,11.10,hard_max_loss,NORMAL,46.67,0.05717857,25.54500000,0.31121550205519455,0.9884517518105355,16704.852,closed,f,2026-10-03 16:25:29.487143,2026-10-03 21:03:54.338408,"{""rsi_14"": 49.12, ""z_score"": 0.1456, ""is_stale"": true, ""btc_score"": 31.8, ""macd_hist"": 0.00055893, ""btc_regime"": ""RANGING"", ""macd_value"": 0.01594176, ""wave_phase"": ""decelerating"", ""bb_position"": 0.5364, ""macd_signal"": 0.01538283, ""gap_at_entry"": 1.0868, ""volume_spike"": 0.02, ""z_score_tier"": ""neutral"", ""btc_trend_bias"": -0.293, ""momentum_score"": 7.3, ""momentum_state"": ""flat"", ""btc_linreg_bias"": 0.25, ""price_at_signal"": 25.5375, ""final_confidence"": 99, ""speed_percentile"": 17.7, ""staleness_minutes"": 4.09, ""price_acceleration"": -0.0005}"
15597,AZTEC,Hermes-pump-chain+,LONG,-3.8109,-0.14,3,11.10,atr_sl_hit,EXTREME,79.58,0.00004443,0.01637400,0,1.31916452913155,2848.9893,closed,f,2026-09-21 20:33:54.256395,2026-09-21 21:21:23.24567,"{""rsi_14"": 51.13, ""z_score"": 1.2966, ""is_stale"": false, ""btc_score"": 99.7, ""macd_hist"": 0.00001261, ""btc_regime"": ""BULL_TREND"", ""macd_value"": 0.00005172, ""wave_phase"": ""accelerating"", ""bb_position"": 0.8241, ""macd_signal"": 0.0000391, ""gap_at_entry"": 0.3883, ""z_score_tier"": ""high"", ""btc_trend_bias"": 0.994, ""momentum_score"": 25.9, ""momentum_state"": ""rising"", ""btc_linreg_bias"": 1.0, ""price_at_signal"": 0.016394, ""speed_percentile"": 62.7, ""staleness_minutes"": 1.64, ""price_acceleration"": 0.008}"
15599,ALT,Hermes-pump-chain+,LONG,0.0400,0.00,3,11.10,pump_exit_dead_money,HIGH,53.92,0.00001779,0.00750200,0.09330845107971207,0.6264996001066382,7658.797,closed,f,2026-09-21 20:37:49.218267,2026-09-21 22:45:28.015301,"{""rsi_14"": 25.0, ""z_score"": 0.966, ""is_stale"": false, ""btc_score"": 98.4, ""macd_hist"": 0.00000184, ""btc_regime"": ""BULL_TREND"", ""macd_value"": 0.00001185, ""wave_phase"": ""accelerating"", ""bb_position"": 0.7415, ""macd_signal"": 0.00001001, ""gap_at_entry"": 0.5667, ""z_score_tier"": ""neutral"", ""btc_trend_bias"": 0.964, ""momentum_score"": 28.0, ""momentum_state"": ""rising"", ""btc_linreg_bias"": 1.0, ""price_at_signal"": 0.007502, ""speed_percentile"": 67.7, ""staleness_minutes"": 1.23, ""price_acceleration"": 0.009}"
15596,BLUR,Hermes-mover+,LONG,-5.0387,-0.37,3,22.10,atr_sl_hit,EXTREME,68.00,0.00004993,0.02006300,0.17445048098489757,1.5750386283207896,3537.5974,closed,f,2026-09-21 20:31:36.501381,2026-09-21 21:30:34.098867,"{""rsi_14"": 50.0, ""z_score"": 1.4982, ""is_stale"": false, ""btc_score"": 99.2, ""macd_hist"": 0.00001058, ""btc_regime"": ""BULL_TREND"", ""macd_value"": 0.00002584, ""wave_phase"": ""accelerating"", ""bb_position"": 0.8745, ""macd_signal"": 0.00001525, ""gap_at_entry"": 0.748, ""z_score_tier"": ""high"", ""btc_trend_bias"": 0.983, ""momentum_score"": 25.7, ""momentum_state"": ""rising"", ""btc_linreg_bias"": 1.0, ""price_at_signal"": 0.020107, ""speed_percentile"": 62.7, ""staleness_minutes"": 1.21, ""price_acceleration"": 0.0077}"
15601,CASHCAT,Hermes-pump-chain+,LONG,-4.4294,-0.17,3,11.10,atr_sl_hit,EXTREME,75.82,0.00099107,0.17542000,0.7097252308744727,1.5933188918025312,2075.2512,closed,f,2026-09-21 23:12:50.950388,2026-09-21 23:47:26.201598,"{""rsi_14"": 65.98, ""z_score"": 0.9441, ""is_stale"": false, ""btc_score"": 71.2, ""macd_hist"": 0.00011617, ""btc_regime"": ""TRANSITIONING"", ""macd_value"": 0.00071097, ""wave_phase"": ""accelerating"", ""bb_position"": 0.736, ""macd_signal"": 0.0005948, ""gap_at_entry"": -0.4122, ""z_score_tier"": ""neutral"", ""btc_trend_bias"": 0.36, ""momentum_score"": 37.2, ""momentum_state"": ""flat"", ""btc_linreg_bias"": 0.0, ""price_at_signal"": 0.17589, ""speed_percentile"": 89.4, ""staleness_minutes"": 1.47, ""price_acceleration"": 0.0198}"
15603,GMT,Hermes-pump-chain-,SHORT,-0.4907,-0.02,3,11.10,pump_exit_dead_money,EXTREME,42.35,0.00011279,0.00855900,0.6659656501927795,0.958055847645753,7200.4297,closed,f,2026-09-22 02:15:33.003793,2026-09-22 04:15:33.43356,"{""rsi_14"": 50.0, ""z_score"": -1.2217, ""is_stale"": false, ""btc_score"": 19.7, ""macd_hist"": 0.00000185, ""btc_regime"": ""TRANSITIONING"", ""macd_value"": -0.00000923, ""wave_phase"": ""accelerating"", ""bb_position"": 0.1946, ""macd_signal"": -0.00001108, ""gap_at_entry"": 0.6267, ""z_score_tier"": ""low"", ""btc_trend_bias"": -0.563, ""momentum_score"": 23.1, ""momentum_state"": ""falling"", ""btc_linreg_bias"": -0.375, ""price_at_signal"": 0.008534, ""speed_percentile"": 53.4, ""staleness_minutes"": 1.25, ""price_acceleration"": 0.024}"
15606,HEMI,Hermes-pump-chain-,SHORT,-3.9747,-0.15,3,11.10,atr_sl_hit,EXTREME,15.22,0.00003857,0.00649100,0.16946541364966877,1.3095054691110768,211.5688,closed,f,2026-09-22 03:00:27.912383,2026-09-22 03:03:59.48119,"{""rsi_14"": 17.65, ""z_score"": -1.643, ""is_stale"": false, ""btc_score"": 33.6, ""macd_hist"": -0.00001166, ""btc_regime"": ""RANGING"", ""macd_value"": -0.00001353, ""wave_phase"": ""falling"", ""bb_position"": 0.0892, ""macd_signal"": -0.00000187, ""gap_at_entry"": -0.2698, ""z_score_tier"": ""low"", ""btc_trend_bias"": -0.254, ""momentum_score"": 15.1, ""momentum_state"": ""falling"", ""btc_linreg_bias"": 0.25, ""price_at_signal"": 0.006495, ""speed_percentile"": 36.6, ""staleness_minutes"": 0.93, ""price_acceleration"": -0.002}"
15700,CFX,Hermes-mover-,SHORT,-1.8972,-0.04,5,11.10,profit-monster-trail,HIGH,36.42,0.00026714,0.05639800,0.5071101812120997,0.62058938260222,,closed,f,2026-09-28 00:47:27.15261,2026-09-28 01:08:47.154602,"{""rsi_14"": 65.79, ""z_score"": -0.6585, ""is_stale"": false, ""btc_score"": 27.8, ""macd_hist"": -0.00005065, ""btc_regime"": ""BEAR_TREND"", ""macd_value"": -0.00011737, ""wave_phase"": ""bottoming"", ""bb_position"": 0.3354, ""macd_signal"": -0.00006672, ""gap_at_entry"": -0.4801, ""volume_spike"": 0.45, ""z_score_tier"": ""neutral"", ""btc_trend_bias"": -0.383, ""momentum_score"": 19.6, ""momentum_state"": ""rising"", ""btc_linreg_bias"": -0.25, ""price_at_signal"": 0.056204, ""final_confidence"": 99, ""speed_percentile"": 47.2, ""staleness_minutes"": 1.13, ""price_acceleration"": 0.0015}"
15869,POL,Hermes-bb-bounce-v3-long+,LONG,1.2075,0.03,5,11.10,profit-monster-trail,HIGH,31.67,0.00017036,0.10766000,0.5294445476500093,0.22756827048114434,,closed,f,2026-10-03 09:01:30.64624,2026-10-03 10:30:39.166294,"{""rsi_14"": 40.35, ""z_score"": -0.7638, ""is_stale"": true, ""btc_score"": 55.8, ""macd_hist"": 0.00000716, ""btc_regime"": ""RANGING"", ""macd_value"": 0.00004701, ""wave_phase"": ""falling"", ""bb_position"": 0.309, ""macd_signal"": 0.00003985, ""gap_at_entry"": 0.0404, ""volume_spike"": 6.53, ""z_score_tier"": ""neutral"", ""btc_trend_bias"": 0.018, ""momentum_score"": 7.7, ""momentum_state"": ""flat"", ""btc_linreg_bias"": -0.125, ""price_at_signal"": 0.10776, ""final_confidence"": 98.1, ""speed_percentile"": 19.0, ""staleness_minutes"": 4.97, ""price_acceleration"": -0.0033}"
15612,GOAT,Hermes-pump-chain-,SHORT,2.3223,0.09,3,11.10,atr_sl_hit,EXTREME,48.83,0.00010893,0.01899000,2.401263823064771,0,1371.4067,closed,f,2026-09-22 05:16:34.327165,2026-09-22 05:39:25.733865,"{""rsi_14"": 53.88, ""z_score"": -0.6005, ""is_stale"": false, ""btc_score"": 14.0, ""macd_hist"": -0.0000262, ""btc_regime"": ""BEAR_TREND"", ""macd_value"": -0.00004678, ""wave_phase"": ""bottoming"", ""bb_position"": 0.3499, ""macd_signal"": -0.00002057, ""gap_at_entry"": 1.8632, ""z_score_tier"": ""neutral"", ""btc_trend_bias"": -0.689, ""momentum_score"": 15.2, ""momentum_state"": ""flat"", ""btc_linreg_bias"": -0.375, ""price_at_signal"": 0.019021, ""speed_percentile"": 36.6, ""staleness_minutes"": 4.17, ""price_acceleration"": 0.0188}"
15613,SYRUP,Hermes-pullback-entry-,SHORT,-3.9758,-0.29,3,22.10,atr_sl_hit,HIGH,30.82,0.00097393,0.21958000,0.457691957373167,1.334365607068039,12824.134,closed,f,2026-09-22 05:21:26.654476,2026-09-22 08:55:10.788182,"{""rsi_14"": 58.62, ""z_score"": -1.2681, ""is_stale"": false, ""btc_score"": 2.1, ""macd_hist"": -0.00008324, ""btc_regime"": ""BEAR_TREND"", ""macd_value"": -0.00009273, ""wave_phase"": ""accelerating"", ""bb_position"": 0.183, ""macd_signal"": -0.0000095, ""gap_at_entry"": -1.2428, ""z_score_tier"": ""low"", ""btc_trend_bias"": -0.954, ""momentum_score"": 12.6, ""momentum_state"": ""falling"", ""btc_linreg_bias"": -0.375, ""price_at_signal"": 0.22093, ""speed_percentile"": 30.4, ""staleness_minutes"": 5.96, ""price_acceleration"": 0.0033}"
15705,BTC,Hermes-continuum-osc+,LONG,-0.9474,-0.02,5,11.10,cut-loser-MAE-GUARD,NORMAL,50.87,127.14285714,83388.00000000,1.266968868422315,0.7692953422554804,,closed,f,2026-09-28 13:18:34.748085,2026-09-30 06:11:30.601409,"{""rsi_14"": 46.43, ""z_score"": -0.2138, ""is_stale"": false, ""btc_score"": 88.7, ""macd_hist"": -12.36432804, ""btc_regime"": ""BULL_TREND"", ""macd_value"": -15.94901541, ""wave_phase"": ""falling"", ""bb_position"": 0.4466, ""macd_signal"": -3.58468737, ""gap_at_entry"": 0.3197, ""volume_spike"": 0.0, ""z_score_tier"": ""neutral"", ""btc_trend_bias"": 0.749, ""momentum_score"": 14.0, ""momentum_state"": ""rising"", ""btc_linreg_bias"": 0.25, ""price_at_signal"": 83390.5, ""final_confidence"": 92.4, ""speed_percentile"": 33.5, ""staleness_minutes"": 1.25, ""price_acceleration"": -0.003}"
15875,SEI,Hermes-bb-bounce-v3-long+,LONG,0.5329,0.02,5,22.10,profit-monster-trail,HIGH,43.49,0.00016600,0.07131200,0.48238725600179494,0.05048238725600179,,closed,f,2026-10-03 13:23:53.769158,2026-10-03 13:55:53.571586,"{""rsi_14"": 44.87, ""z_score"": 0.1509, ""is_stale"": true, ""btc_score"": 53.6, ""macd_hist"": 0.00000264, ""btc_regime"": ""RANGING_BULL"", ""macd_value"": 0.00004094, ""wave_phase"": ""falling"", ""bb_position"": 0.5377, ""macd_signal"": 0.0000383, ""gap_at_entry"": 0.318, ""volume_spike"": 0.09, ""z_score_tier"": ""neutral"", ""btc_trend_bias"": 0.0, ""momentum_score"": 13.2, ""momentum_state"": ""flat"", ""btc_linreg_bias"": 0.25, ""price_at_signal"": 0.071313, ""final_confidence"": 97.0, ""speed_percentile"": 32.3, ""staleness_minutes"": 1.23, ""price_acceleration"": -0.0058}"
15611,ADA,Hermes-pump-chain-,SHORT,4.8451,0.16,5,16.60,atr_sl_hit,EXTREME,47.49,0.00154964,0.24664000,2.2705157314304247,0.4358579305870905,2633.093,closed,f,2026-09-22 04:57:33.873381,2026-09-22 05:41:26.966434,"{""rsi_14"": 42.37, ""z_score"": -1.0043, ""is_stale"": false, ""btc_score"": 7.9, ""macd_hist"": -0.00004215, ""btc_regime"": ""BEAR_TREND"", ""macd_value"": -0.00107157, ""wave_phase"": ""bottoming"", ""bb_position"": 0.2489, ""macd_signal"": -0.00102942, ""gap_at_entry"": -0.0203, ""z_score_tier"": ""low"", ""btc_trend_bias"": -0.825, ""momentum_score"": 15.1, ""momentum_state"": ""falling"", ""btc_linreg_bias"": -0.25, ""price_at_signal"": 0.247075, ""speed_percentile"": 36.0, ""staleness_minutes"": 4.73, ""price_acceleration"": 0.0002}"
15874,ZEN,Hermes-bb-bounce-v3-long+,LONG,2.9366,0.07,5,11.10,profit-monster-trail,NORMAL,23.35,0.01132143,6.82760000,0.8377760853008378,0.052727166207745035,,closed,f,2026-10-03 13:23:41.747951,2026-10-03 13:45:50.917464,"{""rsi_14"": 30.7, ""z_score"": -2.0023, ""is_stale"": true, ""btc_score"": 53.6, ""macd_hist"": -0.00339463, ""btc_regime"": ""RANGING_BULL"", ""macd_value"": -0.00317001, ""wave_phase"": ""falling"", ""bb_position"": -0.0006, ""macd_signal"": 0.00022463, ""gap_at_entry"": -0.0667, ""volume_spike"": 0.09, ""z_score_tier"": ""extreme_low"", ""btc_trend_bias"": 0.0, ""momentum_score"": 2.6, ""momentum_state"": ""falling"", ""btc_linreg_bias"": 0.25, ""price_at_signal"": 6.8317, ""final_confidence"": 99, ""speed_percentile"": 6.3, ""staleness_minutes"": 1.04, ""price_acceleration"": -0.0018}"
15615,DYDX,Hermes-pump-chain+,LONG,-6.6868,-0.30,5,22.10,atr_sl_hit,EXTREME,72.22,0.00056786,0.13609000,0.1322654125946065,1.3814387537658903,6354.2515,closed,f,2026-09-22 06:41:31.450804,2026-09-22 08:27:25.70215,"{""rsi_14"": 36.22, ""z_score"": 1.3257, ""is_stale"": false, ""btc_score"": 39.3, ""macd_hist"": 0.00013214, ""btc_regime"": ""RANGING_BEAR"", ""macd_value"": 0.00017434, ""wave_phase"": ""accelerating"", ""bb_position"": 0.8314, ""macd_signal"": 0.0000422, ""gap_at_entry"": -0.3886, ""z_score_tier"": ""high"", ""btc_trend_bias"": -0.127, ""momentum_score"": 33.1, ""momentum_state"": ""flat"", ""btc_linreg_bias"": -0.125, ""price_at_signal"": 0.13609, ""speed_percentile"": 78.3, ""staleness_minutes"": 1.23, ""price_acceleration"": 0.0184}"
15707,ETH,Hermes-rs-s94,LONG,3.1440,0.07,5,11.10,profit-monster-trail,NORMAL,42.67,6.64071429,2687.70000000,1.2036313576664062,0.21021691409011423,,closed,f,2026-09-28 16:55:30.666645,2026-09-28 17:26:46.147028,"{""rsi_14"": 46.15, ""z_score"": -0.2745, ""is_stale"": false, ""btc_score"": 89.0, ""macd_hist"": -1.50724719, ""btc_regime"": ""BULL_TREND"", ""macd_value"": -2.84593102, ""wave_phase"": ""falling"", ""bb_position"": 0.4314, ""macd_signal"": -1.33868383, ""gap_at_entry"": 0.3391, ""volume_spike"": 0.45, ""z_score_tier"": ""neutral"", ""btc_trend_bias"": 0.757, ""momentum_score"": 17.3, ""momentum_state"": ""flat"", ""btc_linreg_bias"": 0.375, ""price_at_signal"": 2684.95, ""final_confidence"": 97.8, ""speed_percentile"": 41.0, ""staleness_minutes"": 1.11, ""price_acceleration"": -0.0034}"
15618,LINK,Hermes-pullback-entry-,SHORT,-14.4905,-0.34,5,11.10,atr_sl_hit,HIGH,62.07,0.03542857,12.90500000,0.4998062766369624,0.8175125920185975,7130.1655,closed,f,2026-09-22 11:03:35.909474,2026-09-22 13:02:26.075152,"{""rsi_14"": 42.34, ""z_score"": 0.7866, ""is_stale"": false, ""btc_score"": 58.0, ""macd_hist"": 0.00178874, ""btc_regime"": ""RANGING"", ""macd_value"": 0.00150541, ""wave_phase"": ""falling"", ""bb_position"": 0.6966, ""macd_signal"": -0.00028333, ""gap_at_entry"": -0.201, ""z_score_tier"": ""neutral"", ""btc_trend_bias"": 0.066, ""momentum_score"": 24.3, ""momentum_state"": ""flat"", ""btc_linreg_bias"": 0.0, ""price_at_signal"": 12.9145, ""speed_percentile"": 59.0, ""staleness_minutes"": 2.14, ""price_acceleration"": -0.0101}"
15616,ZEN,"Hermes-rs-r69,volume-breakout-short-",SHORT,4.3488,0.10,5,11.10,atr_sl_hit,EXTREME,35.66,0.03357143,7.70320000,2.0588846193789596,1.2618132724062727,13592.141,closed,f,2026-09-22 07:34:45.766575,2026-09-22 11:21:17.906712,"{""rsi_14"": 34.87, ""z_score"": -0.7942, ""is_stale"": false, ""btc_score"": 26.8, ""macd_hist"": -0.00432095, ""btc_regime"": ""BEAR_TREND"", ""macd_value"": -0.0053276, ""wave_phase"": ""bottoming"", ""bb_position"": 0.3014, ""macd_signal"": -0.00100665, ""gap_at_entry"": -0.1274, ""z_score_tier"": ""neutral"", ""btc_trend_bias"": -0.404, ""momentum_score"": 2.4, ""momentum_state"": ""rising"", ""btc_linreg_bias"": -0.25, ""price_at_signal"": 7.7343, ""speed_percentile"": 5.6, ""staleness_minutes"": 4.23, ""price_acceleration"": 0.0041}"
15877,XPL,Hermes-bb-squeeze+,LONG,3.3744,0.08,5,11.10,profit-monster-trail,HIGH,93.29,0.00019000,0.09542300,1.0835961979816187,0.1215639835259843,,closed,f,2026-10-03 14:06:36.440893,2026-10-03 15:00:15.589309,"{""rsi_14"": 77.18, ""z_score"": 2.8023, ""is_stale"": false, ""btc_score"": 35.1, ""macd_hist"": 0.00002298, ""btc_regime"": ""RANGING"", ""macd_value"": 0.00015762, ""wave_phase"": ""falling"", ""bb_position"": 1.2006, ""macd_signal"": 0.00013463, ""gap_at_entry"": 1.1033, ""volume_spike"": 1.0, ""z_score_tier"": ""extreme_high"", ""btc_trend_bias"": -0.22, ""momentum_score"": 27.2, ""momentum_state"": ""rising"", ""btc_linreg_bias"": 0.125, ""price_at_signal"": 0.095237, ""final_confidence"": 89.0, ""speed_percentile"": 66.5, ""staleness_minutes"": 1.14, ""price_acceleration"": -0.003}"
15708,WLFI,Hermes-rs-s38,LONG,4.0208,0.09,5,11.10,profit-monster-trail,HIGH,25.31,0.00021421,0.05670500,1.3773035887487877,0.2274931663874438,,closed,f,2026-09-28 17:00:34.768141,2026-09-28 17:38:48.363233,"{""rsi_14"": 50.0, ""z_score"": -2.1359, ""is_stale"": false, ""btc_score"": 86.3, ""macd_hist"": -0.00002874, ""btc_regime"": ""BULL_TREND"", ""macd_value"": -0.00003055, ""wave_phase"": ""falling"", ""bb_position"": -0.034, ""macd_signal"": -0.00000181, ""gap_at_entry"": 0.3292, ""volume_spike"": 0.26, ""z_score_tier"": ""extreme_low"", ""btc_trend_bias"": 0.696, ""momentum_score"": 28.2, ""momentum_state"": ""falling"", ""btc_linreg_bias"": 0.25, ""price_at_signal"": 0.056734, ""final_confidence"": 89.8, ""speed_percentile"": 67.7, ""staleness_minutes"": 1.18, ""price_acceleration"": -0.0048}"
15619,DOT,Hermes-pullback-entry-,SHORT,-7.1202,-0.32,5,22.10,atr_sl_hit,EXTREME,26.82,0.00338571,1.16570000,0.7248863343913529,1.3768551085184868,6943.2905,closed,f,2026-09-22 11:36:38.14588,2026-09-22 13:32:21.436496,"{""rsi_14"": 27.27, ""z_score"": -1.9864, ""is_stale"": false, ""btc_score"": 85.9, ""macd_hist"": -0.00043197, ""btc_regime"": ""BULL_TREND"", ""macd_value"": 0.00033273, ""wave_phase"": ""accelerating"", ""bb_position"": 0.0034, ""macd_signal"": 0.00076469, ""gap_at_entry"": -0.3382, ""z_score_tier"": ""low"", ""btc_trend_bias"": 0.687, ""momentum_score"": 25.5, ""momentum_state"": ""falling"", ""btc_linreg_bias"": 0.25, ""price_at_signal"": 1.1642, ""speed_percentile"": 60.2, ""staleness_minutes"": 1.17, ""price_acceleration"": 0.0118}"
15711,SYRUP,Hermes-rs-s35,LONG,0.5786,0.02,3,11.10,profit-monster-trail,EXTREME,53.16,0.00089321,0.21776000,0.7140889052167524,0.06888317413666421,,closed,f,2026-09-28 17:48:29.198729,2026-09-28 18:29:10.203382,"{""rsi_14"": 50.0, ""z_score"": 0.5495, ""is_stale"": false, ""btc_score"": 93.5, ""macd_hist"": -0.00015248, ""btc_regime"": ""BULL_TREND"", ""macd_value"": 0.00020097, ""wave_phase"": ""bottoming"", ""bb_position"": 0.6374, ""macd_signal"": 0.00035345, ""gap_at_entry"": 1.9527, ""volume_spike"": 1.04, ""z_score_tier"": ""neutral"", ""btc_trend_bias"": 0.856, ""momentum_score"": 15.8, ""momentum_state"": ""flat"", ""btc_linreg_bias"": 0.25, ""price_at_signal"": 0.21804, ""final_confidence"": 89.8, ""speed_percentile"": 36.6, ""staleness_minutes"": 2.05, ""price_acceleration"": 0.0002}"
15622,COMP,Hermes-pullback-entry-,SHORT,-6.4675,-0.14,5,11.10,atr_sl_hit,EXTREME,56.54,0.06121429,22.72900000,0.5191605437986713,1.39029433763034,6970.7583,closed,f,2026-09-22 18:47:39.231094,2026-09-22 20:43:49.989547,"{""rsi_14"": 13.04, ""z_score"": 1.469, ""is_stale"": false, ""btc_score"": 46.4, ""macd_hist"": 0.00455815, ""btc_regime"": ""RANGING"", ""macd_value"": 0.00002076, ""wave_phase"": ""falling"", ""bb_position"": 0.8672, ""macd_signal"": -0.00453739, ""gap_at_entry"": 0.409, ""z_score_tier"": ""high"", ""btc_trend_bias"": 0.0, ""momentum_score"": 14.6, ""momentum_state"": ""rising"", ""btc_linreg_bias"": 0.0, ""price_at_signal"": 22.74, ""speed_percentile"": 35.4, ""staleness_minutes"": 6.16, ""price_acceleration"": -0.0046}"
15712,NEAR,Hermes-rs-r68,SHORT,0.8516,0.01,5,11.10,profit-monster-trail,EXTREME,43.49,0.03993571,4.99040000,0.6883215774286631,0.029055787111253607,,closed,f,2026-09-28 17:57:27.348303,2026-09-28 18:06:02.403768,"{""rsi_14"": 66.11, ""z_score"": 0.3051, ""is_stale"": false, ""btc_score"": 81.3, ""macd_hist"": 0.00163972, ""btc_regime"": ""BULL_TREND"", ""macd_value"": -0.00502345, ""wave_phase"": ""accelerating"", ""bb_position"": 0.5763, ""macd_signal"": -0.00666317, ""gap_at_entry"": -0.8013, ""volume_spike"": 0.86, ""z_score_tier"": ""neutral"", ""btc_trend_bias"": 0.583, ""momentum_score"": 32.2, ""momentum_state"": ""flat"", ""btc_linreg_bias"": 0.25, ""price_at_signal"": 4.96805, ""final_confidence"": 99, ""speed_percentile"": 76.4, ""staleness_minutes"": 1.05, ""price_acceleration"": 0.0215}"
15412,BANANA,Hermes-pullback-entry-,SHORT,1.5387,0.09,3,16.60,atr_sl_hit,NORMAL,,,3.80180000,1.6913041191014782,0.0670734915040244,4370.521,closed,f,2026-09-15 13:57:33.617108,2026-09-15 15:10:24.138311,"{""rsi_14"": 35.71, ""z_score"": 0.3584, ""is_stale"": true, ""btc_score"": 2.7, ""macd_hist"": 0.0007496, ""btc_regime"": ""BEAR_TREND"", ""macd_value"": -0.00340006, ""wave_phase"": ""decelerating"", ""bb_position"": 0.5896, ""macd_signal"": -0.00414965, ""z_score_tier"": ""neutral"", ""btc_trend_bias"": -0.939, ""momentum_score"": 7.8, ""momentum_state"": ""flat"", ""btc_linreg_bias"": -0.375, ""price_at_signal"": 3.7902, ""speed_percentile"": 19.3, ""price_acceleration"": -0.002}"
15883,SYRUP,Hermes-bb-squeeze+,LONG,1.2213,0.09,3,22.10,profit-monster-trail,HIGH,66.63,0.00060750,0.25300000,0.9901185770750988,0,,closed,f,2026-10-03 16:27:34.867037,2026-10-03 16:42:49.667254,"{""rsi_14"": 52.35, ""z_score"": 2.473, ""is_stale"": false, ""btc_score"": 31.1, ""macd_hist"": 0.00023325, ""btc_regime"": ""RANGING"", ""macd_value"": 0.00055605, ""wave_phase"": ""accelerating"", ""bb_position"": 1.1182, ""macd_signal"": 0.00032279, ""gap_at_entry"": 1.9209, ""volume_spike"": 0.13, ""z_score_tier"": ""extreme_high"", ""btc_trend_bias"": -0.309, ""momentum_score"": 31.6, ""momentum_state"": ""rising"", ""btc_linreg_bias"": 0.25, ""price_at_signal"": 0.25332, ""final_confidence"": 95.0, ""speed_percentile"": 76.6, ""staleness_minutes"": 3.1, ""price_acceleration"": 0.01}"
15626,SEI,Hermes-pullback-entry-,SHORT,-6.8101,-0.30,5,22.10,atr_sl_hit,EXTREME,58.35,0.00018643,0.05998400,0.03667644705254735,1.3486929847959457,2261.6567,closed,f,2026-09-22 22:03:51.311724,2026-09-22 22:41:32.96843,"{""rsi_14"": 43.64, ""z_score"": 1.8609, ""is_stale"": false, ""btc_score"": 24.7, ""macd_hist"": 0.00001237, ""btc_regime"": ""BEAR_TREND"", ""macd_value"": -0.00000455, ""wave_phase"": ""accelerating"", ""bb_position"": 0.9652, ""macd_signal"": -0.00001692, ""gap_at_entry"": -0.833, ""z_score_tier"": ""high"", ""btc_trend_bias"": -0.452, ""momentum_score"": 36.8, ""momentum_state"": ""rising"", ""btc_linreg_bias"": -0.25, ""price_at_signal"": 0.060168, ""speed_percentile"": 88.8, ""staleness_minutes"": 1.42, ""price_acceleration"": 0.0086}"
15414,SUPER,Hermes-pullback-entry-,SHORT,5.4225,0.20,3,11.10,atr_sl_hit,NORMAL,,,0.11397000,3.2201456523646574,0.697551987365096,8873.825,closed,f,2026-09-15 16:27:34.254943,2026-09-15 18:55:28.080571,"{""rsi_14"": 28.57, ""z_score"": 1.551, ""is_stale"": false, ""btc_score"": 33.3, ""macd_hist"": 0.00005939, ""btc_regime"": ""RANGING"", ""macd_value"": 0.00003793, ""wave_phase"": ""falling"", ""bb_position"": 0.8878, ""macd_signal"": -0.00002146, ""z_score_tier"": ""high"", ""btc_trend_bias"": -0.26, ""momentum_score"": 7.9, ""momentum_state"": ""rising"", ""btc_linreg_bias"": 0.0, ""price_at_signal"": 0.113695, ""speed_percentile"": 18.6, ""price_acceleration"": -0.0047}"
15416,IMX,Hermes-breakout-long+,LONG,-11.0698,-0.25,5,11.10,atr_sl_hit,HIGH,,,0.12376000,1.0908209437621201,1.389786683904331,7010.5317,closed,f,2026-09-15 16:40:30.021863,2026-09-15 18:37:20.553556,"{""rsi_14"": 71.43, ""z_score"": 1.0706, ""is_stale"": false, ""btc_score"": 19.4, ""macd_hist"": 0.00007417, ""btc_regime"": ""RANGING"", ""macd_value"": 0.00048896, ""wave_phase"": ""falling"", ""bb_position"": 0.7676, ""macd_signal"": 0.0004148, ""z_score_tier"": ""high"", ""btc_trend_bias"": -0.569, ""momentum_score"": 29.0, ""momentum_state"": ""rising"", ""btc_linreg_bias"": 0.0, ""price_at_signal"": 0.1237, ""speed_percentile"": 68.9, ""price_acceleration"": -0.0132}"
15627,POL,Hermes-bb-bounce-v2-long+,LONG,0.8228,0.02,5,11.10,profit-monster-trail,HIGH,32.71,0.00035714,0.10938000,0.7908209910404096,0.15542146644724814,,closed,f,2026-09-23 00:47:26.866014,2026-09-23 01:40:25.465863,"{""rsi_14"": 66.43, ""z_score"": -1.09, ""is_stale"": false, ""btc_score"": 89.7, ""macd_hist"": -0.00002465, ""btc_regime"": ""BULL_TREND"", ""macd_value"": -0.00013507, ""wave_phase"": ""accelerating"", ""bb_position"": 0.2275, ""macd_signal"": -0.00011042, ""gap_at_entry"": 0.1066, ""z_score_tier"": ""low"", ""btc_trend_bias"": 0.771, ""momentum_score"": 19.9, ""momentum_state"": ""falling"", ""btc_linreg_bias"": 0.25, ""price_at_signal"": 0.10938, ""speed_percentile"": 47.8, ""staleness_minutes"": 1.08, ""price_acceleration"": 0.0088}"
15628,BTC,Hermes-continuum-osc+,LONG,0.1734,0.01,5,22.10,atr_sl_hit,FLAT,51.48,86.89357143,86527.00000000,0.911276249032094,0.3172420169426884,18704.965,closed,f,2026-09-23 00:47:38.869116,2026-09-23 05:59:23.834172,"{""rsi_14"": 43.86, ""z_score"": -1.0807, ""is_stale"": false, ""btc_score"": 89.7, ""macd_hist"": -22.76077956, ""btc_regime"": ""BULL_TREND"", ""macd_value"": 28.56091297, ""wave_phase"": ""accelerating"", ""bb_position"": 0.2298, ""macd_signal"": 51.32169253, ""gap_at_entry"": 0.1922, ""z_score_tier"": ""low"", ""btc_trend_bias"": 0.771, ""momentum_score"": 11.7, ""momentum_state"": ""flat"", ""btc_linreg_bias"": 0.25, ""price_at_signal"": 86500.5, ""speed_percentile"": 28.0, ""staleness_minutes"": 1.32, ""price_acceleration"": 0.0071}"
15625,WCT,Hermes-volume-breakout-long+,LONG,-4.0843,-0.15,3,11.10,atr_sl_hit,EXTREME,86.67,0.00027286,0.04524600,0.9017371701365866,1.3017725323785527,13380.331,closed,f,2026-09-22 21:54:37.208735,2026-09-23 01:37:37.539558,"{""rsi_14"": 98.86, ""z_score"": 1.5213, ""is_stale"": false, ""btc_score"": 38.8, ""macd_hist"": 0.00007779, ""btc_regime"": ""RANGING_BEAR"", ""macd_value"": 0.00017873, ""wave_phase"": ""falling"", ""bb_position"": 0.8803, ""macd_signal"": 0.00010095, ""gap_at_entry"": 2.8348, ""z_score_tier"": ""high"", ""btc_trend_bias"": -0.138, ""momentum_score"": 42.3, ""momentum_state"": ""rising"", ""btc_linreg_bias"": -0.125, ""price_at_signal"": 0.04517, ""speed_percentile"": 97.5, ""staleness_minutes"": 4.15, ""price_acceleration"": -0.0288}"
15418,ETH,Hermes-pullback-entry-,SHORT,5.7590,0.13,5,11.10,atr_sl_hit,NORMAL,,,2422.30000000,2.6028980720802544,0.930933410395079,6949.404,closed,f,2026-09-15 16:57:31.981096,2026-09-15 18:53:21.384699,"{""rsi_14"": 64.52, ""z_score"": 1.6984, ""is_stale"": true, ""btc_score"": 28.9, ""macd_hist"": 0.16837136, ""btc_regime"": ""RANGING"", ""macd_value"": 0.345841, ""wave_phase"": ""falling"", ""bb_position"": 0.9246, ""macd_signal"": 0.17746964, ""z_score_tier"": ""high"", ""btc_trend_bias"": -0.357, ""momentum_score"": 4.4, ""momentum_state"": ""rising"", ""btc_linreg_bias"": 0.0, ""price_at_signal"": 2419.75, ""speed_percentile"": 10.6, ""price_acceleration"": -0.003}"
15629,XPL,"Hermes-bb-bounce-v2-long+,rs-s39",LONG,1.6997,0.04,5,11.10,profit-monster-trail,EXTREME,46.84,0.00044629,0.09590100,1.152229903754914,0.6715258443603299,,closed,f,2026-09-23 01:57:11.895788,2026-09-23 02:28:39.722444,"{""rsi_14"": 62.73, ""z_score"": -1.7766, ""is_stale"": false, ""btc_score"": 27.0, ""macd_hist"": -0.00002134, ""btc_regime"": ""RANGING"", ""macd_value"": -0.00017125, ""wave_phase"": ""accelerating"", ""bb_position"": 0.0559, ""macd_signal"": -0.00014991, ""gap_at_entry"": -0.0555, ""z_score_tier"": ""low"", ""btc_trend_bias"": -0.399, ""momentum_score"": 38.3, ""momentum_state"": ""falling"", ""btc_linreg_bias"": 0.25, ""price_at_signal"": 0.095511, ""speed_percentile"": 90.1, ""staleness_minutes"": 0.49, ""price_acceleration"": 0.0189}"
15630,SYRUP,Hermes-bb-bounce-v2-long+,LONG,0.8788,0.07,3,22.10,profit-monster-trail,HIGH,22.69,0.00065964,0.21849000,0.8215478969289213,0.34097670373930156,,closed,f,2026-09-23 01:57:23.889158,2026-09-23 02:37:40.696128,"{""rsi_14"": 55.88, ""z_score"": -1.94, ""is_stale"": false, ""btc_score"": 27.0, ""macd_hist"": -0.00010332, ""btc_regime"": ""RANGING"", ""macd_value"": -0.00056308, ""wave_phase"": ""accelerating"", ""bb_position"": 0.015, ""macd_signal"": -0.00045976, ""gap_at_entry"": -0.7266, ""z_score_tier"": ""low"", ""btc_trend_bias"": -0.399, ""momentum_score"": 26.8, ""momentum_state"": ""falling"", ""btc_linreg_bias"": 0.25, ""price_at_signal"": 0.218265, ""speed_percentile"": 64.0, ""staleness_minutes"": 0.95, ""price_acceleration"": 0.0119}"
15885,MON,Hermes-bb-squeeze+,LONG,9.7353,0.02,5,11.10,profit-monster-trail,HIGH,84.20,0.00011243,0.03215100,2.454044975272931,0.1586264812914062,,closed,f,2026-10-03 16:35:28.938179,2026-10-03 17:04:58.905926,"{""rsi_14"": 66.29, ""z_score"": 1.964, ""is_stale"": true, ""btc_score"": 24.7, ""macd_hist"": 0.00003494, ""btc_regime"": ""RANGING"", ""macd_value"": 0.00012141, ""wave_phase"": ""falling"", ""bb_position"": 0.991, ""macd_signal"": 0.00008647, ""gap_at_entry"": 1.8559, ""volume_spike"": 0.82, ""z_score_tier"": ""high"", ""btc_trend_bias"": -0.45, ""momentum_score"": 8.4, ""momentum_state"": ""rising"", ""btc_linreg_bias"": 0.125, ""price_at_signal"": 0.032141, ""final_confidence"": 90.0, ""speed_percentile"": 20.3, ""staleness_minutes"": 2.04, ""price_acceleration"": -0.0061}"
15632,ADA,Hermes-mover+,LONG,-6.4665,-0.22,5,16.60,atr_sl_hit,EXTREME,77.26,0.00097857,0.25980000,0.8448806774441878,1.329869130100077,7125.7183,closed,f,2026-09-23 03:53:32.020024,2026-09-23 05:52:17.7383,"{""rsi_14"": 75.86, ""z_score"": 1.5115, ""is_stale"": false, ""btc_score"": 80.0, ""macd_hist"": 0.00012282, ""btc_regime"": ""BULL_TREND"", ""macd_value"": 0.00076231, ""wave_phase"": ""bottoming"", ""bb_position"": 0.8779, ""macd_signal"": 0.00063949, ""gap_at_entry"": 1.9495, ""z_score_tier"": ""high"", ""btc_trend_bias"": 0.556, ""momentum_score"": 6.6, ""momentum_state"": ""rising"", ""btc_linreg_bias"": 0.375, ""price_at_signal"": 0.2599, ""speed_percentile"": 16.1, ""staleness_minutes"": 1.1, ""price_acceleration"": 0.0038}"
15886,ZEN,Hermes-bb-bounce-v2-long+,LONG,0.3983,0.01,5,11.10,profit-monster-trail,NORMAL,47.01,0.01335714,6.90440000,0.5300967498986153,0.017380221308151325,,closed,f,2026-10-03 19:35:58.610877,2026-10-03 21:00:40.131579,"{""rsi_14"": 59.46, ""z_score"": -0.5157, ""is_stale"": false, ""btc_score"": 10.2, ""macd_hist"": -0.00020302, ""btc_regime"": ""BEAR_TREND"", ""macd_value"": 0.00161503, ""wave_phase"": ""accelerating"", ""bb_position"": 0.3711, ""macd_signal"": 0.00181805, ""gap_at_entry"": 0.0042, ""volume_spike"": 0.0, ""z_score_tier"": ""neutral"", ""btc_trend_bias"": -0.772, ""momentum_score"": 25.7, ""momentum_state"": ""flat"", ""btc_linreg_bias"": -0.25, ""price_at_signal"": 6.8939, ""final_confidence"": 97.0, ""speed_percentile"": 62.7, ""staleness_minutes"": 1.07, ""price_acceleration"": 0.0046}"
15631,YGG,Hermes-volume-breakout-long+,LONG,2.6976,0.20,3,22.10,atr_sl_hit,EXTREME,77.78,0.00006643,0.02782100,2.462168865245678,0,10184.777,closed,f,2026-09-23 03:02:36.000119,2026-09-23 05:52:20.777302,"{""rsi_14"": 76.92, ""z_score"": 1.1953, ""is_stale"": false, ""btc_score"": 80.0, ""macd_hist"": -0.0000015, ""btc_regime"": ""BULL_TREND"", ""macd_value"": 0.00004935, ""wave_phase"": ""accelerating"", ""bb_position"": 0.7988, ""macd_signal"": 0.00005084, ""gap_at_entry"": 0.0359, ""z_score_tier"": ""high"", ""btc_trend_bias"": 0.556, ""momentum_score"": 28.1, ""momentum_state"": ""flat"", ""btc_linreg_bias"": 0.25, ""price_at_signal"": 0.02778, ""speed_percentile"": 66.5, ""staleness_minutes"": 3.1, ""price_acceleration"": 0.0164}"
15714,SYRUP,Hermes-rs-s56,LONG,5.0890,0.19,3,11.10,profit-monster-trail,EXTREME,67.45,0.00131429,0.21753000,2.206592194180113,0.06206040546131568,,closed,f,2026-09-28 20:02:30.312174,2026-09-28 20:49:59.451488,"{""rsi_14"": 64.1, ""z_score"": 1.2041, ""is_stale"": false, ""btc_score"": 0.4, ""macd_hist"": 0.00024405, ""btc_regime"": ""BEAR_TREND"", ""macd_value"": 0.00033667, ""wave_phase"": ""falling"", ""bb_position"": 0.801, ""macd_signal"": 0.00009261, ""gap_at_entry"": 0.8544, ""volume_spike"": 0.64, ""z_score_tier"": ""high"", ""btc_trend_bias"": -0.991, ""momentum_score"": 33.7, ""momentum_state"": ""rising"", ""btc_linreg_bias"": -0.375, ""price_at_signal"": 0.217895, ""final_confidence"": 97.8, ""speed_percentile"": 81.4, ""staleness_minutes"": 1.02, ""price_acceleration"": -0.0208}"
15888,SYRUP,Hermes-bb-squeeze+,LONG,1.0520,0.08,3,22.10,profit-monster-trail,HIGH,65.42,0.00084036,0.25808500,0.7187554487862526,-0.06780711781002383,,closed,f,2026-10-03 20:04:04.468285,2026-10-03 21:00:30.655448,"{""rsi_14"": 32.66, ""z_score"": 2.5941, ""is_stale"": false, ""btc_score"": 40.5, ""macd_hist"": 0.00021609, ""btc_regime"": ""TRANSITIONING"", ""macd_value"": 0.00041574, ""wave_phase"": ""bottoming"", ""bb_position"": 1.1485, ""macd_signal"": 0.00019965, ""gap_at_entry"": 1.9372, ""volume_spike"": 0.08, ""z_score_tier"": ""extreme_high"", ""btc_trend_bias"": -0.1, ""momentum_score"": 29.7, ""momentum_state"": ""rising"", ""btc_linreg_bias"": -0.125, ""price_at_signal"": 0.2577, ""final_confidence"": 94.0, ""speed_percentile"": 72.8, ""staleness_minutes"": 1.15, ""price_acceleration"": 0.0041}"
15633,CFX,Hermes-bb-bounce-v2-long+,LONG,3.1348,0.07,5,11.10,atr_sl_hit,HIGH,37.91,0.00016136,0.05534700,0.8184725459374492,0.8401539378828121,5695.4,closed,f,2026-09-23 05:16:35.607117,2026-09-23 06:51:31.007175,"{""rsi_14"": 55.17, ""z_score"": -0.3569, ""is_stale"": true, ""btc_score"": 72.5, ""macd_hist"": -0.00000949, ""btc_regime"": ""BULL_TREND"", ""macd_value"": -0.00009741, ""wave_phase"": ""falling"", ""bb_position"": 0.4108, ""macd_signal"": -0.00008792, ""gap_at_entry"": 0.0904, ""z_score_tier"": ""neutral"", ""btc_trend_bias"": 0.39, ""momentum_score"": 5.6, ""momentum_state"": ""rising"", ""btc_linreg_bias"": 0.25, ""price_at_signal"": 0.055304, ""speed_percentile"": 13.7, ""staleness_minutes"": 1.09, ""price_acceleration"": -0.0001}"
15415,LTC,Hermes-pullback-entry-,SHORT,3.7542,0.09,5,11.10,atr_sl_hit,NORMAL,,,51.80900000,1.94753807253566,0.7730317126368006,8797.687,closed,f,2026-09-15 16:27:46.254985,2026-09-15 18:54:23.941674,"{""rsi_14"": 41.86, ""z_score"": 1.4865, ""is_stale"": true, ""btc_score"": 33.3, ""macd_hist"": 0.02663826, ""btc_regime"": ""RANGING"", ""macd_value"": -0.0130958, ""wave_phase"": ""accelerating"", ""bb_position"": 0.8716, ""macd_signal"": -0.03973405, ""z_score_tier"": ""high"", ""btc_trend_bias"": -0.26, ""momentum_score"": 5.2, ""momentum_state"": ""rising"", ""btc_linreg_bias"": 0.0, ""price_at_signal"": 51.7165, ""speed_percentile"": 12.4, ""price_acceleration"": 0.0024}"
15422,IMX,Hermes-pullback-entry-,SHORT,4.1411,0.16,5,18.80,atr_sl_hit,EXTREME,,,0.12074000,2.1947987410965712,0.09110485340400862,8391.783,closed,f,2026-09-15 20:52:32.057068,2026-09-15 23:12:23.84048,"{""rsi_14"": 33.33, ""z_score"": 2.4688, ""is_stale"": false, ""btc_score"": 32.7, ""macd_hist"": 0.00010336, ""btc_regime"": ""BEAR_TREND"", ""macd_value"": 0.00014176, ""wave_phase"": ""accelerating"", ""bb_position"": 1.1172, ""macd_signal"": 0.0000384, ""z_score_tier"": ""extreme_high"", ""btc_trend_bias"": -0.273, ""momentum_score"": 14.1, ""momentum_state"": ""rising"", ""btc_linreg_bias"": -0.375, ""price_at_signal"": 0.12047, ""speed_percentile"": 33.5, ""price_acceleration"": 0.0056}"
15423,ETH,Hermes-pullback-entry-,SHORT,-6.1388,-0.14,5,11.10,atr_sl_hit,HIGH,71.61,4.55857143,2394.60000000,0.5491522592499791,1.3718366324229516,49910.32,closed,f,2026-09-15 21:52:32.312719,2026-09-16 11:44:22.634813,"{""rsi_14"": 25.91, ""z_score"": -1.0934, ""is_stale"": true, ""btc_score"": 1.5, ""macd_hist"": 0.03216032, ""btc_regime"": ""BEAR_TREND"", ""macd_value"": -0.33619055, ""wave_phase"": ""falling"", ""bb_position"": 0.2267, ""macd_signal"": -0.36835087, ""z_score_tier"": ""low"", ""btc_trend_bias"": -0.967, ""momentum_score"": 5.9, ""momentum_state"": ""falling"", ""btc_linreg_bias"": -0.375, ""price_at_signal"": 2401.45, ""speed_percentile"": 14.3, ""price_acceleration"": -0.0035}"
15127,ZRO,Hermes-mover-,SHORT,4.4458,0.01,5,18.80,profit-monster-trail,EXTREME,,,1.11340000,1.0463445302676486,0.4535656547512125,7918.015,closed,f,2026-09-09 01:13:28.241174,2026-09-09 03:25:26.256538,"{""rsi_14"": 46.11, ""z_score"": 0.6332, ""is_stale"": false, ""macd_hist"": 0.00049752, ""macd_value"": -0.00109201, ""wave_phase"": ""falling"", ""bb_position"": 0.6583, ""macd_signal"": -0.00158952, ""z_score_tier"": ""neutral"", ""momentum_score"": 28.3, ""momentum_state"": ""rising"", ""price_at_signal"": 1.1211, ""speed_percentile"": 69.6, ""price_acceleration"": -0.0089}"
15716,IO,Hermes-pump-chain-,SHORT,0.4276,0.05,3,11.10,hard_sl,EXTREME,41.94,0.00060429,0.15669000,2.361350437168938,0.15955070521411718,7393.3223,closed,f,2026-09-28 21:00:30.124476,2026-09-28 23:03:43.446909,"{""rsi_14"": 66.67, ""z_score"": -1.0816, ""is_stale"": false, ""btc_score"": 26.4, ""macd_hist"": -0.00008252, ""btc_regime"": ""BEAR_TREND"", ""macd_value"": -0.00040803, ""wave_phase"": ""accelerating"", ""bb_position"": 0.2296, ""macd_signal"": -0.00032551, ""gap_at_entry"": -0.6593, ""volume_spike"": 0.39, ""z_score_tier"": ""low"", ""btc_trend_bias"": -0.414, ""momentum_score"": 38.7, ""momentum_state"": ""flat"", ""btc_linreg_bias"": -0.125, ""price_at_signal"": 0.15634, ""final_confidence"": 99, ""speed_percentile"": 90.7, ""staleness_minutes"": 2.25, ""price_acceleration"": 0.0266}"
15128,BANANA,Hermes-mover-,SHORT,0.7386,0.03,3,11.10,profit-monster-trail,NORMAL,,,4.02110000,0.48618537216184626,0.405361716943125,4134.4253,closed,f,2026-09-09 02:17:31.777864,2026-09-09 03:26:26.203008,"{""rsi_14"": 27.83, ""z_score"": -2.1551, ""is_stale"": false, ""macd_hist"": -0.00195774, ""macd_value"": -0.00146947, ""wave_phase"": ""accelerating"", ""bb_position"": -0.0388, ""macd_signal"": 0.00048827, ""z_score_tier"": ""extreme_low"", ""momentum_score"": 29.6, ""momentum_state"": ""falling"", ""price_at_signal"": 4.02365, ""speed_percentile"": 72.0, ""price_acceleration"": 0.0068}"
15892,CHIP,Hermes-bb-bounce-v2-long+,LONG,0.5726,0.02,3,11.10,profit-monster-trail,HIGH,58.62,0.00010357,0.04400700,0.4931033699184221,0.18860635807939646,,closed,f,2026-10-04 01:31:42.618695,2026-10-04 02:08:30.037827,"{""rsi_14"": 59.85, ""z_score"": 1.7267, ""is_stale"": true, ""btc_score"": 32.6, ""macd_hist"": 0.00001805, ""btc_regime"": ""TRANSITIONING"", ""macd_value"": 0.0000186, ""wave_phase"": ""decelerating"", ""bb_position"": 0.9317, ""macd_signal"": 0.00000055, ""gap_at_entry"": -0.1173, ""volume_spike"": 0.56, ""z_score_tier"": ""high"", ""btc_trend_bias"": -0.275, ""momentum_score"": 1.5, ""momentum_state"": ""rising"", ""btc_linreg_bias"": 0.0, ""price_at_signal"": 0.043986, ""final_confidence"": 92.0, ""speed_percentile"": 3.8, ""staleness_minutes"": 1.12, ""price_acceleration"": -0.0045}"
15129,ICP,Hermes-pump-chain-,SHORT,-6.2709,-0.14,5,11.10,atr_sl_hit,EXTREME,,,2.84650000,0.5814157737572457,1.2875461092569822,5002.6895,closed,f,2026-09-09 03:21:57.415269,2026-09-09 04:45:20.104691,"{""rsi_14"": 27.53, ""z_score"": -1.742, ""is_stale"": false, ""macd_hist"": -0.00056695, ""macd_value"": -0.00808425, ""wave_phase"": ""falling"", ""bb_position"": 0.0645, ""macd_signal"": -0.0075173, ""z_score_tier"": ""low"", ""momentum_score"": 3.2, ""momentum_state"": ""falling"", ""price_at_signal"": 2.84805, ""speed_percentile"": 8.0, ""price_acceleration"": -0.0068}"
15425,BIGTIME,Hermes-breakout-long+,LONG,-4.0559,-0.15,3,11.10,atr_sl_hit,EXTREME,,,0.00717600,0.18115942028985507,1.3517279821627648,5873.7637,closed,f,2026-09-16 00:07:30.250907,2026-09-16 01:45:24.01442,"{""rsi_14"": 64.71, ""z_score"": 2.8333, ""is_stale"": false, ""btc_score"": 21.3, ""macd_hist"": 0.00000456, ""btc_regime"": ""BEAR_TREND"", ""macd_value"": 0.00000853, ""wave_phase"": ""falling"", ""bb_position"": 1.2083, ""macd_signal"": 0.00000397, ""z_score_tier"": ""extreme_high"", ""btc_trend_bias"": -0.526, ""momentum_score"": 41.0, ""momentum_state"": ""rising"", ""btc_linreg_bias"": -0.25, ""price_at_signal"": 0.0072, ""speed_percentile"": 96.9, ""price_acceleration"": -0.0199}"
15717,WLFI,Hermes-doji-bottom-long,LONG,7.2354,0.16,5,11.10,profit-monster-trail,HIGH,20.92,0.00015900,0.05604400,1.9163514381557347,0,,closed,f,2026-09-28 22:02:25.833346,2026-09-29 00:25:21.102706,"{""rsi_14"": 33.33, ""z_score"": -1.8502, ""is_stale"": true, ""btc_score"": 2.1, ""macd_hist"": -0.00001211, ""btc_regime"": ""BEAR_TREND"", ""macd_value"": -0.00011721, ""wave_phase"": ""decelerating"", ""bb_position"": 0.0375, ""macd_signal"": -0.0001051, ""gap_at_entry"": -0.7114, ""volume_spike"": 1.76, ""z_score_tier"": ""low"", ""btc_trend_bias"": -0.953, ""momentum_score"": 0.2, ""momentum_state"": ""falling"", ""btc_linreg_bias"": -0.375, ""price_at_signal"": 0.056404, ""final_confidence"": 95.0, ""speed_percentile"": 0.6, ""staleness_minutes"": 1.16, ""price_acceleration"": -0.0034}"
15428,ETC,Hermes-pullback-entry-,SHORT,-6.9494,-0.28,5,19.90,atr_sl_hit,EXTREME,70.14,0.02012143,7.15890000,0.6970344606014891,1.3563536297475869,10291.099,closed,f,2026-09-16 01:30:56.028397,2026-09-16 04:22:27.127065,"{""rsi_14"": 40.0, ""z_score"": 1.5195, ""is_stale"": true, ""btc_score"": 69.0, ""macd_hist"": 0.0022895, ""btc_regime"": ""TRANSITIONING"", ""macd_value"": 0.00080698, ""wave_phase"": ""accelerating"", ""bb_position"": 0.8799, ""macd_signal"": -0.00148252, ""z_score_tier"": ""high"", ""btc_trend_bias"": 0.31, ""momentum_score"": 9.2, ""momentum_state"": ""flat"", ""btc_linreg_bias"": 0.0, ""price_at_signal"": 7.1662, ""speed_percentile"": 22.4, ""price_acceleration"": 0.0001}"
15424,SYRUP,Hermes-pullback-entry-,SHORT,6.7341,0.22,3,11.10,atr_sl_hit,EXTREME,60.47,0.00071536,0.19780000,3.4453993933265927,1.2108190091001012,69999.06,closed,f,2026-09-15 22:36:47.110899,2026-09-16 18:03:26.172949,"{""rsi_14"": 30.43, ""z_score"": 2.1238, ""is_stale"": false, ""btc_score"": 19.5, ""macd_hist"": 0.00017416, ""btc_regime"": ""TRANSITIONING"", ""macd_value"": -0.0000042, ""wave_phase"": ""accelerating"", ""bb_position"": 1.031, ""macd_signal"": -0.00017836, ""z_score_tier"": ""extreme_high"", ""btc_trend_bias"": -0.567, ""momentum_score"": 11.2, ""momentum_state"": ""rising"", ""btc_linreg_bias"": -0.375, ""price_at_signal"": 0.197455, ""speed_percentile"": 26.7, ""price_acceleration"": 0.003}"
15715,POL,Hermes-rs-s31,LONG,-1.8162,-0.20,5,11.10,hard_sl,EXTREME,36.08,0.00051429,0.11673000,0.28698706416516917,1.7090722179388305,4229.1606,closed,f,2026-09-28 20:48:02.607396,2026-09-28 21:58:31.767839,"{""rsi_14"": 48.2, ""z_score"": -2.1328, ""is_stale"": false, ""btc_score"": 45.2, ""macd_hist"": -0.00006562, ""btc_regime"": ""RANGING"", ""macd_value"": -0.00007518, ""wave_phase"": ""accelerating"", ""bb_position"": -0.0332, ""macd_signal"": -0.00000956, ""gap_at_entry"": 0.1909, ""volume_spike"": 0.22, ""z_score_tier"": ""extreme_low"", ""btc_trend_bias"": 0.0, ""momentum_score"": 15.8, ""momentum_state"": ""falling"", ""btc_linreg_bias"": 0.0, ""price_at_signal"": 0.11668, ""final_confidence"": 89.8, ""speed_percentile"": 36.6, ""staleness_minutes"": 0.98, ""price_acceleration"": 0.0174}"
15670,KAS,Hermes-pump-chain-,SHORT,0.8570,0.06,3,22.10,pump_exit_dead_money,HIGH,39.92,0.00013629,0.03955500,0.5030969536088991,0.3488813045127038,7731.115,closed,f,2026-09-24 06:06:35.126046,2026-09-24 08:15:26.241172,"{""rsi_14"": 61.64, ""z_score"": -1.0705, ""is_stale"": false, ""btc_score"": 19.0, ""macd_hist"": -0.00004419, ""btc_regime"": ""BEAR_TREND"", ""macd_value"": -0.00004561, ""wave_phase"": ""bottoming"", ""bb_position"": 0.2324, ""macd_signal"": -0.00000141, ""gap_at_entry"": 1.3042, ""z_score_tier"": ""low"", ""btc_trend_bias"": -0.577, ""momentum_score"": 26.4, ""momentum_state"": ""falling"", ""btc_linreg_bias"": -0.25, ""price_at_signal"": 0.039544, ""speed_percentile"": 64.0, ""staleness_minutes"": 5.64, ""price_acceleration"": 0.0073}"
15889,CRV,Hermes-volume-breakout-long+,LONG,-4.7604,-0.11,5,11.10,hard_max_loss,HIGH,55.70,0.00148571,0.38337000,0.4434358452669836,0.8555703367503992,8744.754,closed,f,2026-10-03 20:30:46.139234,2026-10-03 22:56:30.893001,"{""rsi_14"": 57.41, ""z_score"": 1.0815, ""is_stale"": false, ""btc_score"": 50.7, ""macd_hist"": 0.00012376, ""btc_regime"": ""RANGING"", ""macd_value"": -0.00032676, ""wave_phase"": ""falling"", ""bb_position"": 0.7704, ""macd_signal"": -0.00045052, ""gap_at_entry"": 0.8253, ""volume_spike"": 0.47, ""z_score_tier"": ""high"", ""btc_trend_bias"": 0.0, ""momentum_score"": 38.4, ""momentum_state"": ""rising"", ""btc_linreg_bias"": 0.0, ""price_at_signal"": 0.3835, ""final_confidence"": 99, ""speed_percentile"": 93.0, ""staleness_minutes"": 1.35, ""price_acceleration"": -0.0072}"
15890,IO,Hermes-pump-chain-,SHORT,-3.2297,-0.24,3,22.10,hard_max_loss,EXTREME,13.46,0.00072786,0.16720000,0.5143540669856458,1.136363636363644,7146.264,closed,f,2026-10-03 21:17:32.016568,2026-10-03 23:16:38.280701,"{""rsi_14"": 44.79, ""z_score"": -1.381, ""is_stale"": false, ""btc_score"": 14.5, ""macd_hist"": 0.00003149, ""btc_regime"": ""BEAR_TREND"", ""macd_value"": -0.00038254, ""wave_phase"": ""falling"", ""bb_position"": 0.1547, ""macd_signal"": -0.00041403, ""gap_at_entry"": 0.9554, ""volume_spike"": 0.09, ""z_score_tier"": ""low"", ""btc_trend_bias"": -0.678, ""momentum_score"": 37.5, ""momentum_state"": ""falling"", ""btc_linreg_bias"": -0.375, ""price_at_signal"": 0.16741, ""final_confidence"": 99, ""speed_percentile"": 91.1, ""staleness_minutes"": 1.27, ""price_acceleration"": -0.0013}"
15891,LDO,Hermes-bb-squeeze+,LONG,1.1078,0.05,5,22.10,profit-monster-trail,HIGH,100.00,0.00065214,0.46487000,0.810979413599501,0.5915632327317315,,closed,f,2026-10-03 21:20:33.424671,2026-10-04 00:10:42.903467,"{""rsi_14"": 73.29, ""z_score"": 2.6019, ""is_stale"": false, ""btc_score"": 9.6, ""macd_hist"": 0.0003163, ""btc_regime"": ""BEAR_TREND"", ""macd_value"": 0.00045429, ""wave_phase"": ""falling"", ""bb_position"": 1.1505, ""macd_signal"": 0.00013798, ""gap_at_entry"": 0.6114, ""volume_spike"": 0.65, ""z_score_tier"": ""extreme_high"", ""btc_trend_bias"": -0.787, ""momentum_score"": 23.7, ""momentum_state"": ""rising"", ""btc_linreg_bias"": -0.375, ""price_at_signal"": 0.46473, ""final_confidence"": 89.0, ""speed_percentile"": 58.2, ""staleness_minutes"": 1.22, ""price_acceleration"": -0.0035}"
15895,CHIP,Hermes-continuation+,LONG,-0.3170,-0.02,3,22.10,profit-monster-trail,HIGH,44.29,0.00019143,0.04486000,0.318769505127062,0.44360231832367364,,closed,f,2026-10-04 03:29:24.595539,2026-10-04 03:40:05.591161,"{""rsi_14"": 48.72, ""z_score"": 0.3819, ""is_stale"": false, ""btc_score"": 50.6, ""macd_hist"": -0.00001953, ""btc_regime"": ""RANGING_BULL"", ""macd_value"": -0.00001531, ""wave_phase"": ""bottoming"", ""bb_position"": 0.5955, ""macd_signal"": 0.00000423, ""gap_at_entry"": 0.8366, ""volume_spike"": 8.07, ""z_score_tier"": ""neutral"", ""btc_trend_bias"": 0.0, ""momentum_score"": 18.5, ""momentum_state"": ""flat"", ""btc_linreg_bias"": 0.125, ""price_at_signal"": 0.04455, ""final_confidence"": 99, ""speed_percentile"": 45.6, ""staleness_minutes"": 4.03, ""price_acceleration"": 0.0049}"
15426,DOT,Hermes-pullback-entry-,SHORT,-6.5331,-0.25,5,18.80,atr_sl_hit,EXTREME,64.22,0.00244357,0.94289000,0.5387691035009387,1.3320747913330293,15724.77,closed,f,2026-09-16 00:13:30.742345,2026-09-16 04:35:35.51184,"{""rsi_14"": 44.44, ""z_score"": -0.7572, ""is_stale"": true, ""btc_score"": 22.3, ""macd_hist"": 0.00012907, ""btc_regime"": ""TRANSITIONING"", ""macd_value"": -0.00076307, ""wave_phase"": ""falling"", ""bb_position"": 0.3107, ""macd_signal"": -0.00089214, ""z_score_tier"": ""neutral"", ""btc_trend_bias"": -0.505, ""momentum_score"": 11.8, ""momentum_state"": ""flat"", ""btc_linreg_bias"": -0.25, ""price_at_signal"": 0.944, ""speed_percentile"": 28.6, ""price_acceleration"": -0.0042}"
15123,APT,Hermes-pump-chain-,SHORT,0.3074,0.01,5,11.10,atr_sl_hit,EXTREME,,,0.65060000,1.414079311404857,1.029818628957885,21782.316,closed,f,2026-09-08 22:01:43.316713,2026-09-09 04:04:45.633811,"{""rsi_14"": 22.78, ""z_score"": -1.4208, ""is_stale"": false, ""macd_hist"": -0.00033538, ""macd_value"": -0.00097415, ""wave_phase"": ""accelerating"", ""bb_position"": 0.1448, ""macd_signal"": -0.00063877, ""z_score_tier"": ""low"", ""momentum_score"": 33.3, ""momentum_state"": ""falling"", ""price_at_signal"": 0.6479, ""speed_percentile"": 80.7, ""price_acceleration"": 0.0084}"
15718,CASHCAT,Hermes-pump-chain-,SHORT,1.6886,0.19,3,11.10,hard_sl,EXTREME,27.07,0.00110464,0.17885000,3.019289907743928,0.22924238188427254,2805.2031,closed,f,2026-09-29 00:16:23.849992,2026-09-29 01:03:09.053033,"{""rsi_14"": 65.98, ""z_score"": -2.2665, ""is_stale"": false, ""btc_score"": 29.4, ""macd_hist"": -0.00032173, ""btc_regime"": ""RANGING"", ""macd_value"": -0.00061463, ""wave_phase"": ""falling"", ""bb_position"": -0.0666, ""macd_signal"": -0.00029289, ""gap_at_entry"": -1.7927, ""volume_spike"": 1.14, ""z_score_tier"": ""extreme_low"", ""btc_trend_bias"": -0.346, ""momentum_score"": 44.2, ""momentum_state"": ""falling"", ""btc_linreg_bias"": 0.25, ""price_at_signal"": 0.178645, ""final_confidence"": 99, ""speed_percentile"": 99.4, ""staleness_minutes"": 4.06, ""price_acceleration"": -0.04}"
15429,IO,Hermes-pullback-entry-,SHORT,0.5403,0.02,3,11.10,atr_sl_hit,EXTREME,,,0.12215000,1.4735980352026197,0,2949.2197,closed,f,2026-09-16 01:31:12.072495,2026-09-16 02:20:21.292151,"{""rsi_14"": 44.44, ""z_score"": 1.7807, ""is_stale"": true, ""btc_score"": 69.0, ""macd_hist"": 0.00003242, ""btc_regime"": ""TRANSITIONING"", ""macd_value"": 0.00007647, ""wave_phase"": ""accelerating"", ""bb_position"": 0.9452, ""macd_signal"": 0.00004405, ""z_score_tier"": ""high"", ""btc_trend_bias"": 0.31, ""momentum_score"": 11.5, ""momentum_state"": ""rising"", ""btc_linreg_bias"": 0.0, ""price_at_signal"": 0.12213, ""speed_percentile"": 28.0, ""price_acceleration"": 0.0009}"
15720,LDO,Hermes-r2-trend-short5,SHORT,0.4958,0.01,5,11.10,profit-monster-trail,EXTREME,51.04,0.00100429,0.44371000,0.6107592797097203,0.5949832097541187,,closed,f,2026-09-29 00:30:32.45666,2026-09-29 01:03:34.28408,"{""rsi_14"": 47.83, ""z_score"": -1.2679, ""is_stale"": false, ""btc_score"": 11.3, ""macd_hist"": -0.00024485, ""btc_regime"": ""TRANSITIONING"", ""macd_value"": -0.00026601, ""wave_phase"": ""falling"", ""bb_position"": 0.183, ""macd_signal"": -0.00002116, ""gap_at_entry"": -0.0629, ""volume_spike"": 4.8, ""z_score_tier"": ""low"", ""btc_trend_bias"": -0.748, ""momentum_score"": 18.9, ""momentum_state"": ""falling"", ""btc_linreg_bias"": 0.0, ""price_at_signal"": 0.4414, ""final_confidence"": 90.0, ""speed_percentile"": 45.3, ""staleness_minutes"": 3.25, ""price_acceleration"": -0.0031}"
15673,FOGO,Hermes-pump-chain-,SHORT,-4.9992,-0.01,3,22.10,atr_sl_hit,EXTREME,21.51,0.00001843,0.00648100,0.9875019287147045,1.3578151519827186,3430.8289,closed,f,2026-09-24 08:13:49.984952,2026-09-24 09:11:00.813914,"{""rsi_14"": 100.0, ""z_score"": -1.4967, ""is_stale"": false, ""btc_score"": 100.0, ""macd_hist"": -0.00000196, ""btc_regime"": ""BULL_TREND"", ""macd_value"": -0.00000346, ""wave_phase"": ""accelerating"", ""bb_position"": 0.1258, ""macd_signal"": -0.00000149, ""gap_at_entry"": 0.3842, ""z_score_tier"": ""low"", ""btc_trend_bias"": 1.0, ""momentum_score"": 17.9, ""momentum_state"": ""flat"", ""btc_linreg_bias"": 0.375, ""price_at_signal"": 0.006511, ""speed_percentile"": 43.5, ""staleness_minutes"": 1.51, ""price_acceleration"": 0.0087}"
15432,LTC,Hermes-r2-trend-short3,SHORT,1.3859,0.06,5,19.90,profit-monster-trail,NORMAL,42.07,0.10525000,50.87000000,0.5700805976017299,0.17692156477295065,,closed,f,2026-09-16 08:14:26.670478,2026-09-16 11:00:59.346389,"{""rsi_14"": 25.0, ""z_score"": -1.0216, ""is_stale"": false, ""btc_score"": 6.2, ""macd_hist"": -0.0064139, ""btc_regime"": ""BEAR_TREND"", ""macd_value"": -0.04954048, ""wave_phase"": ""falling"", ""bb_position"": 0.2446, ""macd_signal"": -0.04312658, ""z_score_tier"": ""low"", ""btc_trend_bias"": -0.862, ""momentum_score"": 27.0, ""momentum_state"": ""flat"", ""btc_linreg_bias"": -0.25, ""price_at_signal"": 50.8985, ""speed_percentile"": 65.2, ""price_acceleration"": -0.0115}"
15719,ALGO,Hermes-pump-chain-,SHORT,1.9424,0.22,5,11.10,hard_sl,EXTREME,20.65,0.00103357,0.13643000,3.133475042146156,0.43978597082754317,4140.374,closed,f,2026-09-29 00:29:26.078549,2026-09-29 01:38:26.452433,"{""rsi_14"": 50.0, ""z_score"": -1.383, ""is_stale"": false, ""btc_score"": 13.6, ""macd_hist"": -0.00014709, ""btc_regime"": ""RANGING"", ""macd_value"": -0.00015104, ""wave_phase"": ""bottoming"", ""bb_position"": 0.1542, ""macd_signal"": -0.00000395, ""gap_at_entry"": 0.4936, ""volume_spike"": 14.54, ""z_score_tier"": ""low"", ""btc_trend_bias"": -0.697, ""momentum_score"": 14.3, ""momentum_state"": ""falling"", ""btc_linreg_bias"": 0.0, ""price_at_signal"": 0.13553, ""final_confidence"": 99, ""speed_percentile"": 34.2, ""staleness_minutes"": 1.22, ""price_acceleration"": 0.002}"
15896,BLUR,Hermes-bb-squeeze+,LONG,4.0446,0.30,3,22.10,profit-monster-trail,NORMAL,61.07,0.00004486,0.02155300,1.2388066626455714,0.19022873845868324,,closed,f,2026-10-04 03:42:37.644272,2026-10-04 04:11:19.048473,"{""rsi_14"": 63.45, ""z_score"": 2.105, ""is_stale"": true, ""btc_score"": 69.2, ""macd_hist"": 0.000006, ""btc_regime"": ""BULL_TREND"", ""macd_value"": 0.00004918, ""wave_phase"": ""accelerating"", ""bb_position"": 1.0263, ""macd_signal"": 0.00004318, ""gap_at_entry"": 0.8172, ""volume_spike"": 1.0, ""z_score_tier"": ""extreme_high"", ""btc_trend_bias"": 0.317, ""momentum_score"": 14.2, ""momentum_state"": ""rising"", ""btc_linreg_bias"": 0.125, ""price_at_signal"": 0.021571, ""final_confidence"": 89.0, ""speed_percentile"": 34.8, ""staleness_minutes"": 2.27, ""price_acceleration"": 0.0025}"
15436,SUPER,Hermes-pullback-entry-,SHORT,-4.2869,-0.16,3,11.10,atr_sl_hit,NORMAL,41.74,0.00012143,0.11127000,1.7300260627302957,1.6446481531410084,26058.277,closed,f,2026-09-16 13:37:29.799084,2026-09-16 20:51:48.076897,"{""rsi_14"": 50.0, ""z_score"": -1.6024, ""is_stale"": false, ""btc_score"": 1.4, ""macd_hist"": 0.00000488, ""btc_regime"": ""BEAR_TREND"", ""macd_value"": -0.00000323, ""wave_phase"": ""accelerating"", ""bb_position"": 0.0994, ""macd_signal"": -0.0000081, ""z_score_tier"": ""low"", ""btc_trend_bias"": -0.969, ""momentum_score"": 23.1, ""momentum_state"": ""falling"", ""btc_linreg_bias"": -0.25, ""price_at_signal"": 0.1115, ""speed_percentile"": 55.3, ""price_acceleration"": 0.0076}"
15121,IMX,Hermes-pump-chain+,LONG,-6.6395,-0.15,5,11.10,atr_sl_hit,HIGH,,,0.13254000,0.43005885015844275,1.3279010110155425,18228.85,closed,f,2026-09-08 21:12:30.790192,2026-09-09 02:16:19.640457,"{""rsi_14"": 78.03, ""z_score"": 1.2059, ""is_stale"": false, ""macd_hist"": 0.00004856, ""macd_value"": 0.0002195, ""wave_phase"": ""accelerating"", ""bb_position"": 0.8015, ""macd_signal"": 0.00017095, ""z_score_tier"": ""high"", ""momentum_score"": 30.2, ""momentum_state"": ""flat"", ""price_at_signal"": 0.13248, ""speed_percentile"": 73.3, ""price_acceleration"": 0.0112}"
15240,ARB,Hermes-accel-300-v4-short-,SHORT,-6.0724,-0.13,5,11.10,atr_sl_hit,EXTREME,,,0.13833000,0.09397816814863008,1.2578616352201257,3106.8728,closed,f,2026-09-11 11:08:40.932473,2026-09-11 12:00:27.805197,"{""z_score"": -4.142, ""is_stale"": false, ""macd_hist"": -0.00005296, ""macd_value"": -0.00026517, ""wave_phase"": ""accelerating"", ""bb_position"": -0.5355, ""macd_signal"": -0.00021221, ""z_score_tier"": ""extreme_low"", ""momentum_score"": 26.3, ""momentum_state"": ""falling"", ""price_at_signal"": 0.13886, ""speed_percentile"": 63.4, ""price_acceleration"": 0.0009}"
15750,WLD,Hermes-rs-s32,LONG,-0.5001,-0.01,5,11.10,profit-monster-trail,EXTREME,32.06,0.00570714,0.49993000,0.5320744904286601,0.14802072290120616,,closed,f,2026-09-29 15:28:25.66992,2026-09-29 15:36:57.115194,"{""rsi_14"": 55.51, ""z_score"": -1.4984, ""is_stale"": false, ""btc_score"": 0.0, ""macd_hist"": -0.00037402, ""btc_regime"": ""BEAR_TREND"", ""macd_value"": -0.00175926, ""wave_phase"": ""bottoming"", ""bb_position"": 0.1254, ""macd_signal"": -0.00138525, ""gap_at_entry"": 0.2661, ""volume_spike"": 0.22, ""z_score_tier"": ""low"", ""btc_trend_bias"": -1.0, ""momentum_score"": 31.8, ""momentum_state"": ""falling"", ""btc_linreg_bias"": -1.0, ""price_at_signal"": 0.50527, ""final_confidence"": 99, ""speed_percentile"": 77.0, ""staleness_minutes"": 0.98, ""price_acceleration"": 0.0028}"
15237,ATOM,Hermes-pullback-entry-,SHORT,5.9544,0.13,5,11.10,atr_sl_hit,HIGH,,,1.74660000,2.387495705942975,0.09160654986831558,5141.1084,closed,f,2026-09-11 10:27:34.461601,2026-09-11 11:53:15.569918,"{""z_score"": -1.44, ""is_stale"": true, ""macd_hist"": -0.00109542, ""macd_value"": -0.00117456, ""wave_phase"": ""falling"", ""bb_position"": 0.14, ""macd_signal"": -0.00007913, ""z_score_tier"": ""low"", ""momentum_score"": 4.0, ""momentum_state"": ""falling"", ""price_at_signal"": 1.7523, ""speed_percentile"": 9.9, ""price_acceleration"": -0.0017}"
15242,PONS,Hermes-mover+,LONG,0.7961,0.03,3,11.10,atr_sl_hit,EXTREME,,,0.59539000,1.3083860998673138,0,210.30116,closed,f,2026-09-11 12:27:13.150246,2026-09-11 12:30:43.451415,"{""z_score"": 1.4027, ""is_stale"": false, ""macd_hist"": 0.00057064, ""macd_value"": 0.00009295, ""wave_phase"": ""accelerating"", ""bb_position"": 0.8507, ""macd_signal"": -0.00047768, ""z_score_tier"": ""high"", ""momentum_score"": 44.2, ""momentum_state"": ""rising"", ""price_at_signal"": 0.596705, ""speed_percentile"": 98.1, ""price_acceleration"": 0.0376}"
15245,AIXBT,Hermes-pump-chain+,LONG,4.5877,0.17,3,11.10,atr_sl_hit,HIGH,,,0.02053300,2.9172551502459454,0.9594311595967467,4048.6848,closed,f,2026-09-11 13:02:06.965284,2026-09-11 14:09:35.650143,"{""z_score"": 1.3212, ""is_stale"": false, ""macd_hist"": -0.00002509, ""macd_value"": 0.00008624, ""wave_phase"": ""bottoming"", ""bb_position"": 0.8303, ""macd_signal"": 0.00011132, ""z_score_tier"": ""high"", ""momentum_score"": 14.4, ""momentum_state"": ""rising"", ""price_at_signal"": 0.020593, ""speed_percentile"": 34.2, ""price_acceleration"": 0.0189}"
15126,GRASS,Hermes-pump-chain+,LONG,30.8203,1.57,3,16.60,atr_sl_hit,EXTREME,,,0.33319000,11.569975089288395,0.3661574477025121,26512.82,closed,f,2026-09-09 00:08:31.076644,2026-09-09 07:30:23.897764,"{""rsi_14"": 58.36, ""z_score"": 0.985, ""is_stale"": false, ""macd_hist"": 0.00016373, ""macd_value"": 0.0003412, ""wave_phase"": ""falling"", ""bb_position"": 0.7463, ""macd_signal"": 0.00017748, ""z_score_tier"": ""neutral"", ""momentum_score"": 31.5, ""momentum_state"": ""rising"", ""price_at_signal"": 0.33294, ""speed_percentile"": 77.0, ""price_acceleration"": -0.0088}"
15133,BIGTIME,Hermes-pump-chain-,SHORT,-3.5995,-0.13,3,11.10,atr_sl_hit,HIGH,,,0.00725100,0.2758240242725141,1.3377465177216936,9709.431,closed,f,2026-09-09 05:36:28.41074,2026-09-09 08:18:17.841649,"{""rsi_14"": 6.45, ""z_score"": -2.3705, ""is_stale"": false, ""macd_hist"": -0.00000546, ""macd_value"": -0.00001136, ""wave_phase"": ""accelerating"", ""bb_position"": -0.0926, ""macd_signal"": -0.0000059, ""z_score_tier"": ""extreme_low"", ""momentum_score"": 38.3, ""momentum_state"": ""falling"", ""price_at_signal"": 0.007246, ""speed_percentile"": 91.3, ""price_acceleration"": 0.0196}"
15246,DOGE,Hermes-pump-chain+,LONG,-3.2294,-0.07,5,11.10,rr_engine_support_br,NORMAL,,,0.08500100,0.04588181315513935,0.6505805814049247,1613.0942,closed,f,2026-09-11 13:06:31.685015,2026-09-11 13:33:24.779262,"{""z_score"": -0.5595, ""is_stale"": false, ""macd_hist"": -0.00009452, ""macd_value"": 0.00020174, ""wave_phase"": ""bottoming"", ""bb_position"": 0.3601, ""macd_signal"": 0.00029627, ""z_score_tier"": ""neutral"", ""momentum_score"": 18.4, ""momentum_state"": ""falling"", ""price_at_signal"": 0.084841, ""speed_percentile"": 44.1, ""price_acceleration"": 0.001}"
15247,AVAX,Hermes-pump-chain-,SHORT,-8.1354,-0.18,5,11.10,rr_engine_resistance,HIGH,,,7.52270000,0.5476757015433289,1.813178778895875,1213.1461,closed,f,2026-09-11 13:30:28.515481,2026-09-11 13:50:41.661614,"{""z_score"": -1.029, ""is_stale"": false, ""macd_hist"": -0.00086354, ""macd_value"": -0.0120096, ""wave_phase"": ""accelerating"", ""bb_position"": 0.2427, ""macd_signal"": -0.01114606, ""z_score_tier"": ""low"", ""momentum_score"": 10.7, ""momentum_state"": ""falling"", ""price_at_signal"": 7.5147, ""speed_percentile"": 26.1, ""price_acceleration"": 0.0212}"
15749,SAGA,Hermes-rs-s150,LONG,0.2280,0.01,3,11.10,profit-monster-trail,EXTREME,27.87,0.00012571,0.02632000,0.8738601823708206,0.07598784194528875,,closed,f,2026-09-29 15:27:36.759687,2026-09-29 15:42:58.029083,"{""rsi_14"": 63.41, ""z_score"": -2.2533, ""is_stale"": false, ""btc_score"": 0.0, ""macd_hist"": -0.00003313, ""btc_regime"": ""BEAR_TREND"", ""macd_value"": -0.00003832, ""wave_phase"": ""bottoming"", ""bb_position"": -0.0633, ""macd_signal"": -0.0000052, ""gap_at_entry"": -0.3424, ""volume_spike"": 0.32, ""z_score_tier"": ""extreme_low"", ""btc_trend_bias"": -1.0, ""momentum_score"": 4.3, ""momentum_state"": ""falling"", ""btc_linreg_bias"": -1.0, ""price_at_signal"": 0.02638, ""final_confidence"": 99, ""speed_percentile"": 10.6, ""staleness_minutes"": 1.19, ""price_acceleration"": 0.0047}"
15130,NXPC,Hermes-ema300-dip-long,LONG,0.2077,0.01,3,11.10,atr_sl_hit,HIGH,,,0.21669000,1.3798514006183948,0.8099127786238405,13733.336,closed,f,2026-09-09 05:13:30.038684,2026-09-09 09:02:23.374866,"{""rsi_14"": 23.58, ""z_score"": -1.6348, ""is_stale"": false, ""macd_hist"": -0.00027016, ""macd_value"": -0.0004443, ""wave_phase"": ""accelerating"", ""bb_position"": 0.0913, ""macd_signal"": -0.00017414, ""z_score_tier"": ""low"", ""momentum_score"": 42.8, ""momentum_state"": ""falling"", ""price_at_signal"": 0.21672, ""speed_percentile"": 98.8, ""price_acceleration"": 0.0379}"
15139,WLFI,Hermes-pullback-entry-,SHORT,1.4683,0.03,5,11.10,atr_sl_hit,NORMAL,,,0.05584700,1.6616828119684137,0.17368882840618116,25727.727,closed,f,2026-09-09 09:37:31.124895,2026-09-09 16:46:18.851262,"{""rsi_14"": 51.83, ""z_score"": 1.2653, ""is_stale"": true, ""macd_hist"": 0.0000146, ""macd_value"": -0.00002089, ""wave_phase"": ""decelerating"", ""bb_position"": 0.8163, ""macd_signal"": -0.00003548, ""z_score_tier"": ""high"", ""momentum_score"": 1.5, ""momentum_state"": ""flat"", ""price_at_signal"": 0.055798, ""speed_percentile"": 3.7, ""price_acceleration"": -0.0024}"
15140,BANANA,Hermes-r2-trend-short3,SHORT,0.7763,0.03,3,11.10,profit-monster-trail,NORMAL,,,4.05760000,0.5372634069400631,0.035735410094637224,2066.635,closed,f,2026-09-09 09:47:25.984472,2026-09-09 10:21:52.619402,"{""rsi_14"": 33.12, ""z_score"": -1.3326, ""is_stale"": false, ""macd_hist"": 0.00009037, ""macd_value"": -0.00370924, ""wave_phase"": ""falling"", ""bb_position"": 0.1668, ""macd_signal"": -0.00379961, ""z_score_tier"": ""low"", ""momentum_score"": 39.6, ""momentum_state"": ""flat"", ""price_at_signal"": 4.05675, ""speed_percentile"": 94.4, ""price_acceleration"": -0.02}"
15136,BABY,Hermes-ema300-dip-long,LONG,-0.5593,-0.02,3,11.10,atr_sl_hit,HIGH,,,0.01126400,1.2428977272727273,0.24857954545454544,5759.189,closed,f,2026-09-09 08:22:21.260657,2026-09-09 09:58:20.449703,"{""rsi_14"": 37.72, ""z_score"": -0.8361, ""is_stale"": true, ""macd_hist"": -0.00000475, ""macd_value"": -0.00000216, ""wave_phase"": ""bottoming"", ""bb_position"": 0.291, ""macd_signal"": 0.00000259, ""z_score_tier"": ""neutral"", ""momentum_score"": 12.1, ""momentum_state"": ""flat"", ""price_at_signal"": 0.01127, ""speed_percentile"": 29.8, ""price_acceleration"": 0.0023}"
15229,APT,Hermes-pump-chain-,SHORT,-5.1085,-0.11,5,11.10,rr_engine_resistance,EXTREME,,,0.63620000,0.7387613957874882,1.100282929896259,2758.297,closed,f,2026-09-11 06:38:36.116062,2026-09-11 07:24:34.413061,"{""z_score"": -1.1857, ""is_stale"": false, ""macd_hist"": -0.00026565, ""macd_value"": -0.00136605, ""wave_phase"": ""accelerating"", ""bb_position"": 0.2036, ""macd_signal"": -0.0011004, ""z_score_tier"": ""low"", ""momentum_score"": 41.2, ""momentum_state"": ""flat"", ""price_at_signal"": 0.6367, ""speed_percentile"": 98.1, ""price_acceleration"": 0.018}"
15141,ETC,Hermes-pullback-entry-,SHORT,1.5159,0.03,5,11.10,atr_sl_hit,EXTREME,,,8.37760000,1.570855614973262,0.3115450725744843,5867.9473,closed,f,2026-09-09 09:59:30.129477,2026-09-09 11:37:18.076979,"{""rsi_14"": 31.08, ""z_score"": -3.244, ""is_stale"": true, ""macd_hist"": -0.00275385, ""macd_value"": -0.01136068, ""wave_phase"": ""falling"", ""bb_position"": -0.311, ""macd_signal"": -0.00860683, ""z_score_tier"": ""extreme_low"", ""momentum_score"": 10.1, ""momentum_state"": ""falling"", ""price_at_signal"": 8.4459, ""speed_percentile"": 24.8, ""price_acceleration"": -0.0031}"
15250,USUAL,Hermes-open-skies+,LONG,5.1546,0.19,3,11.10,atr_sl_hit,HIGH,,,0.01164000,3.006872852233677,0.8591065292096219,6122.695,closed,f,2026-09-11 14:03:21.874005,2026-09-11 15:45:24.569008,"{""z_score"": 1.6054, ""is_stale"": false, ""macd_hist"": 0.00002166, ""macd_value"": 0.00009315, ""wave_phase"": ""falling"", ""bb_position"": 0.9013, ""macd_signal"": 0.00007148, ""z_score_tier"": ""high"", ""momentum_score"": 18.2, ""momentum_state"": ""rising"", ""price_at_signal"": 0.01158, ""speed_percentile"": 38.5, ""price_acceleration"": -0.0214}"
15143,SYRUP,"Hermes-pullback-entry+,rs-s45",LONG,3.9896,0.15,3,11.10,atr_sl_hit,HIGH,,,0.22784000,2.681706460674157,0.625438904494382,12820.97,closed,f,2026-09-09 11:38:37.02831,2026-09-09 15:12:17.997689,"{""rsi_14"": 51.9, ""z_score"": 0.7056, ""is_stale"": false, ""macd_hist"": 0.00008493, ""macd_value"": 0.00040638, ""wave_phase"": ""accelerating"", ""bb_position"": 0.6764, ""macd_signal"": 0.00032146, ""z_score_tier"": ""neutral"", ""momentum_score"": 22.0, ""momentum_state"": ""flat"", ""price_at_signal"": 0.22725, ""speed_percentile"": 53.4, ""price_acceleration"": 0.0044}"
15431,CHIP,Hermes-pullback-entry-,SHORT,5.5233,0.31,3,16.60,atr_sl_hit,EXTREME,57.10,0.00016757,0.03769500,3.228544899854092,0.010611486934606711,22789.023,closed,f,2026-09-16 05:17:36.763546,2026-09-16 11:37:25.786617,"{""rsi_14"": 73.02, ""z_score"": 0.2815, ""is_stale"": false, ""btc_score"": 43.8, ""macd_hist"": 0.00000326, ""btc_regime"": ""TRANSITIONING"", ""macd_value"": -0.00003371, ""wave_phase"": ""accelerating"", ""bb_position"": 0.5704, ""macd_signal"": -0.00003697, ""z_score_tier"": ""neutral"", ""btc_trend_bias"": -0.026, ""momentum_score"": 25.4, ""momentum_state"": ""falling"", ""btc_linreg_bias"": 0.25, ""price_at_signal"": 0.037705, ""speed_percentile"": 62.1, ""price_acceleration"": 0.0058}"
15430,ADA,Hermes-mover-,SHORT,3.5986,0.08,5,11.10,profit-monster-trail,EXTREME,28.82,0.00052250,0.19452000,0.8353896771540201,0.7839810816368497,,closed,f,2026-09-16 05:06:35.354294,2026-09-16 08:13:51.74902,"{""rsi_14"": 50.0, ""z_score"": -2.0205, ""is_stale"": true, ""btc_score"": 19.7, ""macd_hist"": -0.0001316, ""btc_regime"": ""RANGING"", ""macd_value"": -0.00030615, ""wave_phase"": ""accelerating"", ""bb_position"": -0.0051, ""macd_signal"": -0.00017455, ""z_score_tier"": ""extreme_low"", ""btc_trend_bias"": -0.562, ""momentum_score"": 16.7, ""momentum_state"": ""falling"", ""btc_linreg_bias"": 0.25, ""price_at_signal"": 0.194695, ""speed_percentile"": 41.0, ""price_acceleration"": 0.0063}"
15723,IMX,Hermes-rs-r32,SHORT,0.7915,0.02,5,11.10,profit-monster-trail,EXTREME,85.09,0.00073143,0.17056000,0.7680581613508443,17.26078799249531,,closed,f,2026-09-29 04:24:06.331564,2026-09-29 05:25:17.401349,"{""rsi_14"": 57.69, ""z_score"": 1.4943, ""is_stale"": true, ""btc_score"": 60.0, ""macd_hist"": 0.00025244, ""btc_regime"": ""TRANSITIONING"", ""macd_value"": 0.00018323, ""wave_phase"": ""accelerating"", ""bb_position"": 0.8736, ""macd_signal"": -0.0000692, ""gap_at_entry"": 0.0848, ""volume_spike"": 0.02, ""z_score_tier"": ""high"", ""btc_trend_bias"": 0.111, ""momentum_score"": 1.7, ""momentum_state"": ""rising"", ""btc_linreg_bias"": 0.0, ""price_at_signal"": 0.17026, ""final_confidence"": 97.3, ""speed_percentile"": 4.3, ""staleness_minutes"": 1.17, ""price_acceleration"": 0.0034}"
15726,WLFI,Hermes-rs-s35,LONG,2.9772,0.07,5,11.10,profit-monster-trail,HIGH,47.43,0.00011050,0.05659700,1.1520045232079439,0.3763450359559694,,closed,f,2026-09-29 05:31:29.936218,2026-09-29 07:32:03.63344,"{""rsi_14"": 50.0, ""z_score"": 0.0424, ""is_stale"": false, ""btc_score"": 61.3, ""macd_hist"": 0.00000977, ""btc_regime"": ""RANGING_BULL"", ""macd_value"": 0.00005409, ""wave_phase"": ""falling"", ""bb_position"": 0.5106, ""macd_signal"": 0.00004432, ""gap_at_entry"": 0.1891, ""volume_spike"": 0.19, ""z_score_tier"": ""neutral"", ""btc_trend_bias"": 0.14, ""momentum_score"": 20.2, ""momentum_state"": ""falling"", ""btc_linreg_bias"": 0.25, ""price_at_signal"": 0.056649, ""final_confidence"": 99, ""speed_percentile"": 49.1, ""staleness_minutes"": 1.08, ""price_acceleration"": -0.008}"
15899,ALT,Hermes-bb-squeeze+,LONG,0.3769,0.01,3,11.10,profit-monster-trail,NORMAL,63.27,0.00001143,0.00796000,0.5276381909547738,0.38944723618090454,,closed,f,2026-10-04 06:21:32.840329,2026-10-04 07:33:31.17017,"{""rsi_14"": 70.59, ""z_score"": 3.6823, ""is_stale"": true, ""btc_score"": 67.4, ""macd_hist"": 0.00000192, ""btc_regime"": ""BULL_TREND"", ""macd_value"": 0.00000602, ""wave_phase"": ""falling"", ""bb_position"": 1.4206, ""macd_signal"": 0.0000041, ""gap_at_entry"": 0.4962, ""volume_spike"": 1.0, ""z_score_tier"": ""extreme_high"", ""btc_trend_bias"": 0.277, ""momentum_score"": 16.2, ""momentum_state"": ""rising"", ""btc_linreg_bias"": 0.25, ""price_at_signal"": 0.007964, ""final_confidence"": 89.0, ""speed_percentile"": 39.9, ""staleness_minutes"": 6.18, ""price_acceleration"": -0.0023}"
15729,ZRO,Hermes-rs-s36,LONG,4.7677,0.11,5,11.10,profit-monster-trail,EXTREME,53.80,0.01025357,1.55210000,1.8458862186714773,0.04187874492622898,,closed,f,2026-09-29 06:47:28.071551,2026-09-29 07:00:50.613214,"{""rsi_14"": 67.5, ""z_score"": 1.3963, ""is_stale"": false, ""btc_score"": 99.9, ""macd_hist"": -0.00013326, ""btc_regime"": ""BULL_TREND"", ""macd_value"": 0.0056996, ""wave_phase"": ""accelerating"", ""bb_position"": 0.8491, ""macd_signal"": 0.00583286, ""gap_at_entry"": 1.7568, ""volume_spike"": 0.2, ""z_score_tier"": ""high"", ""btc_trend_bias"": 0.999, ""momentum_score"": 17.4, ""momentum_state"": ""rising"", ""btc_linreg_bias"": 1.0, ""price_at_signal"": 1.55305, ""final_confidence"": 99, ""speed_percentile"": 42.2, ""staleness_minutes"": 0.99, ""price_acceleration"": 0.0141}"
15733,HYPE,Hermes-bb-bounce-v2-long+,LONG,0.7833,0.02,5,11.10,profit-monster-trail,NORMAL,28.15,0.17607143,88.08900000,0.6385587303749617,0.21398812564565384,,closed,f,2026-09-29 08:54:27.237171,2026-09-29 10:33:09.058961,"{""rsi_14"": 54.65, ""z_score"": -0.5077, ""is_stale"": true, ""btc_score"": 46.6, ""macd_hist"": -0.01247813, ""btc_regime"": ""TRANSITIONING"", ""macd_value"": -0.12775653, ""wave_phase"": ""falling"", ""bb_position"": 0.3731, ""macd_signal"": -0.1152784, ""gap_at_entry"": 0.3358, ""volume_spike"": 0.0, ""z_score_tier"": ""neutral"", ""btc_trend_bias"": 0.0, ""momentum_score"": 4.7, ""momentum_state"": ""flat"", ""btc_linreg_bias"": 0.125, ""price_at_signal"": 88.1275, ""final_confidence"": 97.0, ""speed_percentile"": 11.2, ""staleness_minutes"": 4.07, ""price_acceleration"": -0.0004}"
15734,ADA,Hermes-rs-s37,LONG,1.6070,0.04,5,11.10,profit-monster-trail,EXTREME,23.03,0.00077786,0.25203000,0.922509225092251,0.7538785065270007,,closed,f,2026-09-29 10:22:27.567578,2026-09-29 12:13:46.815085,"{""rsi_14"": 64.1, ""z_score"": -2.4728, ""is_stale"": true, ""btc_score"": 96.8, ""macd_hist"": -0.00015531, ""btc_regime"": ""BULL_TREND"", ""macd_value"": -0.00035956, ""wave_phase"": ""accelerating"", ""bb_position"": -0.1182, ""macd_signal"": -0.00020425, ""gap_at_entry"": 0.7497, ""volume_spike"": 0.02, ""z_score_tier"": ""extreme_low"", ""btc_trend_bias"": 0.929, ""momentum_score"": 14.3, ""momentum_state"": ""falling"", ""btc_linreg_bias"": 0.375, ""price_at_signal"": 0.25209, ""final_confidence"": 89.8, ""speed_percentile"": 34.8, ""staleness_minutes"": 2.12, ""price_acceleration"": 0.0086}"
15435,ME,Hermes-pullback-entry-,SHORT,-1.1944,-0.14,3,11.10,atr_sl_hit,NORMAL,48.28,0.00009143,0.06028000,1.3603185136031852,1.3271400132714002,26866.393,closed,f,2026-09-16 13:24:28.179568,2026-09-16 20:52:14.572212,"{""rsi_14"": 52.38, ""z_score"": 0.6019, ""is_stale"": false, ""btc_score"": 6.1, ""macd_hist"": 0.00000415, ""btc_regime"": ""BEAR_TREND"", ""macd_value"": -0.00003465, ""wave_phase"": ""accelerating"", ""bb_position"": 0.6505, ""macd_signal"": -0.0000388, ""z_score_tier"": ""neutral"", ""btc_trend_bias"": -0.865, ""momentum_score"": 18.6, ""momentum_state"": ""flat"", ""btc_linreg_bias"": -0.25, ""price_at_signal"": 0.06039, ""speed_percentile"": 44.7, ""price_acceleration"": 0.0027}"
15721,GOAT,"Hermes-rs-r33,rs-r34,rs-r35",SHORT,-1.7667,-0.20,3,11.10,hard_sl,HIGH,48.41,0.00006514,0.01867900,-0.016060816960220197,1.7827506825847206,1243.4369,closed,f,2026-09-29 01:33:50.810918,2026-09-29 01:54:34.2478,"{""rsi_14"": 53.88, ""z_score"": -0.8672, ""is_stale"": true, ""btc_score"": 0.0, ""macd_hist"": -0.00000175, ""btc_regime"": ""BEAR_TREND"", ""macd_value"": -0.00003279, ""wave_phase"": ""accelerating"", ""bb_position"": 0.2832, ""macd_signal"": -0.00003104, ""gap_at_entry"": 0.5339, ""volume_spike"": 0.17, ""z_score_tier"": ""neutral"", ""btc_trend_bias"": -1.0, ""momentum_score"": 6.7, ""momentum_state"": ""falling"", ""btc_linreg_bias"": -1.0, ""price_at_signal"": 0.018663, ""final_confidence"": 99, ""speed_percentile"": 16.1, ""staleness_minutes"": 1.41, ""price_acceleration"": 0.0014}"
15661,AZTEC,Hermes-pump-chain-,SHORT,-0.1166,0.00,3,11.10,pump_exit_momentum,EXTREME,39.20,0.00003736,0.01544000,0.7642487046632125,0.49222797927461137,1787.5146,closed,f,2026-09-24 01:56:31.274377,2026-09-24 02:26:18.788967,"{""rsi_14"": 51.13, ""z_score"": -1.0253, ""is_stale"": true, ""btc_score"": 4.0, ""macd_hist"": -0.00000941, ""btc_regime"": ""BEAR_TREND"", ""macd_value"": -0.00002023, ""wave_phase"": ""accelerating"", ""bb_position"": 0.2437, ""macd_signal"": -0.00001082, ""gap_at_entry"": 0.0905, ""z_score_tier"": ""low"", ""btc_trend_bias"": -0.912, ""momentum_score"": 2.0, ""momentum_state"": ""falling"", ""btc_linreg_bias"": -0.25, ""price_at_signal"": 0.015434, ""speed_percentile"": 5.0, ""staleness_minutes"": 2.22, ""price_acceleration"": 0.0041}"
15738,USUAL,Hermes-rs-s30,LONG,-1.0402,-0.04,3,11.10,profit-monster-trail,HIGH,50.00,0.00004071,0.01442000,0.4160887656033287,0.20804438280166435,,closed,f,2026-09-29 11:40:32.865745,2026-09-29 12:03:42.531644,"{""rsi_14"": 42.31, ""z_score"": -0.2727, ""is_stale"": true, ""btc_score"": 92.5, ""macd_hist"": 0.00000346, ""btc_regime"": ""TRANSITIONING"", ""macd_value"": 0.00000056, ""wave_phase"": ""accelerating"", ""bb_position"": 0.4318, ""macd_signal"": -0.00000291, ""gap_at_entry"": 0.3958, ""volume_spike"": 0.16, ""z_score_tier"": ""neutral"", ""btc_trend_bias"": 0.833, ""momentum_score"": 5.6, ""momentum_state"": ""flat"", ""btc_linreg_bias"": 0.0, ""price_at_signal"": 0.01442, ""final_confidence"": 99, ""speed_percentile"": 13.7, ""staleness_minutes"": 1.15, ""price_acceleration"": 0.0037}"
15740,ZEN,Hermes-rs-s30,LONG,-0.1205,0.00,5,11.10,profit-monster-trail,EXTREME,28.01,0.02797857,7.05460000,0.5485782326425311,0.046777988829983276,,closed,f,2026-09-29 12:14:51.206543,2026-09-29 12:20:49.862962,"{""rsi_14"": 36.44, ""z_score"": -1.8013, ""is_stale"": false, ""btc_score"": 81.8, ""macd_hist"": -0.00686075, ""btc_regime"": ""BULL_TREND"", ""macd_value"": -0.00546931, ""wave_phase"": ""accelerating"", ""bb_position"": 0.0497, ""macd_signal"": 0.00139143, ""gap_at_entry"": 1.2042, ""volume_spike"": 0.16, ""z_score_tier"": ""low"", ""btc_trend_bias"": 0.596, ""momentum_score"": 26.8, ""momentum_state"": ""falling"", ""btc_linreg_bias"": 0.375, ""price_at_signal"": 7.0503, ""final_confidence"": 89.8, ""speed_percentile"": 65.2, ""staleness_minutes"": 5.47, ""price_acceleration"": 0.0139}"
15552,LTC,Hermes-pullback-entry-,SHORT,3.7027,0.09,5,11.10,atr_sl_hit,HIGH,51.85,0.12739286,57.79600000,1.9369852584953977,0.5830853346252336,6867.814,closed,f,2026-09-20 01:28:15.335099,2026-09-20 03:22:43.149259,"{""rsi_14"": 50.0, ""z_score"": 0.4748, ""is_stale"": false, ""btc_score"": 15.2, ""macd_hist"": 0.01881983, ""btc_regime"": ""BEAR_TREND"", ""macd_value"": -0.02546882, ""wave_phase"": ""accelerating"", ""bb_position"": 0.6187, ""macd_signal"": -0.04428865, ""gap_at_entry"": 0.0991, ""z_score_tier"": ""neutral"", ""btc_trend_bias"": -0.663, ""momentum_score"": 27.2, ""momentum_state"": ""falling"", ""btc_linreg_bias"": -0.25, ""price_at_signal"": 57.9155, ""speed_percentile"": 66.5, ""staleness_minutes"": 1.47, ""price_acceleration"": 0.0031}"
15742,ZEN,Hermes-rs-s30,LONG,-1.8894,-0.04,5,11.10,profit-monster-trail,EXTREME,42.25,0.02641429,7.03910000,0.4077225781705048,0.3182225000355159,,closed,f,2026-09-29 12:27:27.625448,2026-09-29 12:42:55.692462,"{""rsi_14"": 36.44, ""z_score"": -1.2415, ""is_stale"": false, ""btc_score"": 54.2, ""macd_hist"": -0.00246085, ""btc_regime"": ""TRANSITIONING"", ""macd_value"": -0.01272913, ""wave_phase"": ""accelerating"", ""bb_position"": 0.1896, ""macd_signal"": -0.01026827, ""gap_at_entry"": 1.0875, ""volume_spike"": 0.5, ""z_score_tier"": ""low"", ""btc_trend_bias"": 0.0, ""momentum_score"": 20.8, ""momentum_state"": ""falling"", ""btc_linreg_bias"": 0.25, ""price_at_signal"": 7.0416, ""final_confidence"": 89.8, ""speed_percentile"": 50.9, ""staleness_minutes"": 6.04, ""price_acceleration"": 0.0061}"
15741,ADA,Hermes-rs-s39,LONG,0.8723,0.02,5,11.10,profit-monster-trail,EXTREME,28.11,0.00090857,0.25220000,0.6443298969072165,0.140761300555115,,closed,f,2026-09-29 12:21:31.947174,2026-09-29 12:49:00.789183,"{""rsi_14"": 40.74, ""z_score"": -0.9811, ""is_stale"": false, ""btc_score"": 99.4, ""macd_hist"": -0.00009543, ""btc_regime"": ""BULL_TREND"", ""macd_value"": -0.00028439, ""wave_phase"": ""bottoming"", ""bb_position"": 0.2547, ""macd_signal"": -0.00018896, ""gap_at_entry"": 0.4764, ""volume_spike"": 0.95, ""z_score_tier"": ""neutral"", ""btc_trend_bias"": 0.988, ""momentum_score"": 11.7, ""momentum_state"": ""flat"", ""btc_linreg_bias"": 0.375, ""price_at_signal"": 0.252615, ""final_confidence"": 89.8, ""speed_percentile"": 28.6, ""staleness_minutes"": 1.15, ""price_acceleration"": 0.0055}"
15744,KAS,Hermes-bb-bounce-v2-long+,LONG,-0.1705,-0.01,3,11.10,profit-monster-trail,HIGH,53.62,0.00014821,0.04574300,0.4503421288503159,0.11586472247119778,,closed,f,2026-09-29 12:59:29.025687,2026-09-29 13:16:07.445996,"{""rsi_14"": 61.64, ""z_score"": 0.1392, ""is_stale"": false, ""btc_score"": 83.9, ""macd_hist"": 0.00002341, ""btc_regime"": ""TRANSITIONING"", ""macd_value"": -0.00007114, ""wave_phase"": ""falling"", ""bb_position"": 0.5348, ""macd_signal"": -0.00009455, ""gap_at_entry"": -1.0075, ""volume_spike"": 1.0, ""z_score_tier"": ""neutral"", ""btc_trend_bias"": 0.642, ""momentum_score"": 38.5, ""momentum_state"": ""rising"", ""btc_linreg_bias"": 0.25, ""price_at_signal"": 0.045761, ""final_confidence"": 87.0, ""speed_percentile"": 89.4, ""staleness_minutes"": 3.1, ""price_acceleration"": -0.0352}"
15384,ACE,"Hermes-breakout-long+,rs-s42",LONG,-3.9422,-0.18,3,19.90,atr_sl_hit,HIGH,,,0.15220000,0,1.2483574244415243,2591.8174,closed,f,2026-09-14 12:13:07.806985,2026-09-14 12:56:19.624448,"{""rsi_14"": 73.33, ""z_score"": -0.8953, ""is_stale"": false, ""btc_score"": 47.5, ""macd_hist"": -0.00013084, ""btc_regime"": ""TRANSITIONING"", ""macd_value"": 0.00024677, ""wave_phase"": ""accelerating"", ""bb_position"": 0.2762, ""macd_signal"": 0.00037761, ""z_score_tier"": ""neutral"", ""btc_trend_bias"": 0.0, ""momentum_score"": 27.6, ""momentum_state"": ""falling"", ""btc_linreg_bias"": -0.25, ""price_at_signal"": 0.1512, ""speed_percentile"": 67.7, ""price_acceleration"": 0.0147}"
15722,AVAX,Hermes-mover-,SHORT,-9.2940,-0.21,5,11.10,hard_sl,EXTREME,17.77,0.04017857,10.38300000,0.048155639025320295,1.80583646344987,4590.2437,closed,f,2026-09-29 04:09:32.37354,2026-09-29 05:26:02.617033,"{""rsi_14"": 68.1, ""z_score"": -2.5127, ""is_stale"": false, ""btc_score"": 32.9, ""macd_hist"": -0.00759696, ""btc_regime"": ""RANGING"", ""macd_value"": -0.01702059, ""wave_phase"": ""accelerating"", ""bb_position"": -0.1282, ""macd_signal"": -0.00942363, ""gap_at_entry"": -1.1906, ""volume_spike"": 0.01, ""z_score_tier"": ""extreme_low"", ""btc_trend_bias"": -0.269, ""momentum_score"": 31.5, ""momentum_state"": ""falling"", ""btc_linreg_bias"": 0.0, ""price_at_signal"": 10.36, ""final_confidence"": 99, ""speed_percentile"": 75.8, ""staleness_minutes"": 3.22, ""price_acceleration"": 0.0152}"
15419,ZEN,Hermes-breakout-long+,LONG,-8.8414,-0.20,5,11.10,atr_sl_hit,HIGH,,,6.37910000,0.006270477026539794,1.765139282970952,1583.2036,closed,f,2026-09-15 17:51:56.900706,2026-09-15 18:18:20.104274,"{""rsi_14"": 49.4, ""z_score"": 1.09, ""is_stale"": false, ""btc_score"": 98.6, ""macd_hist"": 0.00155361, ""btc_regime"": ""BULL_TREND"", ""macd_value"": 0.03145326, ""wave_phase"": ""falling"", ""bb_position"": 0.7725, ""macd_signal"": 0.02989965, ""z_score_tier"": ""high"", ""btc_trend_bias"": 0.969, ""momentum_score"": 33.9, ""momentum_state"": ""rising"", ""btc_linreg_bias"": 0.375, ""price_at_signal"": 6.378, ""speed_percentile"": 81.4, ""price_acceleration"": -0.014}"
15900,BLUR,Hermes-bb-squeeze+,LONG,2.5841,0.19,3,22.10,profit-monster-trail,NORMAL,83.13,0.00005721,0.02201500,1.1310470133999546,0.06359300476947535,,closed,f,2026-10-04 07:05:35.712347,2026-10-04 07:12:24.220563,"{""rsi_14"": 48.8, ""z_score"": 3.5943, ""is_stale"": true, ""btc_score"": 73.6, ""macd_hist"": 0.0000183, ""btc_regime"": ""BULL_TREND"", ""macd_value"": 0.00001987, ""wave_phase"": ""accelerating"", ""bb_position"": 1.3986, ""macd_signal"": 0.00000157, ""gap_at_entry"": 1.3584, ""volume_spike"": 0.05, ""z_score_tier"": ""extreme_high"", ""btc_trend_bias"": 0.414, ""momentum_score"": 24.9, ""momentum_state"": ""rising"", ""btc_linreg_bias"": 0.375, ""price_at_signal"": 0.021997, ""final_confidence"": 90.0, ""speed_percentile"": 61.4, ""staleness_minutes"": 1.2, ""price_acceleration"": 0.0026}"
15894,CHIP,Hermes-bb-squeeze+,LONG,0.9041,0.07,3,22.10,profit-monster-trail,HIGH,83.72,0.00008136,0.04448900,0.5372114455258603,0.08541437209197779,,closed,f,2026-10-04 02:46:28.263408,2026-10-04 02:54:48.139533,"{""rsi_14"": 90.62, ""z_score"": 3.1158, ""is_stale"": true, ""btc_score"": 60.5, ""macd_hist"": 0.00006308, ""btc_regime"": ""RANGING_BULL"", ""macd_value"": 0.0000911, ""wave_phase"": ""falling"", ""bb_position"": 1.279, ""macd_signal"": 0.00002801, ""gap_at_entry"": 1.2189, ""volume_spike"": 0.05, ""z_score_tier"": ""extreme_high"", ""btc_trend_bias"": 0.122, ""momentum_score"": 17.2, ""momentum_state"": ""rising"", ""btc_linreg_bias"": 0.25, ""price_at_signal"": 0.04458, ""final_confidence"": 99, ""speed_percentile"": 42.4, ""staleness_minutes"": 1.15, ""price_acceleration"": -0.0013}"
15725,GOAT,Hermes-pump-chain-,SHORT,-0.2492,-0.08,3,11.10,hard_sl,EXTREME,36.93,0.00006243,0.01894300,1.2511217864118729,1.7895792641081085,12395.665,closed,f,2026-09-29 05:00:25.424806,2026-09-29 08:27:01.090274,"{""rsi_14"": 53.88, ""z_score"": -0.7561, ""is_stale"": false, ""btc_score"": 48.8, ""macd_hist"": -0.00000344, ""btc_regime"": ""RANGING"", ""macd_value"": -0.00002543, ""wave_phase"": ""falling"", ""bb_position"": 0.311, ""macd_signal"": -0.00002199, ""gap_at_entry"": 0.482, ""volume_spike"": 0.41, ""z_score_tier"": ""neutral"", ""btc_trend_bias"": 0.0, ""momentum_score"": 24.1, ""momentum_state"": ""flat"", ""btc_linreg_bias"": 0.0, ""price_at_signal"": 0.018937, ""final_confidence"": 99, ""speed_percentile"": 58.4, ""staleness_minutes"": 4.2, ""price_acceleration"": -0.0082}"
15728,BABY,Hermes-pump-chain-,SHORT,-1.8432,-0.09,3,22.10,hard_sl,EXTREME,17.53,0.00005743,0.01323800,-0.0075540111799441015,1.7903006496449696,16505.842,closed,f,2026-09-29 05:46:24.472375,2026-09-29 10:21:30.313509,"{""rsi_14"": 50.0, ""z_score"": -0.936, ""is_stale"": false, ""btc_score"": 34.7, ""macd_hist"": -0.00000779, ""btc_regime"": ""RANGING"", ""macd_value"": -0.00002014, ""wave_phase"": ""falling"", ""bb_position"": 0.266, ""macd_signal"": -0.00001235, ""gap_at_entry"": 0.3541, ""volume_spike"": 0.68, ""z_score_tier"": ""neutral"", ""btc_trend_bias"": -0.229, ""momentum_score"": 29.4, ""momentum_state"": ""flat"", ""btc_linreg_bias"": 0.125, ""price_at_signal"": 0.01326, ""final_confidence"": 99, ""speed_percentile"": 70.8, ""staleness_minutes"": 2.2, ""price_acceleration"": -0.0058}"
15433,FIL,Hermes-pullback-entry-,SHORT,3.0334,0.34,5,11.10,hard_tp,HIGH,58.14,0.00234357,0.80635000,0.27903515842995896,0.2616729707943133,1426.2897,closed,f,2026-09-16 12:17:34.950131,2026-09-16 12:41:21.239796,"{""rsi_14"": 61.11, ""z_score"": -0.7353, ""is_stale"": true, ""btc_score"": 84.3, ""macd_hist"": -0.00005341, ""btc_regime"": ""TRANSITIONING"", ""macd_value"": -0.00090988, ""wave_phase"": ""falling"", ""bb_position"": 0.3162, ""macd_signal"": -0.00085647, ""z_score_tier"": ""neutral"", ""btc_trend_bias"": 0.651, ""momentum_score"": 22.7, ""momentum_state"": ""falling"", ""btc_linreg_bias"": 0.375, ""price_at_signal"": 0.80641, ""speed_percentile"": 55.9, ""price_acceleration"": -0.0053}"
15727,BLUR,Hermes-mover-,SHORT,-2.1053,-0.47,3,22.10,hard_sl,EXTREME,14.01,0.00004214,0.01922600,-0.05721418911890457,1.8724643711640447,1922.8462,closed,f,2026-09-29 05:37:27.477645,2026-09-29 06:09:30.323896,"{""rsi_14"": 100.0, ""z_score"": -2.6368, ""is_stale"": false, ""btc_score"": 35.7, ""macd_hist"": -0.00001872, ""btc_regime"": ""TRANSITIONING"", ""macd_value"": -0.0000132, ""wave_phase"": ""falling"", ""bb_position"": -0.1592, ""macd_signal"": 0.00000552, ""gap_at_entry"": -0.8207, ""volume_spike"": 0.0, ""z_score_tier"": ""extreme_low"", ""btc_trend_bias"": -0.207, ""momentum_score"": 15.6, ""momentum_state"": ""falling"", ""btc_linreg_bias"": 0.25, ""price_at_signal"": 0.019265, ""final_confidence"": 99, ""speed_percentile"": 37.3, ""staleness_minutes"": 2.19, ""price_acceleration"": -0.0082}"
15903,USELESS,Hermes-bb-squeeze+,LONG,-3.5497,-0.13,3,11.10,hard_max_loss,HIGH,86.33,0.00079750,0.24509000,0.19788649067688824,0.9792321188135025,822.9843,closed,f,2026-10-04 08:05:35.744841,2026-10-04 08:19:18.72914,"{""rsi_14"": 58.89, ""z_score"": 2.6982, ""is_stale"": false, ""btc_score"": 99.4, ""macd_hist"": 0.00034922, ""btc_regime"": ""BULL_TREND"", ""macd_value"": 0.00093276, ""wave_phase"": ""accelerating"", ""bb_position"": 1.1745, ""macd_signal"": 0.00058353, ""gap_at_entry"": 1.7546, ""volume_spike"": 0.33, ""z_score_tier"": ""extreme_high"", ""btc_trend_bias"": 0.986, ""momentum_score"": 39.0, ""momentum_state"": ""rising"", ""btc_linreg_bias"": 0.25, ""price_at_signal"": 0.24566, ""final_confidence"": 96.0, ""speed_percentile"": 94.3, ""staleness_minutes"": 1.05, ""price_acceleration"": 0.0139}"
15898,CHIP,Hermes-bb-squeeze+,LONG,-3.2529,-0.12,3,11.10,hard_max_loss,HIGH,61.54,0.00009421,0.04565200,0.19276263909577837,0.9769561026899042,8398.194,closed,f,2026-10-04 05:55:21.648264,2026-10-04 08:15:19.842791,"{""rsi_14"": 71.76, ""z_score"": 1.8473, ""is_stale"": true, ""btc_score"": 67.0, ""macd_hist"": 0.00001789, ""btc_regime"": ""BULL_TREND"", ""macd_value"": 0.00010086, ""wave_phase"": ""bottoming"", ""bb_position"": 0.9618, ""macd_signal"": 0.00008297, ""gap_at_entry"": 1.9739, ""volume_spike"": 1.0, ""z_score_tier"": ""high"", ""btc_trend_bias"": 0.267, ""momentum_score"": 10.8, ""momentum_state"": ""rising"", ""btc_linreg_bias"": 0.375, ""price_at_signal"": 0.045618, ""final_confidence"": 94.0, ""speed_percentile"": 26.6, ""staleness_minutes"": 1.11, ""price_acceleration"": 0.0036}"
15730,CC,Hermes-rs-s52,LONG,-1.8361,-0.20,3,11.10,hard_sl,EXTREME,74.89,0.00057036,0.13398000,-0.0037319002836074377,1.8137035378414597,5262.5522,closed,f,2026-09-29 07:25:27.429216,2026-09-29 08:53:09.981495,"{""rsi_14"": 32.62, ""z_score"": 1.5901, ""is_stale"": false, ""btc_score"": 75.2, ""macd_hist"": 0.00008271, ""btc_regime"": ""BULL_TREND"", ""macd_value"": 0.00025038, ""wave_phase"": ""accelerating"", ""bb_position"": 0.8975, ""macd_signal"": 0.00016767, ""gap_at_entry"": 0.484, ""volume_spike"": 1.28, ""z_score_tier"": ""high"", ""btc_trend_bias"": 0.449, ""momentum_score"": 10.8, ""momentum_state"": ""rising"", ""btc_linreg_bias"": 0.25, ""price_at_signal"": 0.132755, ""final_confidence"": 89.8, ""speed_percentile"": 25.5, ""staleness_minutes"": 1.09, ""price_acceleration"": 0.0019}"
15902,ALT,Hermes-bb-squeeze+,LONG,1.2422,0.05,3,11.10,profit-monster-trail,NORMAL,67.37,0.00001093,0.00797000,1.1543287327478042,0.27603513174404015,,closed,f,2026-10-04 07:34:28.76668,2026-10-04 08:32:51.416155,"{""rsi_14"": 66.67, ""z_score"": 1.8574, ""is_stale"": false, ""btc_score"": 30.1, ""macd_hist"": 0.00000334, ""btc_regime"": ""TRANSITIONING"", ""macd_value"": 0.00000899, ""wave_phase"": ""falling"", ""bb_position"": 0.9644, ""macd_signal"": 0.00000565, ""gap_at_entry"": 0.8552, ""volume_spike"": 1.08, ""z_score_tier"": ""high"", ""btc_trend_bias"": -0.331, ""momentum_score"": 25.5, ""momentum_state"": ""rising"", ""btc_linreg_bias"": 0.25, ""price_at_signal"": 0.00799, ""final_confidence"": 89.4, ""speed_percentile"": 62.7, ""staleness_minutes"": 4.0, ""price_acceleration"": -0.0035}"
15731,JUP,Hermes-volume-breakout-long+,LONG,0.7014,0.08,5,11.10,hard_sl,EXTREME,65.05,0.00127143,0.32790000,2.3985971332723253,1.1024702653248046,16884.809,closed,f,2026-09-29 07:44:45.870231,2026-09-29 12:26:10.678387,"{""rsi_14"": 62.5, ""z_score"": 2.1083, ""is_stale"": false, ""btc_score"": 93.3, ""macd_hist"": 0.00012292, ""btc_regime"": ""BULL_TREND"", ""macd_value"": 0.00023363, ""wave_phase"": ""falling"", ""bb_position"": 1.0271, ""macd_signal"": 0.00011071, ""gap_at_entry"": 1.3269, ""volume_spike"": 0.08, ""z_score_tier"": ""extreme_high"", ""btc_trend_bias"": 0.852, ""momentum_score"": 27.3, ""momentum_state"": ""rising"", ""btc_linreg_bias"": 0.25, ""price_at_signal"": 0.329, ""final_confidence"": 90.0, ""speed_percentile"": 65.8, ""staleness_minutes"": 4.38, ""price_acceleration"": -0.0033}"
15901,AIXBT,Hermes-bb-squeeze+,LONG,-2.9589,-0.11,3,11.10,hard_max_loss,NORMAL,66.24,0.00004843,0.02321800,-0.05599104143336689,0.7106555258850826,4229.3657,closed,f,2026-10-04 07:30:48.45633,2026-10-04 08:41:17.821829,"{""rsi_14"": 67.54, ""z_score"": 0.9886, ""is_stale"": true, ""btc_score"": 47.1, ""macd_hist"": 0.0000069, ""btc_regime"": ""RANGING"", ""macd_value"": 0.00007881, ""wave_phase"": ""falling"", ""bb_position"": 0.7472, ""macd_signal"": 0.00007191, ""gap_at_entry"": 1.3916, ""volume_spike"": 0.01, ""z_score_tier"": ""neutral"", ""btc_trend_bias"": 0.0, ""momentum_score"": 15.7, ""momentum_state"": ""rising"", ""btc_linreg_bias"": 0.25, ""price_at_signal"": 0.023191, ""final_confidence"": 89.0, ""speed_percentile"": 38.6, ""staleness_minutes"": 6.53, ""price_acceleration"": -0.0022}"
15434,ACE,Hermes-pullback-entry-,SHORT,-1.0121,-0.23,3,22.10,HL_CLOSED,HIGH,37.50,0.00056429,0.14820000,1.147098515519573,2.0242914979757103,27201.451,closed,f,2026-09-16 13:23:42.393209,2026-09-16 20:57:03.84415,"{""rsi_14"": 47.06, ""z_score"": -1.0982, ""is_stale"": true, ""btc_score"": 12.4, ""macd_hist"": -0.0000384, ""btc_regime"": ""BEAR_TREND"", ""macd_value"": -0.00034393, ""wave_phase"": ""accelerating"", ""bb_position"": 0.2255, ""macd_signal"": -0.00030553, ""z_score_tier"": ""low"", ""btc_trend_bias"": -0.724, ""momentum_score"": 5.7, ""momentum_state"": ""falling"", ""btc_linreg_bias"": -0.25, ""price_at_signal"": 0.1521, ""speed_percentile"": 13.7, ""price_acceleration"": 0.0031}"
15904,PURR,Hermes-bb-squeeze+,LONG,-4.6051,-0.13,3,11.10,atr_sl_hit,HIGH,58.56,0.00032429,0.17459000,0.10882639326421659,0.8190618019359568,5150.1636,closed,f,2026-10-04 08:11:30.218148,2026-10-04 09:37:20.381874,"{""rsi_14"": 51.13, ""z_score"": 1.7617, ""is_stale"": true, ""btc_score"": 100.0, ""macd_hist"": 0.00003454, ""btc_regime"": ""BULL_TREND"", ""macd_value"": 0.00039709, ""wave_phase"": ""accelerating"", ""bb_position"": 0.9404, ""macd_signal"": 0.00036255, ""gap_at_entry"": 1.3438, ""volume_spike"": 0.08, ""z_score_tier"": ""high"", ""btc_trend_bias"": 1.0, ""momentum_score"": 23.4, ""momentum_state"": ""rising"", ""btc_linreg_bias"": 0.375, ""price_at_signal"": 0.17423, ""final_confidence"": 90.0, ""speed_percentile"": 57.6, ""staleness_minutes"": 1.15, ""price_acceleration"": 0.0044}"
15427,SEI,Hermes-pullback-entry-,SHORT,-2.1750,-0.25,5,11.10,HARD_SL_FAILED,HIGH,85.17,0.00008136,0.04188500,1.8407544466992978,2.1606780470335516,69676.73,closed,f,2026-09-16 01:30:37.959385,2026-09-16 20:51:54.686201,"{""rsi_14"": 55.1, ""z_score"": 1.5747, ""is_stale"": false, ""btc_score"": 69.0, ""macd_hist"": 0.00001873, ""btc_regime"": ""TRANSITIONING"", ""macd_value"": 0.00003506, ""wave_phase"": ""accelerating"", ""bb_position"": 0.8937, ""macd_signal"": 0.00001633, ""z_score_tier"": ""high"", ""btc_trend_bias"": 0.31, ""momentum_score"": 19.5, ""momentum_state"": ""rising"", ""btc_linreg_bias"": 0.0, ""price_at_signal"": 0.04192, ""speed_percentile"": 47.8, ""price_acceleration"": 0.0014}"
15907,CFX,Hermes-bb-bounce-v3-long+,LONG,-5.8547,-0.26,5,22.10,hard_max_loss,NORMAL,30.81,0.00005636,0.05413100,0.029557924294770326,0.9994273152167885,21025.486,closed,f,2026-10-04 10:13:34.474626,2026-10-04 16:03:59.961874,"{""rsi_14"": 43.77, ""z_score"": -2.3537, ""is_stale"": false, ""btc_score"": 83.3, ""macd_hist"": -0.00001232, ""btc_regime"": ""BULL_TREND"", ""macd_value"": -0.00001908, ""wave_phase"": ""accelerating"", ""bb_position"": -0.0884, ""macd_signal"": -0.00000676, ""gap_at_entry"": -0.3807, ""volume_spike"": 0.01, ""z_score_tier"": ""extreme_low"", ""btc_trend_bias"": 0.63, ""momentum_score"": 31.3, ""momentum_state"": ""falling"", ""btc_linreg_bias"": 0.25, ""price_at_signal"": 0.054098, ""final_confidence"": 99, ""speed_percentile"": 76.6, ""staleness_minutes"": 1.06, ""price_acceleration"": 0.0062}"
15732,KAS,Hermes-rs-s57,LONG,-1.9171,-0.21,3,11.10,hard_sl,EXTREME,51.57,0.00014007,0.04694600,-0.002130106931370085,1.844672602564646,7609.3066,closed,f,2026-09-29 08:31:47.971211,2026-09-29 10:38:37.277752,"{""rsi_14"": 61.64, ""z_score"": 1.0089, ""is_stale"": false, ""btc_score"": 91.9, ""macd_hist"": -0.0000005, ""btc_regime"": ""BULL_TREND"", ""macd_value"": 0.00004983, ""wave_phase"": ""falling"", ""bb_position"": 0.7522, ""macd_signal"": 0.00005033, ""gap_at_entry"": 1.9621, ""volume_spike"": 0.54, ""z_score_tier"": ""high"", ""btc_trend_bias"": 0.821, ""momentum_score"": 30.1, ""momentum_state"": ""falling"", ""btc_linreg_bias"": 0.25, ""price_at_signal"": 0.047016, ""final_confidence"": 99, ""speed_percentile"": 72.0, ""staleness_minutes"": 4.39, ""price_acceleration"": -0.0033}"
15737,CHIP,Hermes-pump-chain-,SHORT,-1.8868,-0.21,3,11.10,hard_sl,EXTREME,13.61,0.00014621,0.04441300,0.09231531308400552,1.7517393555940848,3257.0737,closed,f,2026-09-29 10:39:29.060465,2026-09-29 11:33:46.134172,"{""rsi_14"": 57.47, ""z_score"": -2.0079, ""is_stale"": false, ""btc_score"": 78.0, ""macd_hist"": -0.00001977, ""btc_regime"": ""BULL_TREND"", ""macd_value"": -0.00006665, ""wave_phase"": ""accelerating"", ""bb_position"": -0.002, ""macd_signal"": -0.00004687, ""gap_at_entry"": 0.4729, ""volume_spike"": 0.71, ""z_score_tier"": ""extreme_low"", ""btc_trend_bias"": 0.511, ""momentum_score"": 6.3, ""momentum_state"": ""falling"", ""btc_linreg_bias"": 0.375, ""price_at_signal"": 0.044575, ""final_confidence"": 99, ""speed_percentile"": 15.5, ""staleness_minutes"": 6.92, ""price_acceleration"": 0.0075}"
15906,ME,Hermes-bb-bounce-v3-long+,LONG,-3.2008,-0.24,3,22.10,hard_max_loss,NORMAL,59.09,0.00010143,0.07782000,0.025700334104351227,0.9637625289128766,4921.2573,closed,f,2026-10-04 10:09:32.637419,2026-10-04 11:31:33.894523,"{""rsi_14"": 40.0, ""z_score"": 1.6479, ""is_stale"": true, ""btc_score"": 91.2, ""macd_hist"": 0.00001758, ""btc_regime"": ""BULL_TREND"", ""macd_value"": 0.00001424, ""wave_phase"": ""decelerating"", ""bb_position"": 0.912, ""macd_signal"": -0.00000334, ""gap_at_entry"": -0.1909, ""volume_spike"": 0.0, ""z_score_tier"": ""high"", ""btc_trend_bias"": 0.804, ""momentum_score"": 15.5, ""momentum_state"": ""rising"", ""btc_linreg_bias"": 0.25, ""price_at_signal"": 0.07787, ""final_confidence"": 99, ""speed_percentile"": 38.0, ""staleness_minutes"": 1.09, ""price_acceleration"": -0.0007}"
15905,SUSHI,Hermes-bb-bounce-v3-long+,LONG,-3.2396,-0.12,3,11.10,hard_max_loss,NORMAL,55.43,0.00037929,0.25651000,0.027289384429440948,0.9785193559705321,5759.136,closed,f,2026-10-04 10:05:29.195946,2026-10-04 11:41:28.332264,"{""rsi_14"": 61.86, ""z_score"": -0.7952, ""is_stale"": false, ""btc_score"": 86.1, ""macd_hist"": 0.00005635, ""btc_regime"": ""BULL_TREND"", ""macd_value"": -0.00003468, ""wave_phase"": ""accelerating"", ""bb_position"": 0.3012, ""macd_signal"": -0.00009103, ""gap_at_entry"": -0.3874, ""volume_spike"": 1.0, ""z_score_tier"": ""neutral"", ""btc_trend_bias"": 0.692, ""momentum_score"": 29.0, ""momentum_state"": ""flat"", ""btc_linreg_bias"": 0.375, ""price_at_signal"": 0.25631, ""final_confidence"": 99, ""speed_percentile"": 70.9, ""staleness_minutes"": 1.1, ""price_acceleration"": 0.0047}"
15735,CASHCAT,Hermes-pump-chain-,SHORT,-2.2714,-0.26,3,11.10,hard_sl,EXTREME,15.45,0.00075893,0.17566000,0.5208926334965269,2.0579528634862685,4339.072,closed,f,2026-09-29 10:26:30.526424,2026-09-29 11:38:49.598277,"{""rsi_14"": 65.98, ""z_score"": -1.6829, ""is_stale"": false, ""btc_score"": 96.6, ""macd_hist"": -0.00019616, ""btc_regime"": ""BULL_TREND"", ""macd_value"": -0.00051022, ""wave_phase"": ""bottoming"", ""bb_position"": 0.0793, ""macd_signal"": -0.00031406, ""gap_at_entry"": 0.0378, ""volume_spike"": 0.09, ""z_score_tier"": ""low"", ""btc_trend_bias"": 0.923, ""momentum_score"": 6.1, ""momentum_state"": ""falling"", ""btc_linreg_bias"": 0.375, ""price_at_signal"": 0.175385, ""final_confidence"": 99, ""speed_percentile"": 14.9, ""staleness_minutes"": 2.24, ""price_acceleration"": 0.0086}"
15908,DOT,Hermes-bb-bounce-v3-long+,LONG,0.9218,0.04,5,22.10,profit-monster-trail,NORMAL,59.79,0.00181786,1.19330000,0.5573,0.7165,,closed,f,2026-10-04 11:53:26.825646,2026-10-04 15:38:33.626227,"{""rsi_14"": 62.41, ""z_score"": 1.5514, ""is_stale"": false, ""btc_score"": 29.3, ""macd_hist"": 0.00051545, ""btc_regime"": ""RANGING"", ""macd_value"": 0.00063843, ""wave_phase"": ""accelerating"", ""bb_position"": 0.8879, ""macd_signal"": 0.00012298, ""gap_at_entry"": 0.3536, ""volume_spike"": 1.0, ""z_score_tier"": ""high"", ""btc_trend_bias"": -0.348, ""momentum_score"": 35.5, ""momentum_state"": ""rising"", ""btc_linreg_bias"": 0.125, ""price_at_signal"": 1.1941, ""final_confidence"": 99, ""speed_percentile"": 86.1, ""staleness_minutes"": 1.06, ""price_acceleration"": 0.0084}"
15909,SYRUP,Hermes-doji-bottom-long,LONG,-3.3395,-0.25,3,22.10,hard_max_loss,HIGH,61.91,0.00040643,0.25549000,0.09980821167169174,0.8865317624956034,3591.3906,closed,f,2026-10-04 12:13:41.386953,2026-10-04 13:13:32.777573,"{""rsi_14"": 54.05, ""z_score"": 2.5263, ""is_stale"": false, ""btc_score"": 93.4, ""macd_hist"": 0.00013471, ""btc_regime"": ""RANGING"", ""macd_value"": -0.00006045, ""wave_phase"": ""accelerating"", ""bb_position"": 1.1316, ""macd_signal"": -0.00019516, ""gap_at_entry"": -0.7407, ""volume_spike"": 2.67, ""z_score_tier"": ""extreme_high"", ""btc_trend_bias"": 0.853, ""momentum_score"": 39.7, ""momentum_state"": ""rising"", ""btc_linreg_bias"": 0.0, ""price_at_signal"": 0.254865, ""final_confidence"": 95.0, ""speed_percentile"": 95.6, ""staleness_minutes"": 1.44, ""price_acceleration"": 0.0106}"
15739,WLFI,Hermes-rs-s34,LONG,-1.9020,-0.21,5,11.10,hard_sl,NORMAL,59.70,0.00017143,0.05778100,0.001730672712485073,1.7047126217960915,12193.7295,closed,f,2026-09-29 12:04:47.967047,2026-09-29 15:28:01.696337,"{""rsi_14"": 60.0, ""z_score"": 2.8633, ""is_stale"": false, ""btc_score"": 93.6, ""macd_hist"": 0.00000951, ""btc_regime"": ""BULL_TREND"", ""macd_value"": 0.0000413, ""wave_phase"": ""accelerating"", ""bb_position"": 1.2158, ""macd_signal"": 0.00003179, ""gap_at_entry"": 0.619, ""volume_spike"": 0.14, ""z_score_tier"": ""extreme_high"", ""btc_trend_bias"": 0.857, ""momentum_score"": 22.9, ""momentum_state"": ""rising"", ""btc_linreg_bias"": 1.0, ""price_at_signal"": 0.057783, ""final_confidence"": 89.8, ""speed_percentile"": 55.9, ""staleness_minutes"": 2.35, ""price_acceleration"": 0.0069}"
15743,CASHCAT,Hermes-pump-chain-,SHORT,-2.1341,-0.42,3,19.90,hard_sl,EXTREME,33.42,0.00119179,0.18134000,1.1966471820888966,2.4318958861806537,2509.2224,closed,f,2026-09-29 12:37:39.926553,2026-09-29 13:19:29.149038,"{""rsi_14"": 65.98, ""z_score"": -1.6772, ""is_stale"": false, ""btc_score"": 43.4, ""macd_hist"": -0.00029004, ""btc_regime"": ""RANGING"", ""macd_value"": -0.00060853, ""wave_phase"": ""bottoming"", ""bb_position"": 0.0807, ""macd_signal"": -0.00031849, ""gap_at_entry"": 1.9184, ""volume_spike"": 0.43, ""z_score_tier"": ""low"", ""btc_trend_bias"": -0.035, ""momentum_score"": 24.9, ""momentum_state"": ""falling"", ""btc_linreg_bias"": 0.25, ""price_at_signal"": 0.18111, ""final_confidence"": 99, ""speed_percentile"": 60.9, ""staleness_minutes"": 3.4, ""price_acceleration"": 0.0219}"
15745,MNT,Hermes-rs-s44,LONG,-1.4182,-0.06,5,11.10,hard_sl,NORMAL,44.02,0.00107000,0.67271000,0.30622407872633833,1.4657133088552243,10991.681,closed,f,2026-09-29 13:04:27.448478,2026-09-29 16:07:39.128851,"{""rsi_14"": 53.75, ""z_score"": -0.9621, ""is_stale"": false, ""btc_score"": 70.4, ""macd_hist"": -0.00018423, ""btc_regime"": ""BULL_TREND"", ""macd_value"": 0.00018788, ""wave_phase"": ""falling"", ""bb_position"": 0.2595, ""macd_signal"": 0.00037211, ""gap_at_entry"": 0.7631, ""volume_spike"": 0.25, ""z_score_tier"": ""neutral"", ""btc_trend_bias"": 0.342, ""momentum_score"": 22.6, ""momentum_state"": ""flat"", ""btc_linreg_bias"": 0.25, ""price_at_signal"": 0.67322, ""final_confidence"": 89.8, ""speed_percentile"": 53.4, ""staleness_minutes"": 1.09, ""price_acceleration"": -0.0086}"
15746,ADA,"Hermes-rs-s47,rs-s53",LONG,-1.9428,-0.22,5,11.10,hard_sl,EXTREME,50.88,0.00086786,0.25324000,0.16585057652818508,1.8144842836834683,7062.714,closed,f,2026-09-29 13:17:06.817743,2026-09-29 15:14:49.531848,"{""rsi_14"": 46.15, ""z_score"": 0.3037, ""is_stale"": false, ""btc_score"": 80.6, ""macd_hist"": 0.00003238, ""btc_regime"": ""TRANSITIONING"", ""macd_value"": 0.0000195, ""wave_phase"": ""falling"", ""bb_position"": 0.5759, ""macd_signal"": -0.00001288, ""gap_at_entry"": 0.356, ""volume_spike"": 0.02, ""z_score_tier"": ""neutral"", ""btc_trend_bias"": 0.568, ""momentum_score"": 14.1, ""momentum_state"": ""falling"", ""btc_linreg_bias"": 0.25, ""price_at_signal"": 0.252745, ""final_confidence"": 98.8, ""speed_percentile"": 34.2, ""staleness_minutes"": 2.91, ""price_acceleration"": -0.0074}"
15747,USUAL,Hermes-rs-s129,LONG,-2.0733,-0.23,3,11.10,hard_sl,HIGH,45.45,0.00009286,0.01447000,-0.06910850034553968,1.6586040082930242,470.4274,closed,f,2026-09-29 15:17:07.715706,2026-09-29 15:24:58.143109,"{""rsi_14"": 81.82, ""z_score"": -1.5099, ""is_stale"": false, ""btc_score"": 11.0, ""macd_hist"": -0.00000915, ""btc_regime"": ""BEAR_TREND"", ""macd_value"": 0.00001884, ""wave_phase"": ""accelerating"", ""bb_position"": 0.1225, ""macd_signal"": 0.00002799, ""gap_at_entry"": 1.1241, ""volume_spike"": 0.6, ""z_score_tier"": ""low"", ""btc_trend_bias"": -0.755, ""momentum_score"": 37.4, ""momentum_state"": ""flat"", ""btc_linreg_bias"": -0.375, ""price_at_signal"": 0.01447, ""final_confidence"": 99, ""speed_percentile"": 89.4, ""staleness_minutes"": 4.89, ""price_acceleration"": 0.0272}"
